rom_base	full_name	year	manufacturer
88games	'88 Games	1988	Konami
flagrall	'96 Flag Rally	1996	Promat?
99lstwarb	'99: The Last War (bootleg)	1985	bootleg
99lstwark	'99: The Last War (Kyugo)	1985	Crux / Kyugo
99lstwar	'99: The Last War (set 1)	1985	Crux / Proma
99lstwara	'99: The Last War (set 2)	1985	Crux / Proma
005	005	1981	Sega
10yard85	10-Yard Fight '85 (US, Taito license)	1985	Irem (Taito license)
10yardj	10-Yard Fight (Japan)	1983	Irem
10yard	10-Yard Fight (World, set 1)	1983	Irem
gtmro	1000 Miglia: Great 1000 Miles Rally (94/05/10)	1994	Kaneko
gtmrb	1000 Miglia: Great 1000 Miles Rally (94/05/26)	1994	Kaneko
gtmra	1000 Miglia: Great 1000 Miles Rally (94/06/13)	1994	Kaneko
gtmr	1000 Miglia: Great 1000 Miles Rally (Taiwan 94/07/18)	1994	Kaneko
119	119 (bootleg?)	1986	Coreland / Sega
cprogolf18	18 Challenge Pro Golf (DECO Cassette) (Japan)	1982	Data East Corporation
progolf	18 Holes Pro Golf (set 1)	1981	Data East Corporation
1941j	1941: Counter Attack (Japan)	1990	Capcom
1941u	1941: Counter Attack (USA 900227)	1990	Capcom
1941	1941: Counter Attack (World 900227)	1990	Capcom
1941r1	1941: Counter Attack (World)	1990	Capcom
1942c64	1942 (C64 Music)	2015	hack by Minwah
1942b	1942 (First Version)	1984	Capcom
1942a	1942 (Revision A)	1984	Capcom
1942abl	1942 (Revision A, bootleg)	1984	bootleg
1942	1942 (Revision B)	1984	Capcom
1942w	1942 (Williams Electronics license)	1985	Capcom (Williams Electronics license)
1943kai	1943 Kai: Midway Kaisen (Japan)	1987	Capcom
1943b	1943: Battle of Midway (bootleg, hack of Japan set, set 1)	1987	bootleg
1943b2	1943: Battle of Midway (bootleg, hack of Japan set, set 2)	1987	bootleg
1943bj	1943: Midway Kaisen (bootleg)	1987	bootleg
1943ja	1943: Midway Kaisen (Japan)	1987	Capcom
1943jah	1943: Midway Kaisen (Japan, no protection hack)	1987	Capcom
1943jaha	1943: Midway Kaisen (Japan, no protection hack, alt)	1987	Capcom
1943j	1943: Midway Kaisen (Japan, Rev B)	1987	Capcom
1943	1943: The Battle of Midway (Euro)	1987	Capcom
1943ua	1943: The Battle of Midway (US)	1987	Capcom
1943u	1943: The Battle of Midway (US, Rev C)	1987	Capcom
1943mii	1943: The Battle of Midway Mark II (US)	1987	Capcom
1944	1944: The Loop Master (Europe 000620)	2000	Eighting / Raizing (Capcom license)
1944j	1944: The Loop Master (Japan 000620)	2000	Eighting / Raizing (Capcom license)
1944ad	1944: The Loop Master (USA 000620 alt Phoenix Edition) (bootleg)	2000	bootleg
1944d	1944: The Loop Master (USA 000620 Phoenix Edition) (bootleg)	2000	bootleg
1944u	1944: The Loop Master (USA 000620)	2000	Eighting / Raizing (Capcom license)
bgareggabl	1945 Er Dai / 1945 Part-2 (Chinese hack of Battle Garegga)	1998	bootleg (Melody)
1945kiiin	1945k III (newer, OPCX1 PCB)	2000	Oriental Soft
1945kiii	1945k III (newer, OPCX2 PCB)	2000	Oriental Soft
1945kiiio	1945k III (older, OPCX1 PCB)	1999	Oriental Soft
1945kiiipt	1945k III (Promat license, OPCX1 PCB)	1999	Promat
spikes91	1991 Spikes (Italian bootleg, set 1)	1991	bootleg
spikes91b	1991 Spikes (Italian bootleg, set 2)	1991	bootleg
19xxar1	19XX: The War Against Destiny (Asia 951207)	1996	Capcom
19xxa	19XX: The War Against Destiny (Asia 960104)	1996	Capcom
19xxb	19XX: The War Against Destiny (Brazil 951218)	1996	Capcom
19xx	19XX: The War Against Destiny (Europe 960104)	1996	Capcom
19xxh	19XX: The War Against Destiny (Hispanic 951218)	1996	Capcom
19xxjr2	19XX: The War Against Destiny (Japan 951207)	1996	Capcom
19xxjr1	19XX: The War Against Destiny (Japan 951225)	1996	Capcom
19xxj	19XX: The War Against Destiny (Japan 960104, yellow case)	1996	Capcom
19xxd	19XX: The War Against Destiny (USA 951207 Phoenix Edition) (bootleg)	1996	bootleg
19xxu	19XX: The War Against Destiny (USA 951207)	1996	Capcom
19yyo	19YY (Neo CD conversion, ADK World)(Original release)	2022	hack
19yy	19YY (Neo CD conversion, ADK World)	2022	hack
2020bbcd	2020 Super Baseball (Neo CD conversion)	1991	hack
2020bb	2020 Super Baseball (set 1)	1991	SNK / Pallas
2020bba	2020 Super Baseball (set 2)	1991	SNK / Pallas
2020bbh	2020 Super Baseball (set 3)	1991	SNK / Pallas
test240p	240p Test Suite (v1.0)	2023	Artemio
3countb	3 Count Bout / Fire Suplex (NGM-043 ~ NGH-043)	1993	SNK
3countba	3 Count Bout / Fire Suplex (NGM-043)	1993	SNK
3on3dunk	3 On 3 Dunk Madness (US, prototype? 1997/02/04)	1996	Video System Co.
tceptor2	3-D Thunder Ceptor II	1986	Namco
3x3puzzl	3X3 Puzzle (Enterprise)	1998	Ace Enterprise
3x3puzzla	3X3 Puzzle (Normal)	1998	Ace Enterprise
4enraya	4 En Raya (set 1)	1990	IDSA
4enrayaa	4 En Raya (set 2)	1990	IDSA
4in1	4 Fun in 1	1981	Armenia / Food and Fun
4play	4 player input test	???	SNK
4dwarrio	4-D Warriors (315-5162)	1985	Coreland / Sega
600	600	1981	Konami
64streetj	64th. Street: A Detective Story (Japan, set 1)	1991	Jaleco
64streetja	64th. Street: A Detective Story (Japan, set 2)	1991	Jaleco
64street	64th. Street: A Detective Story (World)	1991	Jaleco
7ordi	7 Ordi (Korea)	2002	Yun Sung
720gr1	720 Degrees (German, rev 1)	1986	Atari Games
720g	720 Degrees (German, rev 2)	1986	Atari Games
720r1	720 Degrees (rev 1)	1986	Atari Games
720r2	720 Degrees (rev 2)	1986	Atari Games
720r3	720 Degrees (rev 3)	1986	Atari Games
720	720 Degrees (rev 4)	1986	Atari Games
800fatha	800 Fathoms (older)	1981	Amenip (US Billiards Inc. license)
800fath	800 Fathoms	1981	Amenip (US Billiards Inc. license)
ad2083	A. D. 2083	1983	Midcoin
abcopjd	A.B. Cop (Japan) (bootleg of FD1094 317-0169b set)	1990	bootleg
abcopj	A.B. Cop (Japan) (FD1094 317-0169b)	1990	Sega
abcopd	A.B. Cop (World) (bootleg of FD1094 317-0169b set)	1990	bootleg
abcop	A.B. Cop (World) (FD1094 317-0169b)	1990	Sega
abscam	Abscam	1981	GL (US Billiards license)
abyssali	Abyssal Infants (HB)	2021	Kako Eimon
aceattac	Ace Attacker (FD1094 317-0059)	1988	Sega
aceattaca	Ace Attacker (Japan, System 16A, FD1094 317-0060)	1988	Sega
acrobatm	Acrobat Mission	1991	UPL (Taito license)
dogfgtu	Acrobatic Dog-Fight (USA)	1985	Technos Japan (Data East USA license)
dogfgt	Acrobatic Dog-Fight	1984	Technos Japan
actfancrj	Act-Fancer Cybernetick Hyper Weapon (Japan revision 1)	1989	Data East Corporation
actfancr1	Act-Fancer Cybernetick Hyper Weapon (World revision 1)	1989	Data East Corporation
actfancr2	Act-Fancer Cybernetick Hyper Weapon (World revision 2)	1989	Data East Corporation
actfancr	Act-Fancer Cybernetick Hyper Weapon (World revision 3)	1989	Data East Corporation
afighter	Action Fighter (FD1089A 317-0018)	1986	Sega
afighterc	Action Fighter (FD1089B 317-unknown)	1986	Sega
afighterd	Action Fighter (FD1089B 317-unknown, analog controls)	1986	Sega
afighterh	Action Fighter (System 16B, FD1089A 317-0018)	1986	Sega
afighterg	Action Fighter (System 16B, FD1089B 317-unknown)	1986	Sega
afighterf	Action Fighter (System 16B, FD1089B 317-unknown, analog controls)	1986	Sega
afightere	Action Fighter (System 16B, unprotected, analog controls)	1986	Sega
afightera	Action Fighter (unprotected)	1986	Sega
afighterb	Action Fighter (unprotected, analog controls)	1986	Sega
actionhw	Action Hollywood	1995	TCH / Proyesel
adkw	ADK World (Neo CD conversion)	1995	Alpha Denshi Co.
adcanoe	Adventure Canoe	1982	Taito Corporation
hatena	Adventure Quiz 2 - Hatena? no Daibouken (Japan 900228)	1990	Capcom
cworld2j	Adventure Quiz Capcom World 2 (Japan 920611)	1992	Capcom
cworld2ja	Adventure Quiz Capcom World 2 (Japan 920611, B-Board 90629B-3, no battery)	1992	Capcom
cworld2jb	Adventure Quiz Capcom World 2 (Japan 920611, B-Board 91634B-2)	1992	Capcom
aerfboot	Aero Fighters (bootleg, set 1)	1992	bootleg
aerfboo2	Aero Fighters (bootleg, set 2)	1992	bootleg
aerofgtb	Aero Fighters (Taiwan / Japan, set 1)	1992	Video System Co.
aerofgtc	Aero Fighters (Taiwan / Japan, set 2)	1992	Video System Co.
aerofgt	Aero Fighters (World / USA + Canada / Korea / Hong Kong / Taiwan) (newer hardware)	1992	Video System Co.
sonicwi2	Aero Fighters 2 / Sonic Wings 2	1994	Video System Co.
sonicwi3	Aero Fighters 3 / Sonic Wings 3	1995	Video System Co.
aeroboto	Aeroboto	1984	Jaleco (Williams license)
aerolitos	Aerolitos (Spanish bootleg of Asteroids)	1980	bootleg (Rodmar Elec.)
aerolitol	Aerolitos Espaciales (Spanish bootleg of Asteroids)	1980	bootleg (Pasatiempos Laguna)
aburner2g	After Burner II (German)	1987	Sega
aburner2	After Burner II	1987	Sega
aburner	After Burner	1987	Sega
aoh	Age Of Heroes - Silkroad 2 (v0.63 - 2001/02/07)	2001	Unico
superbon	Agent Super Bond (Super Cobra conversion, encrypted)	1985	Signatron USA
agentx1	Agent X (prototype, rev 1)	1983	Atari
agentx2	Agent X (prototype, rev 2)	1983	Atari
agentx3	Agent X (prototype, rev 3)	1983	Atari
agentx4	Agent X (prototype, rev 4)	1983	Atari
aodk	Aggressors of Dark Kombat / Tsuukai GANGAN Koushinkyoku (ADM-008 ~ ADH-008)	1994	ADK / SNK
agressb	Agress - Missile Daisenryaku (English bootleg)	2003	bootleg
agress	Agress - Missile Daisenryaku (Japan)	1991	Palco
koshien	Ah Eikou no Koshien (Japan)	1990	Taito Corporation
airass	Air Assault (World)	1993	Irem
airattck	Air Attack (set 1)	1996	Comad
airattcka	Air Attack (set 2)	1996	Comad
airbustrb	Air Buster: Trouble Specialty Raid Unit (bootleg)	1990	bootleg
airbustrj	Air Buster: Trouble Specialty Raid Unit (Japan)	1990	Kaneko (Namco license)
airbustr	Air Buster: Trouble Specialty Raid Unit (World)	1990	Kaneko (Namco license)
airdueljm72	Air Duel (Japan, M72 hardware)	1990	Irem
airduelu	Air Duel (US location test, M82 hardware)	1990	Irem America
airduelm72	Air Duel (World, M72 hardware)	1990	Irem
airduel	Air Duel (World, M82 hardware)	1990	Irem
agallet	Air Gallet (Europe)	1996	Gazelle (Banpresto license)
agalleth	Air Gallet (Hong Kong)	1996	Gazelle (Banpresto license)
agalletk	Air Gallet (Korea)	1996	Gazelle (Banpresto license)
agalleta	Air Gallet (older, Europe)	1996	Gazelle (Banpresto license)
agalletah	Air Gallet (older, Hong Kong)	1996	Gazelle (Banpresto license)
agalletak	Air Gallet (older, Korea)	1996	Gazelle (Banpresto license)
agalletat	Air Gallet (older, Taiwan)	1996	Gazelle (Banpresto license)
agalletau	Air Gallet (older, USA)	1996	Gazelle (Banpresto license)
agallett	Air Gallet (Taiwan)	1996	Gazelle (Banpresto license)
agalletu	Air Gallet (USA)	1996	Gazelle (Banpresto license)
arescuej	Air Rescue (Japan)	1992	Sega
arescueu	Air Rescue (US)	1992	Sega
arescue	Air Rescue (World)	1992	Sega
airwolfa	Airwolf (US)	1987	Kyugo (United Amusements license)
airwolf	Airwolf	1987	Kyugo
ajaxj	Ajax (Japan)	1987	Konami
ajax	Ajax	1987	Konami
akatana	Akai Katana (2010/ 8/13 MASTER VER.)	2010	Cave
akazukin	Akazukin (Japan)	1983	Sigma
akkaarrh	Akka Arrh (prototype)	1982	Atari
akkanvdr	Akkanbeder (Ver 2.5J 1995/06/14)	1995	Taito Corporation
akumajoun	Akuma-Jou Dracula (Japan version N)	1988	Konami
akumajou	Akuma-Jou Dracula (Japan version P)	1988	Konami
agalletj	Akuu Gallet (Japan)	1996	Gazelle (Banpresto license)
agalletaj	Akuu Gallet (older, Japan)	1996	Gazelle (Banpresto license)
alcon	Alcon (US)	1986	Toaplan / Taito America Corp.
alexkidd1	Alex Kidd: The Lost Stars (set 1, FD1089A 317-0021)	1986	Sega
alexkidd	Alex Kidd: The Lost Stars (set 2, unprotected)	1986	Sega
alibaba	Ali Baba and 40 Thieves	1982	Sega
alienar	Alien Arena	1985	Duncan Brown
aa	Alien Armada	2003	David Widel
alienchac	Alien Challenge (China)	1994	IGS
aliencha	Alien Challenge (World)	1994	IGS
alinvade	Alien Invaders	198?	Forbes?
alienres	Alien Rescue (Homebrew, Test Build July 2019)	2019	MonstersGoBoom
aliensec	Alien Sector	1985	Namco
astormjd	Alien Storm (Japan, 2 Players) (bootleg of FD1094 317-0146 set)	1990	bootleg
astormj	Alien Storm (Japan, 2 Players) (FD1094 317-0146)	1990	Sega
astormud	Alien Storm (US, 3 Players) (bootleg of FD1094 317-0147 set)	1990	bootleg
astormu	Alien Storm (US, 3 Players) (FD1094 317-0147)	1990	Sega
astorm	Alien Storm (World, 2 Players) (FD1094 317-0154)	1990	Sega
astorm3d	Alien Storm (World, 3 Players) (bootleg of FD1094 317-0148 set)	1990	bootleg
astorm3	Alien Storm (World, 3 Players) (FD1094 317-0148)	1990	Sega
aliensynjo	Alien Syndrome (set 1, Japan, old, System 16A, FD1089A 317-0033)	1987	Sega
aliensyn2	Alien Syndrome (set 2, System 16A, FD1089A 317-0033)	1987	Sega
aliensyn3	Alien Syndrome (set 3, System 16B, FD1089A 317-0033)	1987	Sega
aliensyn	Alien Syndrome (set 4, System 16B, unprotected)	1987	Sega
aliensyn5	Alien Syndrome (set 5, System 16A, FD1089B 317-0037)	1987	Sega
aliensynj	Alien Syndrome (set 6, Japan, new, System 16B, FD1089A 317-0033)	1987	Sega
aliensyn7	Alien Syndrome (set 7, System 16B, MC-8123B 317-00xx)	1987	Sega
avspa	Alien vs. Predator (Asia 940520)	1994	Capcom
avspd	Alien vs. Predator (Europe 940520 Phoenix Edition) (bootleg)	1994	bootleg
avsp	Alien vs. Predator (Europe 940520)	1994	Capcom
avsph	Alien vs. Predator (Hispanic 940520)	1994	Capcom
avspj	Alien vs. Predator (Japan 940520)	1994	Capcom
avspu	Alien vs. Predator (USA 940520)	1994	Capcom
alien3j	Alien3: The Gun (Japan)	1993	Sega
alien3u	Alien3: The Gun (US, Rev A)	1993	Sega
alien3	Alien3: The Gun (World)	1993	Sega
aliensa	Aliens (Asia)	1990	Konami
aliensj	Aliens (Japan set 1)	1990	Konami
aliensj2	Aliens (Japan set 2)	1990	Konami
aliensu	Aliens (US, set 1)	1990	Konami
aliensu2	Aliens (US, set 2)	1990	Konami
aliens	Aliens (World set 1)	1990	Konami
aliens2	Aliens (World set 2)	1990	Konami
aliens3	Aliens (World set 3)	1990	Konami
aliens4	Aliens (World set 4)	1990	Konami
aligators	Alligator Hunt (Spain, protected, checksum 2B34128B)	1994	Gaelco
aligatoruna	Alligator Hunt (unprotected, checksum 25A83609)	1994	Gaelco
aligatorun	Alligator Hunt (unprotected, checksum F9C6891D)	1994	Gaelco
aligator	Alligator Hunt (World, protected, checksum 2B34128B)	1994	Gaelco
alpham2	Alpha Mission II / ASO II - Last Guardian (NGM-007 ~ NGH-007)	1991	SNK
alpham2p	Alpha Mission II / ASO II - Last Guardian (prototype)	1991	SNK
alphamis	Alpha Mission	1985	SNK
alphaone	Alpha One (prototype, 3 lives)	1983	Atari
alphaonea	Alpha One (prototype, 5 lives)	1983	Atari
alpha1v	Alpha One (Vision Electronics)	1988	Vision Electronics
alpine	Alpine Ski (set 1)	1982	Taito Corporation
alpinea	Alpine Ski (set 2)	1982	Taito Corporation
altbeast2	Altered Beast (set 2) (MC-8123B 317-0066)	1988	Sega
altbeast4	Altered Beast (set 4) (MC-8123B 317-0066)	1988	Sega
altbeast5d	Altered Beast (set 5) (bootleg of FD1094 317-0069 set)	1988	bootleg
altbeast5	Altered Beast (set 5) (FD1094 317-0069)	1988	Sega
altbeast6	Altered Beast (set 6) (8751 317-0076)	1988	Sega
altbeast	Altered Beast (set 8) (8751 317-0078)	1988	Sega
ambushh	Ambush (hack?)	1983	Tecfri
ambushj	Ambush (Japan)	1983	Tecfri (Nippon Amuse license)
ambushv	Ambush (Volt Electronics)	1983	Tecfri (Volt Electronics license)
ambush	Ambush	1983	Tecfri
anteaterg	Ameisenbaer (German)	1982	Tago Electronics (TV-Tuning license from Free Enterprise Games)
horshoes	American Horseshoes (US)	1990	Taito America Corporation
amspdwy	American Speedway (set 1)	1987	Enerdyne Technologies Inc.
amspdwya	American Speedway (set 2)	1987	Enerdyne Technologies Inc.
amidarb	Amidar (bootleg, set 1)	1982	bootleg
amidar1	Amidar (older)	1981	Konami
amidaro	Amidar (Olympia)	1982	Konami (Olympia license)
amidars	Amidar (Scramble hardware)	1982	Konami
amidaru	Amidar (Stern Electronics)	1982	Konami (Stern Electronics license)
amidar	Amidar	1982	Konami
amigo	Amigo (bootleg of Amidar, set 1)	1982	bootleg
androdun	Andro Dunos (NGM-049 ~ NGH-049)	1992	Visco
androidpo	Android (prototype, early build)	198?	Nasco
androidp	Android (prototype, later build)	1987	Nasco
angelkds	Angel Kids (Japan)	1988	Sega / Nasco?
cadanglr	Angler Dangler (DECO Cassette) (US)	1982	Data East Corporation
anteater	Anteater	1982	Tago Electronics
kovassg	Ao Shi San Guo (bootleg of Knights of Valour Super Heroes Plus, V202CN)	2008	bootleg
kovassge	Ao Shi San Guo (bootleg of Knights of Valour Super Heroes Plus, V202CN, encrypted)	2008	bootleg
kovassgn	Ao Shi San Guo (bootleg of Knights of Valour Super Heroes Plus, V202CN, encrypted, newer)	2008	bootleg
apbf	APB - All Points Bulletin (French)	1987	Atari Games
apbg	APB - All Points Bulletin (German)	1987	Atari Games
apb1	APB - All Points Bulletin (rev 1)	1987	Atari Games
apb2	APB - All Points Bulletin (rev 2)	1987	Atari Games
apb3	APB - All Points Bulletin (rev 3)	1987	Atari Games
apb4	APB - All Points Bulletin (rev 4)	1987	Atari Games
apb5	APB - All Points Bulletin (rev 5)	1987	Atari Games
apb6	APB - All Points Bulletin (rev 6)	1987	Atari Games
apb	APB - All Points Bulletin (rev 7)	1987	Atari Games
aponow	Apocaljpse Now (bootleg of Rescue)	1982	bootleg
appoooh	Appoooh	1984	Sanritsu / Sega
aquajackj	Aqua Jack (Japan)	1990	Taito Corporation
aquajacku	Aqua Jack (US)	1990	Taito America Corporation
aquajack	Aqua Jack (World)	1990	Taito Corporation Japan
aquariumj	Aquarium (Japan)	1996	Excellent System
aquarium	Aquarium (US)	1996	Excellent System
arabiana	Arabian (Atari)	1983	Sun Electronics (Atari license)
arabfgtj	Arabian Fight (Japan)	1991	Sega
arabfgtu	Arabian Fight (US)	1991	Sega
arabfgt	Arabian Fight (World)	1991	Sega
arabianmu	Arabian Magic (Ver 1.0A 1992/07/06)	1992	Taito America Corporation
arabianmj	Arabian Magic (Ver 1.0J 1992/07/06)	1992	Taito Corporation
arabianm	Arabian Magic (Ver 1.0O 1992/07/06)	1992	Taito Corporation Japan
arabian	Arabian	1983	Sun Electronics
aracnis	Aracnis (bootleg of Scorpion on Moon Cresta hardware, set 1)	19??	bootleg
arbalest	Arbalester	1989	Jordan I.S. / Seta
arcadecl	Arcade Classics (prototype)	1992	Atari Games
arcadian	Arcadia (NMK)	1994	NMK
archrivla	Arch Rivals (rev 2.0 5/03/89)	1989	Bally Midway
archrivlb	Arch Rivals (rev 2.0 5/03/89, 8-way joystick bootleg)	1989	bootleg
archrivl	Arch Rivals (rev 4.0 6/29/89)	1989	Bally Midway
area88r	Area 88 (Japan Resale Ver.)	1989	Daipro (Capcom license)
area88	Area 88 (Japan)	1989	Daipro (Capcom license)
lwingsja	Ares no Tsubasa (Japan, rev. A)	1986	Capcom
lwingsj	Ares no Tsubasa (Japan, rev. B)	1986	Capcom
argusg	Argus (Gottlieb, prototype)	1984	Gottlieb
rygarc	Argus no Senshi (Hack, Chinese)	1986	Tecmo
rygark	Argus no Senshi (Hack, Korean)	1986	Tecmo
rygarj	Argus no Senshi (Japan set 1)	1986	Tecmo
rygarj2	Argus no Senshi (Japan set 2)	1986	Tecmo
argus	Argus	1986	NMK (Jaleco license)
arian	Arian Mission	1985	SNK
arkarea	Ark Area	1988	UPL
arkaboot	Arkanoid (bootleg of version Japan, older)	1986	bootleg
arkgcbl	Arkanoid (bootleg on Block hardware, set 1)	1986	bootleg
arkgcbla	Arkanoid (bootleg on Block hardware, set 2)	1986	bootleg
arkanoidjbla	Arkanoid (bootleg with MCU, alt)	1986	bootleg
ark1ball	Arkanoid (bootleg with MCU, harder)	1986	bootleg
ark1balla	Arkanoid (bootleg with MCU, harder, alt)	1986	bootleg
arkanoidjbl	Arkanoid (bootleg with MCU, set 1)	1986	bootleg
arkanoidjbl2	Arkanoid (bootleg with MCU, set 2)	1986	bootleg (Beta)
arkangc	Arkanoid (Game Corporation bootleg, set 1)	1986	bootleg (Game Corporation)
arkangc2	Arkanoid (Game Corporation bootleg, set 2)	1986	bootleg (Game Corporation)
arkanoidja	Arkanoid (Japan, newer w/level select)	1986	Taito Corporation
arkanoidj	Arkanoid (Japan, newer)	1986	Taito Corporation
arkanoidjb	Arkanoid (Japan, older)	1986	Taito Corporation
arkanoidpe	Arkanoid (Phoenix Electronics Co. license)	1986	Taito Corporation (Phoenix Electronics Co. license)
arkatayt	Arkanoid (Tayto bootleg)	1986	bootleg (Tayto)
arktayt2	Arkanoid (Tayto bootleg, harder)	1986	bootleg (Tayto)
arkanoidu	Arkanoid (US, newer)	1986	Taito America Corporation (Romstar license)
arkanoiduo	Arkanoid (US, older)	1986	Taito America Corporation (Romstar license)
arkanoid	Arkanoid (World, older)	1986	Taito Corporation Japan
arknoid2b	Arkanoid - Revenge of DOH (Japan bootleg)	1987	bootleg
arknoid2j	Arkanoid - Revenge of DOH (Japan)	1987	Taito Corporation
arknoid2u	Arkanoid - Revenge of DOH (US)	1987	Taito America Corporation (Romstar license)
arknoid2	Arkanoid - Revenge of DOH (World)	1987	Taito Corporation Japan
arkretrnu	Arkanoid Returns (Ver 2.02A 1997/02/10)	1997	Taito Corporation
arkretrnj	Arkanoid Returns (Ver 2.02J 1997/02/10)	1997	Taito Corporation
arkretrn	Arkanoid Returns (Ver 2.02O 1997/02/10)	1997	Taito Corporation
arlingtna	Arlington Horse Racing (v1.21-D)	1991	Strata / Incredible Technologies
arlingtni	Arlington Horse Racing (v1.21-I)	1991	Strata / Incredible Technologies
arlingtn	Arlington Horse Racing (v1.40-D)	1991	Strata / Incredible Technologies
armchmp2o	Arm Champs II (ver 1.7)	1992	Jaleco
armchmp2o2	Arm Champs II (ver 2.6)	1992	Jaleco
armchmp2	Arm Champs II (ver 2.7)	1992	Jaleco
armwrest	Arm Wrestling	1985	Nintendo
armedff	Armed F (Fillmore license)	1988	Nichibutsu (Fillmore license)
armedf	Armed F (Japan)	1988	Nichibutsu
batriderc	Armed Police Batrider (China) (Fri Feb 13 1998)	1998	Raizing / Eighting
batrider	Armed Police Batrider (Europe) (Fri Feb 13 1998)	1998	Raizing / Eighting
batriderhk	Armed Police Batrider (Hong Kong) (Mon Dec 22 1997)	1998	Raizing / Eighting
batriderj	Armed Police Batrider (Japan, B version) (Fri Feb 13 1998)	1998	Raizing / Eighting
batriderja	Armed Police Batrider (Japan, older version) (Mon Dec 22 1997)	1998	Raizing / Eighting
batriderk	Armed Police Batrider (Korea) (Fri Feb 13 1998)	1998	Raizing / Eighting
batridert	Armed Police Batrider (Taiwan) (Mon Dec 22 1997)	1998	Raizing / Eighting
batrideru	Armed Police Batrider (USA) (Fri Feb 13 1998)	1998	Raizing / Eighting
armorcar	Armored Car (set 1)	1981	Stern Electronics
armorcar2	Armored Car (set 2)	1981	Stern Electronics
armwarar1	Armored Warriors (Asia 940920)	1994	Capcom
armwara	Armored Warriors (Asia 941024)	1994	Capcom
armwarb	Armored Warriors (Brazil 941024)	1994	Capcom
armwar1d	Armored Warriors (Europe 941011 Phoenix Edition) (bootleg)	1994	bootleg
armwarr1	Armored Warriors (Europe 941011)	1994	Capcom
armwar	Armored Warriors (Europe 941024)	1994	Capcom
armwaru1	Armored Warriors (USA 940920)	1994	Capcom
armwaru	Armored Warriors (USA 941024)	1994	Capcom
aof	Art of Fighting / Ryuuko no Ken (NGM-044 ~ NGH-044)	1992	SNK
aofbr	Art of Fighting / Ryuuko no Ken (Portuguese edition v1.0, Hack)	2016	hack (NeoGeo BR Team)
aof2bhs	Art of Fighting 2 / Ryuuko no Ken 2 (Boss With Simple Attack Edition, Hack)	2018	hack
aof2bh	Art of Fighting 2 / Ryuuko no Ken 2 (Enable hidden characters V2)	1994	Yumeji
aof2a	Art of Fighting 2 / Ryuuko no Ken 2 (NGH-056)	1994	SNK
aof2	Art of Fighting 2 / Ryuuko no Ken 2 (NGM-056)	1994	SNK
aof3k	Art of Fighting 3 - The Path of the Warrior (Korean release)	1996	SNK
aof3bh	Art of Fighting 3 - The Path of the Warrior / Art of Fighting - Ryuuko no Ken Gaiden (Enable Hidden Characters V2)	1996	Yumeji
aof3	Art of Fighting 3 - The Path of the Warrior / Art of Fighting - Ryuuko no Ken Gaiden	1996	SNK
ashnojoe	Ashita no Joe (Japan)	1990	Taito Corporation / Wave
ashuraj	Ashura Blaster (Japan)	1990	Taito Corporation
ashurau	Ashura Blaster (US)	1990	Taito America Corporation
ashura	Ashura Blaster (World)	1990	Taito Corporation Japan
aso	ASO - Armored Scrum Object	1985	SNK
assaultj	Assault (Japan)	1988	Namco
assault	Assault (Rev B)	1988	Namco
assaultp	Assault Plus (Japan)	1988	Namco
asterixaad	Asterix (ver AAD)	1992	Konami
asterixeaa	Asterix (ver EAA)	1992	Konami
asterixeac	Asterix (ver EAC)	1992	Konami
asterix	Asterix (ver EAD)	1992	Konami
asterixj	Asterix (ver JAD)	1992	Konami
asterock	Asterock (Sidam bootleg of Asteroids)	1979	bootleg (Sidam)
asterockv	Asterock (Videotron bootleg of Asteroids)	1979	bootleg (Videotron)
asteroidb1	Asteroids (bootleg on Lunar Lander hardware, set 1)	1979	bootleg
asteroidb2	Asteroids (bootleg on Lunar Lander hardware, set 2)	1979	bootleg
asteroid1	Asteroids (rev 1)	1979	Atari
asteroid2	Asteroids (rev 2)	1979	Atari
asteroid	Asteroids (rev 4)	1979	Atari
astdelux1	Asteroids Deluxe (rev 1)	1980	Atari
astdelux2	Asteroids Deluxe (rev 2)	1980	Atari
astdelux	Asteroids Deluxe (rev 3)	1980	Atari
astrians	Astrians (clone of Swarm)	1980	bootleg (BGV Ltd.)
astrobf	Astro Blaster (French)	1981	Sega
astrobg	Astro Blaster (German)	1981	Sega
astrob2h	Astro Blaster (version 2 Hack)	1981	Sega
astrob2	Astro Blaster (version 2)	1981	Sega
astrob2a	Astro Blaster (version 2a)	1981	Sega
astrob2b	Astro Blaster (version 2b)	1981	Sega
astrob	Astro Blaster (version 3)	1981	Sega
castfant	Astro Fantasia (DECO Cassette) (US)	1981	Data East Corporation
astrofl	Astro Flash (Japan)	1986	Sega
asukaja	Asuka & Asuka (Japan)	1988	Taito Corporation
asukaj	Asuka & Asuka (Japan, rev 1)	1988	Taito Corporation
asuka	Asuka & Asuka (World)	1988	Taito Corporation
asurabld	Asura Blade - Sword of Dynasty (Japan)	1998	Fuuki
asurabusjr	Asura Buster - Eternal Warriors (Japan) (ARCADIA review build)	2000	Fuuki
asurabusj	Asura Buster - Eternal Warriors (Japan, set 1)	2000	Fuuki
asurabusja	Asura Buster - Eternal Warriors (Japan, set 2)	2000	Fuuki
asurabus	Asura Buster - Eternal Warriors (USA)	2001	Fuuki
ataqandr	Ataque Androide - Moon Cresta (FAR S.A. Spanish bootleg)	1980?	bootleg (FAR S.A.)
asideral	Ataque Sideral (Spanish bootleg of UniWar S)	1980	bootleg (Electrogame S.A.)
athenab	Athena (bootleg)	1986	bootleg
atehate	Athena no Hatena?	1993	Athena
athena	Athena	1986	SNK
atlantol	Atlant Olimpic (Italian bootleg)	1996	bootleg
acitya	Atlantic City Action	1983	Epos Corporation
atombjt	Atom (bootleg of Bombjack Twin)	1993	bootleg (Kyon K.)
atomboya	Atomic Boy (revision A)	1985	Irem (Memetron license)
atomboy	Atomic Boy (revision B)	1985	Irem (Memetron license)
atomicp	Atomic Point (Korea)	1990	Philko
atompunk	Atomic Punk (US)	1991	Irem America (licensed from Hudson Soft)
robokidj3	Atomic Robo-kid (Japan)	1988	UPL
robokidj	Atomic Robo-kid (Japan, Type-2, set 1)	1988	UPL
robokidj2	Atomic Robo-kid (Japan, Type-2, set 2)	1988	UPL
robokid	Atomic Robo-kid (World, Type-2)	1988	UPL
chelnovj	Atomic Runner Chelnov (Japan)	1988	Data East Corporation
chelnovu	Atomic Runner Chelnov (US)	1988	Data East USA
chelnov	Atomic Runner Chelnov (World)	1988	Data East Corporation
attackf	Attack (bootleg of Defender)	1980	bootleg (Famaresa)
au	Au (location test)	1983	Tehkan
aurailjd	Aurail (set 1, Japan) (bootleg of FD1089A 317-0167 set)	1990	bootleg
aurailj	Aurail (set 1, Japan) (FD1089A 317-0167)	1990	Sega / Westone
aurail1d	Aurail (set 2, World) (bootleg of FD1089B 317-0168 set)	1990	bootleg
aurail1	Aurail (set 2, World) (FD1089B 317-0168)	1990	Sega / Westone
aurail	Aurail (set 3, US) (unprotected)	1990	Sega / Westone
avefenix	Ave Fenix (Electrogame, Spanish bootleg of Phoenix)	1980	bootleg (Video Game)
avefenixl	Ave Fenix (Laguna, Spanish bootleg of Phoenix)	1980	bootleg (Laguna)
avefenixrf	Ave Fenix (Recreativos Franco, Spanish bootleg of Phoenix)	1980	bootleg (Recreativos Franco S.A.)
avengersc	Avengers (US)	1987	Capcom
avengersb	Avengers (US, rev. A)	1987	Capcom
avengersa	Avengers (US, rev. C)	1987	Capcom
avengers	Avengers (US, rev. D)	1987	Capcom
avengrgsj	Avengers In Galactic Storm (Japan 1.2)	1995	Data East Corporation
avengrgsbh	Avengers In Galactic Storm (Playable Boss, Hack)	2022	hack
avengrgs	Avengers In Galactic Storm (US/Europe 1.0)	1995	Data East Corporation
avspirit	Avenging Spirit	1991	Jaleco
aztarac	Aztarac	1983	Centuri
azurian	Azurian Attack	1982	Rait Electronics Ltd
bwingsa	B-Wings (Alt Ver.?)	1984	Data East Corporation
bwings	B-Wings (Japan new Ver.)	1984	Data East Corporation
bwingso	B-Wings (Japan old Ver.)	1984	Data East Corporation
bonkadv	B.C. Kid (Europe) / Bonk's Adventure: Arcade Version (US, China, Korea) / Kyukyoku!! PC Genjin: Special Arcade Version (Japan)	1994	Kaneko (Hudson Soft / Red license)
bcstry	B.C. Story (set 1)	1997	SemiCom / Tirano
bcstrya	B.C. Story (set 2)	1997	SemiCom / Tirano
brapboys	B.Rap Boys (World)	1992	Kaneko
brapboyspj	B.Rap Boys Special (Japan)	1992	Kaneko
brapboyspu	B.Rap Boys Special (US)	1992	Kaneko
brapboysp	B.Rap Boys Special (World, newer)	1992	Kaneko
brapboysp2	B.Rap Boys Special (World, older)	1992	Kaneko
backfirt	Back Fire (Tecmo)	1988	Tecmo
backfirtb	Back Fire (Tecmo, bootleg)	1988	bootleg
bssoccer	Back Street Soccer (KRB-0031 PCB)	1996	SunA (Unico license)
bssoccera	Back Street Soccer (KRB-0032A PCB)	1996	SunA (Unico license)
backfire	Backfire! (Japan, set 1)	1995	Data East Corporation
backfirea	Backfire! (Japan, set 2)	1995	Data East Corporation
badapple	Bad Apple (HB, Tech-Demo)	2017	Hpman
bdudes	Bad Dudes - Burger Edition (Demo Version)	2025	Balek Corp
baddudes	Bad Dudes vs. Dragonninja (US, revision 1)	1988	Data East USA
badlands	Bad Lands	1989	Atari Games
bagmanm2	Bagman (bootleg on Moon Cresta hardware, set 2)	1984	bootleg (GIB)
bagmans3	Bagman (Stern Electronics, revision A3)	1982	Valadon Automation (Stern Electronics license)
bagmans4	Bagman (Stern Electronics, revision A4)	1982	Valadon Automation (Stern Electronics license)
bagmans	Bagman (Stern Electronics, revision A5)	1982	Valadon Automation (Stern Electronics license)
bagmanj	Bagman (Taito)	1982	Valadon Automation (Taito license)
bagman	Bagman	1982	Valadon Automation
bakatono	Bakatonosama Mahjong Manyuuki (MOM-002 ~ MOH-002)	1991	Monolith Corp.
bakubrkr	Bakuretsu Breaker (Japan)	1992	Kaneko
bkrtmaq	Bakuretsu Quiz Ma-Q Dai Bouken (Japan)	1992	Namco
bakutotu	Bakutotsu Kijuutei	1988	Namco
balcube	Bal Cube	1996	Metro
ballboy	Ball Boy (2 players)	2003	bootleg
ballboy3p	Ball Boy (3 players)	2004	bootleg
bace	Balloon Ace	2003	David Widel
ballbros	Balloon Brothers	1992	East Technology
baluba	Baluba-louk no Densetsu (Japan)	1986	Able Corp, Ltd.
banbam	BanBam	1984	Sun Electronics
bangball	Bang Bang Ball (v1.05)	1996	Banpresto / Kunihiko Tashiro+Goodhouse
b2b	Bang Bang Busters (2010 NCI release)	2010	Visco
b2b2	Bang Bang Busters 2 (HB, Demo 2)	2025	PixelHeart
bangbedp	Bang Bead (Prototype?)	2000	Visco
bangbead	Bang Bead	2000	Visco
bangb	Bang! (version 0, checksum B61D)	1998	Gaelco / Bit Managers
bang	Bang! (version 2, checksum 140E)	1998	Gaelco / Bit Managers
banga	Bang! (version 2, checksum D35D)	1998	Gaelco / Bit Managers
bankpt	Bank Panic (Tecfri bootleg)	1984	bootleg (Tecfri)
bankp	Bank Panic	1984	Sanritsu / Sega
baraduke	Baraduke	1985	Namco
baracuda	Barracuda	1981	hack (Coinex)
baryon	Baryon - Future Assault (set 1)	1997	SemiCom / Tirano
baryona	Baryon - Future Assault (set 2)	1997	SemiCom / Tirano
bstars2	Baseball Stars 2	1992	SNK
bstarsh	Baseball Stars Professional (NGH-002)	1990	SNK
bstars	Baseball Stars Professional (NGM-002)	1990	SNK
basketbal	Basket Ball (8-way joystick bootleg of Arch Rivals)	1989	bootleg
batman2	Batman Part 2	1981	bootleg
batman	Batman	1991	Atari Games
batsugunb	Batsugun (Korean PCB)	1993	Toaplan
batsuguna	Batsugun (older, set 1)	1993	Toaplan
batsugunc	Batsugun (older, set 2)	1993	Toaplan
batsugunsp	Batsugun - Special Version	1993	Toaplan
batsugun	Batsugun	1993	Toaplan
battlntsj	Battlantis (Japan, version E)	1987	Konami
battlntsa	Battlantis (version F)	1987	Konami
battlnts	Battlantis (version G)	1987	Konami
bbakraidja	Battle Bakraid (Japan) (Wed Apr 7 1999)	1999	Eighting
bbakraidc	Battle Bakraid - Unlimited Version (China) (Tue Jun 8 1999)	1999	Eighting
bbakraidj	Battle Bakraid - Unlimited Version (Japan) (Tue Jun 8 1999)	1999	Eighting
bbakraid	Battle Bakraid - Unlimited Version (USA) (Tue Jun 8 1999)	1999	Eighting
batlballo	Battle Balls (Germany, earlier)	1995	Seibu Kaihatsu (Tuning license)
batlball	Battle Balls (Germany, newer)	1995	Seibu Kaihatsu (Tuning license)
batlballa	Battle Balls (Hong Kong)	1995	Seibu Kaihatsu (Metrotainment license)
batlballe	Battle Balls (Hong Kong, earlier)	1995	Seibu Kaihatsu (Metrotainment license)
batlballpt	Battle Balls (Portugal)	1995	Seibu Kaihatsu
batlballu	Battle Balls (US)	1995	Seibu Kaihatsu (Fabtek license)
batlbubl	Battle Bubble (v2.00)	1999	Banpresto (Limenko license?)
bchopper	Battle Chopper (World)	1987	Irem
batcira	Battle Circuit (Asia 970319)	1997	Capcom
batcird	Battle Circuit (Europe 970319 Phoenix Edition) (bootleg)	1997	bootleg
batcir	Battle Circuit (Europe 970319)	1997	Capcom
batcirj	Battle Circuit (Japan 970319)	1997	Capcom
battlex	Battle Cross	1982	Omori Electric Co., Ltd.
bcruzm12	Battle Cruiser M-12	1983	Sigma Enterprises Inc.
btlfieldb	Battle Field (bootleg)	1987	bootleg
btlfield	Battle Field (Japan)	1987	Alpha Denshi Co. (SNK license)
flipshot	Battle Flip Shot	1998	Visco
bgareggahk	Battle Garegga (Austria / Hong Kong) (Sat Feb 3 1996)	1996	Raizing / Eighting
bgaregga	Battle Garegga (Europe / USA / Japan / Asia) (Sat Feb 3 1996)	1996	Raizing / Eighting
bgareggablj	Battle Garegga (Japan, bootleg) (Sat Feb 3 1996)	1996	bootleg
bgareggak	Battle Garegga (Korea / Greece) (Wed Feb 7 1996)	1996	Raizing / Eighting
bgareggat	Battle Garegga (location test) (Wed Jan 17 1996)	1996	Raizing / Eighting
bgareggatw	Battle Garegga (Taiwan / Germany) (Thu Feb 1 1996)	1996	Raizing / Eighting
bgaregganv	Battle Garegga - New Version (Austria / Hong Kong) (Sat Mar 2 1996)	1996	Raizing / Eighting
bgareggacn	Battle Garegga - Type 2 (Denmark / China) (Tue Apr 2 1996)	1996	Raizing / Eighting
bgareggat2	Battle Garegga - Type 2 (Europe / USA / Japan / Asia) (Sat Mar 2 1996)	1996	Raizing / Eighting
bgareggaz	Battle Garegga Zakk version (Europe / USA / Japan / Asia) (Sat Feb 3 1996)	2019	Raizing / Eighting
btlkroadk	Battle K-Road (Korea)	1994	Psikyo
btlkroad	Battle K-Road	1994	Psikyo
battlane	Battle Lane! Vol. 5 (set 1)	1986	Technos Japan (Taito license)
battlane2	Battle Lane! Vol. 5 (set 2)	1986	Technos Japan (Taito license)
battlane3	Battle Lane! Vol. 5 (set 3)	1986	Technos Japan (Taito license)
atlantisb	Battle of Atlantis (bootleg)	1981	bootleg
atlantis	Battle of Atlantis (set 1)	1981	Comsoft
atlantis2	Battle of Atlantis (set 2)	1981	Comsoft
bsharkj	Battle Shark (Japan)	1989	Taito Corporation
bsharkjjs	Battle Shark (Japan, Joystick)	1989	Taito Corporation
bsharku	Battle Shark (US)	1989	Taito America Corporation
bsharkuo	Battle Shark (US, older)	1989	Taito America Corporation
bshark	Battle Shark (World)	1989	Taito Corporation Japan
batlzone	Battle Zone (bootleg of Mayday)	1980	bootleg (Video Game)
bzonec	Battle Zone (cocktail)	1980	Atari
bzonea	Battle Zone (rev 1)	1980	Atari
bzone	Battle Zone (rev 2)	1980	Atari
btoads	Battletoads	1994	Rare / Electronic Arts
bayroute1	Bay Route (set 1, US) (unprotected)	1989	Sunsoft / Sega
bayroutejd	Bay Route (set 2, Japan) (bootleg of FD1094 317-0115 set)	1989	bootleg
bayroutej	Bay Route (set 2, Japan) (FD1094 317-0115)	1989	Sunsoft / Sega
bayrouted	Bay Route (set 3, World) (bootleg of FD1094 317-0116 set)	1989	bootleg
bayroute	Bay Route (set 3, World) (FD1094 317-0116)	1989	Sunsoft / Sega
wbbc97	Beach Festival World Championship 1997	1997	Comad
bbustersja	Beast Busters (Japan, Version 2, 2 Player)	1989	SNK
bbustersj	Beast Busters (Japan, Version 2, 3 Player)	1989	SNK
bbustersua	Beast Busters (US, Version 2)	1989	SNK
bbustersu	Beast Busters (US, Version 3)	1989	SNK
bbusters	Beast Busters (World)	1989	SNK
beastfp	Beastie Feastie (Pac-Man conversion, set 1)	1984	Epos Corporation
beastfpa	Beastie Feastie (Pac-Man conversion, set 2)	1984	Epos Corporation
blswhstla	Bells & Whistles (Asia, version M)	1991	Konami
blswhstl	Bells & Whistles (World, version L)	1991	Konami
benberob	Ben Bero Beh (Japan)	1984	Taito
bermudatj	Bermuda Triangle (Japan)	1987	SNK
bermudata	Bermuda Triangle (World Wars) (US)	1987	SNK
bermudat	Bermuda Triangle (World?)	1987	SNK
berzerkf	Berzerk (French Speech, revision RC31)	1980	Stern Electronics
berzerkg	Berzerk (German Speech, revision RC32)	1980	Stern Electronics
berzerkb	Berzerk (revision RC28)	1980	Stern Electronics
berzerka	Berzerk (revision RC31)	1980	Stern Electronics
berzerk	Berzerk (revision RC31A)	1980	Stern Electronics
berzerks	Berzerk (Spanish Speech, revision RC32)	1980	Stern Electronics (Sonic License)
bbbxing	Best Bout Boxing (ver 1.3)	1994	Jaleco
bestleag	Best League (bootleg of Big Striker, Italian Serie A)	1993	bootleg
bestleaw	Best League (bootleg of Big Striker, World Cup)	1993	bootleg
bestbest	Best Of Best	1994	SunA
bestri	Bestri (Korea, set 1)	1998	F2 System
bestria	Bestri (Korea, set 2)	1998	F2 System
punisherbz	Biaofeng Zhanjing (Chinese bootleg of The Punisher)	2002	bootleg
bigbang	Big Bang (9th Nov. 1993, set 1)	1993	NMK
bigbanga	Big Bang (9th Nov. 1993, set 2)	1993	NMK
bigbucks	Big Bucks	1986	Dynasoft Inc.
bigkarnka	Big Karnak (ver. 1.0, checksum 1e38b94)	1991	Gaelco
bigkarnk	Big Karnak (ver. 1.0, checksum 1e38c94)	1991	Gaelco
bigkong	Big Kong	1981	bootleg
bigrun	Big Run (11th Rallye version, Europe?)	1989	Jaleco
bigrunu	Big Run (11th Rallye version, US?)	1989	Jaleco
bigstrkba	Big Striker (bootleg w/Italian teams)	1992	bootleg
bigstrkb	Big Striker (bootleg)	1992	bootleg
bigstrik	Big Striker	1992	Jaleco
bigtwinb	Big Twin (No Girls Conversion, set 1)	1995	Playmark
bigtwinc	Big Twin (No Girls Conversion, set 2)	1995	Playmark
bigtwin	Big Twin	1995	Playmark
bikkuric	Bikkuri Card (Japan)	1987	Peni
bilyard	Billiard	198?	Terminal
bngotime	Bingo Time (World)	1986	CLS
bioatack	Bio Attack	1983	Taito Corporation
bioship	Bio-ship Paladin	1990	UPL (American Sammy license)
biomtoyc	Biomechanical Toy (ver. 1.0.1870, checksum ba682195)	1994	Gaelco / Zeus
biomtoyb	Biomechanical Toy (ver. 1.0.1878, checksum d84b28ff)	1995	Gaelco / Zeus
biomtoya	Biomechanical Toy (ver. 1.0.1884, checksum 3f316c70)	1995	Gaelco / Zeus
biomtoy	Biomechanical Toy (ver. 1.0.1885, checksum 69f5e032)	1995	Gaelco / Zeus
bionicc	Bionic Commando (Euro)	1987	Capcom
bionicc1	Bionic Commando (US set 1)	1987	Capcom
bionicc2	Bionic Commando (US set 2)	1987	Capcom
bioniccbl	Bionic Commandos (bootleg, set 1)	1987	bootleg
bioniccbl2	Bionic Commandos (bootleg, set 2)	1987	bootleg
bioplayc	Bioplaything Cop (ver. 1.0.1823, checksum cd960fc9, prototype)	1994	Gaelco / Zeus
birdtrya	Birdie Try (Japan, revision 2)	1988	Data East Corporation
birdtry	Birdie Try (Japan, revision 2, revision 1 MCU)	1988	Data East Corporation
birdtryb	Birdie Try (Japan, sample version)	1988	Data East Corporation
birdiy	Birdiy	1983	Mama Top
bishi	Bishi Bashi Champ Mini Game Senshuken (ver JAA, 3 Players)	1996	Konami
sailmnsl	Bishoujo Senshi Sailor Moon (10-Lo, Hack)	2024	hack
sailmnhy	Bishoujo Senshi Sailor Moon (Black Moon, Hack)	2026	hack
sailmnhx	Bishoujo Senshi Sailor Moon (Crescent Fantasy, Hack)	2026	hack
sailmnee	Bishoujo Senshi Sailor Moon (Enhanced Edition v5 Final, Hack)	2019	hack
sailmnzy	Bishoujo Senshi Sailor Moon (Eternal End, Hack)	2026	hack
sailmnyh	Bishoujo Senshi Sailor Moon (Eternal Poem, Hack)	2026	hack
sailmnkf	Bishoujo Senshi Sailor Moon (Korea-France, Hack)	2023	hack
sailmnxys	Bishoujo Senshi Sailor Moon (New Moon Super, Hack)	2026	hack
sailmnxy	Bishoujo Senshi Sailor Moon (New Moon, Hack)	2026	hack
sailmnopt	Bishoujo Senshi Sailor Moon (Optimised, Hack)	2018	hack
sailmnyy	Bishoujo Senshi Sailor Moon (Serena Tsukino, Hack)	2021	hack
sailormnoh	Bishoujo Senshi Sailor Moon (Version 95/03/21, Hong Kong)	1995	Gazelle (Banpresto license)
sailormnoj	Bishoujo Senshi Sailor Moon (Version 95/03/21, Japan)	1995	Gazelle (Banpresto license)
sailormnot	Bishoujo Senshi Sailor Moon (Version 95/03/21, Taiwan)	1995	Gazelle (Banpresto license)
sailormnnh	Bishoujo Senshi Sailor Moon (Version 95/03/22, Hong Kong)	1995	Gazelle (Banpresto license)
sailormnnj	Bishoujo Senshi Sailor Moon (Version 95/03/22, Japan)	1995	Gazelle (Banpresto license)
sailormnnt	Bishoujo Senshi Sailor Moon (Version 95/03/22, Taiwan)	1995	Gazelle (Banpresto license)
sailormnh	Bishoujo Senshi Sailor Moon (Version 95/03/22B, Hong Kong)	1995	Gazelle (Banpresto license)
sailormnj	Bishoujo Senshi Sailor Moon (Version 95/03/22B, Japan)	1995	Gazelle (Banpresto license)
sailormnt	Bishoujo Senshi Sailor Moon (Version 95/03/22B, Taiwan)	1995	Gazelle (Banpresto license)
blkdrgonb	Black Dragon (bootleg)	1987	bootleg
blkdrgon	Black Dragon (Japan)	1987	Capcom
blkheartj	Black Heart (Japan)	1991	UPL
blkheart	Black Heart	1991	UPL
blkhole	Black Hole	1981	TDS & MINTS
blkpnthr	Black Panther	1987	Konami
blktigerb1	Black Tiger (bootleg set 1)	1987	bootleg
blktigerb2	Black Tiger (bootleg set 2)	1987	bootleg
blktigera	Black Tiger (older)	1987	Capcom
blktigerb3	Black Tiger / Black Dragon (mixed bootleg?)	1987	bootleg
blktiger	Black Tiger	1987	Capcom
blackt96	Black Touch '96	1996	D.G.R.M.
bwidow	Black Widow	1982	Atari
bmaster	Blade Master (World)	1991	Irem
bladestle	Blades of Steel (version E, Trackball)	1987	Konami
bladestll	Blades of Steel (version L, Trackball)	1987	Konami
bladestl	Blades of Steel (version T, Joystick)	1987	Konami
blandiap	Blandia (prototype)	1992	Allumer
blandia	Blandia	1992	Allumer
blastoff	Blast Off (Japan)	1989	Namco
blasted	Blasted	1988	Bally Midway
blastero	Blaster (location test)	1983	Williams / Vid Kidz
blaster	Blaster	1983	Williams / Vid Kidz
blstroidg	Blasteroids (German, rev 2)	1987	Atari Games
blstroid2	Blasteroids (rev 2)	1987	Atari Games
blstroid3	Blasteroids (rev 3)	1987	Atari Games
blstroid	Blasteroids (rev 4)	1987	Atari Games
blstroidh	Blasteroids (with heads)	1987	Atari Games
blasto	Blasto	1978	Gremlin
blazeonj	Blaze On (Japan)	1992	A.I (Atlus license)
blazeon	Blaze On (World)	1992	A.I (Atlus license)
blazer	Blazer (Japan)	1987	Namco
blazstarcm	Blazing Star (Stage Select Hack)	2020	Clear Paper, NeoCverA, JustinG
blazstar	Blazing Star	1998	Yumekobo
blzntrnd	Blazing Tornado	1994	Human Amusement
arkblock	Block (Game Corporation bootleg, set 1)	1986	bootleg (Game Corporation)
arkbloc2	Block (Game Corporation bootleg, set 2)	1986	bootleg (Game Corporation)
blockbl	Block Block (bootleg)	1991	bootleg
blockj	Block Block (Japan 910910)	1991	Capcom
blockr2	Block Block (World 910910)	1991	Capcom
blockr1	Block Block (World 911106 Joystick)	1991	Capcom
block	Block Block (World 911219 Joystick)	1991	Capcom
blockcar	Block Carnival / Thunder & Lightning 2	1992	Visco
blockgal	Block Gal (MC-8123B, 317-0029)	1987	Sega / Vic Tokai
blockhl	Block Hole	1989	Konami
blockout3	Block Out (Europe and Oceania)	1989	Technos Japan / California Dreams
blockoutj	Block Out (Japan)	1989	Technos Japan / California Dreams
blockout	Block Out (set 1)	1989	Technos Japan / California Dreams
blockout2	Block Out (set 2)	1989	Technos Japan / California Dreams
bpanicdx	Block Panic DX (HB, ver. 20250101)	2025	Blastar
blockade	Blockade	1976	Gremlin
blkbustr	BlockBuster	1983	Kiwako (ECI license)
blocken	Blocken (Japan)	1994	Visco / KID
blmbycar	Blomby Car (Version 1P0)	1994	ABM & Gecas
blmbycaru	Blomby Car (Version 1P0, not encrypted)	1994	ABM & Gecas
bloodbroja	Blood Bros. (Japan)	1990	TAD Corporation
bloodbroj	Blood Bros. (Japan, rev A)	1990	TAD Corporation
bloodbrok	Blood Bros. (Korea)	1990	TAD Corporation
bloodbrom	Blood Bros. (Modular System)	199?	bootleg (Gaelco / Ervisa)
bloodbrou	Blood Bros. (US)	1990	TAD Corporation (Fabtek license)
bloodbro	Blood Bros. (World?)	1990	TAD Corporation
bloodwar	Blood Warrior	1994	Kaneko
bloodstm104	BloodStorm (v1.04)	1994	Strata / Incredible Technologies
bloodstm110	BloodStorm (v1.10)	1994	Strata / Incredible Technologies
bloodstm210	BloodStorm (v2.10)	1994	Strata / Incredible Technologies
bloodstm216	BloodStorm (v2.16)	1994	Strata / Incredible Technologies
bloodstm220	BloodStorm (v2.20)	1994	Strata / Incredible Technologies
bloodstm221	BloodStorm (v2.21)	1994	Strata / Incredible Technologies
bloodstm	BloodStorm (v2.22)	1994	Strata / Incredible Technologies
bloxeedd	Bloxeed (Japan) (bootleg of FD1094 317-0139 set)	1989	bootleg
bloxeed	Bloxeed (Japan) (FD1094 317-0139)	1989	Sega / Elorg
bloxeeda	Bloxeed (Japan, earlier) (FD1094 317-0139)	1989	Sega
blox16b	Bloxeed (System 16B, PS2 data file)	2008	Sega
bloxeedu	Bloxeed (US, C System, Rev A)	1989	Sega / Elorg
bloxeedc	Bloxeed (World, C System)	1989	Sega / Elorg
blueandr	Blue And Red - Fight The Robots! (HB, v1.7 NTSC)	2026	Kaiju Wasp
bluehawkn	Blue Hawk (Japan, NTC license, set 1)	1993	Dooyong (NTC license)
bluehawkna	Blue Hawk (Japan, NTC license, set 2)	1993	Dooyong (NTC license)
bluehawk	Blue Hawk	1993	Dooyong
blueprntj	Blue Print (Jaleco)	1982	Zilec Electronics / Jaleco
blueprnt	Blue Print (Midway)	1982	Zilec Electronics / Bally Midway
bjourneyh	Blue's Journey / Raguy (ALH-001)	1990	Alpha Denshi Co.
bjourney	Blue's Journey / Raguy (ALM-001 ~ ALH-001)	1990	Alpha Denshi Co.
bwcasino	Boardwalk Casino	1983	Epos Corporation
boblbobl	Bobble Bobble (bootleg of Bubble Bobble)	1986	bootleg
bodyslam	Body Slam (8751 317-0015)	1986	Sega
bogeyman	Bogey Manor	1985	Technos Japan
boggy84b	Boggy '84 (bootleg, set 1)	1983	bootleg (Eddie's Games)
boggy84	Boggy '84	1983	Kaneko
bombbee	Bomb Bee	1979	Namco
bombjackbl	Bomb Jack (bootleg)	1985	bootleg
bombjack2	Bomb Jack (earlier)	1984	Tehkan
bombjackt	Bomb Jack (Tecfri, Spain)	1984	Tehkan (Tecfri license)
bombjack	Bomb Jack	1984	Tehkan
bombkick	Bomb Kick (set 1)	1998	Yun Sung
bombkicka	Bomb Kick (set 2)	1998	Yun Sung
bomber	Bomber (bootleg of Scramble)	198?	bootleg (Alca)
bombrman	Bomber Man (Japan)	1991	Irem (licensed from Hudson Soft)
bbmanwj	Bomber Man World (Japan)	1992	Irem
bbmanwja	Bomber Man World (Japan, revised sound hardware)	1992	Irem
bbmanw	Bomber Man World / New Dyna Blaster - Global Quest	1992	Irem
bjtwinp	Bombjack Twin (prototype? with adult pictures, set 1)	1993	NMK
bjtwinpa	Bombjack Twin (prototype? with adult pictures, set 2)	1993	NMK
bjtwin	Bombjack Twin (set 1)	1993	NMK
bjtwina	Bombjack Twin (set 2)	1993	NMK
bnzabrosj	Bonanza Bros (Japan, Floppy DS3-5000-07b Based)	1990	Sega
bnzabros	Bonanza Bros (US, Floppy DS3-5000-07d? Based)	1990	Sega
bcrusher	Bone Crusher	1985	bootleg
bongo	Bongo	1983	Jetsoft
bonusstage	Bonus Stage (HB)	2020	Totologic
bonzeadvu	Bonze Adventure (US, rev 1)	1988	Taito America Corporation
bonzeadvo	Bonze Adventure (World)	1988	Taito Corporation Japan
bonzeadvp	Bonze Adventure (World, prototype, newer)	1988	Taito Corporation Japan
bonzeadvp2	Bonze Adventure (World, prototype, older)	1988	Taito Corporation Japan
bonzeadv	Bonze Adventure (World, rev 1)	1988	Taito Corporation Japan
boobhack	Booby Kids (Italian manufactured graphic hack / bootleg of Kid no Hore Hore Daisakusen (bootleg))	1987	bootleg
boogwinga	Boogie Wings (Asia v1.5, 92.12.07)	1992	Data East Corporation
boogwing	Boogie Wings (Europe v1.5, 92.12.07)	1992	Data East Corporation
boogwingu	Boogie Wings (USA v1.7, 92.12.14)	1992	Data East Corporation
boomrang	Boomer Rang'r / Genesis (set 1)	1983	Data East Corporation
boomranga	Boomer Rang'r / Genesis (set 2)	1983	Data East Corporation
boonggab	Boong-Ga Boong-Ga (Spank'em!)	2001	Taff System
brdrlinb	Borderline (Karateco bootleg)	1981	bootleg (Karateco)
brdrlins	Borderline (Sidam bootleg)	1981	bootleg (Sidam)
brdrline	Borderline	1981	Sega
borenchj	Borench (Japan)	1990	Sega
borench	Borench (set 1)	1990	Sega
borencha	Borench (set 2)	1990	Sega
botanic	Botanic (English / Spanish)	1983	Itisa
botanic2	Botanic (English / Spanish, Bagman conversion)	1983	Itisa
botanicf	Botanic (French)	1984	Itisa (Valadon Automation license)
bottom9n	Bottom of the Ninth (version N)	1989	Konami
bottom9	Bottom of the Ninth (version T)	1989	Konami
cbdash	Boulder Dash (DECO Cassette) (US)	1985	Data East Corporation
bouldashj	Boulder Dash / Boulder Dash Part 2 (Japan)	1990	Data East Corporation (licensed from First Star)
bouldash	Boulder Dash / Boulder Dash Part 2 (World)	1990	Data East Corporation (licensed from First Star)
bballsa	Bouncing Balls (Adult)	1991	Comad
bballs	Bouncing Balls	1991	Comad
bowlrama	Bowl-O-Rama (Rev 1.0)	1991	P&P Marketing
boxyboya	Boxy Boy (SB?)	1990	Namco
boxyboy	Boxy Boy (World, SB2)	1990	Namco
bradley	Bradley Trainer	1980	Atari
brain	Brain	1986	Coreland / Sega
brkthrut	Break Thru (Tecfri license)	1986	Data East Corporation (Tecfri license)
brkthruu	Break Thru (US)	1986	Data East USA
brkthru	Break Thru (World)	1986	Data East Corporation
breakrevbh	Breakers Revenge (Boss Hack)	2007	hack
brkrevjq	Breakers Revenge (Enhanced, Hack)	2022	hack
brkrevext	Breakers Revenge (Extra Mode, Hack)	2018	hack
breakrev	Breakers Revenge	1998	Visco
breakers	Breakers	1996	Visco
breywood	Breywood (Japan revision 2)	1986	Data East Corporation
brkblast	Brick Blast (bootleg of Wall Crash)	1984	bootleg (Fadesa)
brix	Brix	1982	Cinematronics / Advanced Microcomputer Systems
bronx	Bronx (bootleg of Cycle Shooting)	1986	bootleg
bubl2000a	Bubble 2000 V1.2	1998	Afega (Tuning license)
bubl2000	Bubble 2000	1998	Afega (Tuning license)
bbredux	Bubble Bobble ('bootleg redux' hack for Bobble Bobble PCB)	2013	bootleg (Punji)
bub68705a	Bubble Bobble (boolteg with 68705, set 2)	1986	bootleg
bub68705	Bubble Bobble (bootleg with 68705)	1986	bootleg
bublboblb	Bubble Bobble (for Bobble Bobble PCB)	2013	bootleg (Aladar)
bublbobl1	Bubble Bobble (Japan, Ver 0.0)	1986	Taito Corporation
bublbobl	Bubble Bobble (Japan, Ver 0.1)	1986	Taito Corporation
bublboblp	Bubble Bobble (prototype on Tokio hardware)	1986	Taito Corporation
bublboblu	Bubble Bobble (Ultra Version, Hack)	2011	Hack (Penta Penguin)
bublboblr1	Bubble Bobble (US, Ver 1.0)	1986	Taito America Corporation (Romstar license)
bublboblr	Bubble Bobble (US, Ver 5.1)	1986	Taito America Corporation (Romstar license)
bublbob2p	Bubble Bobble II (Ver 0.0J 1993/12/13, prototype)	1994	Taito Corporation Japan
bublbob2o	Bubble Bobble II (Ver 2.5O 1994/10/05)	1994	Taito Corporation Japan
bublbob2	Bubble Bobble II (Ver 2.6O 1994/12/16)	1994	Taito Corporation Japan
bublcave10	Bubble Bobble: Lost Cave V1.0	2012	hack (Bisboch and Aladar)
bublcave11	Bubble Bobble: Lost Cave V1.1	2012	hack (Bisboch and Aladar)
boblcave	Bubble Bobble: Lost Cave V1.2 (for Bobble Bobble PCB)	2013	hack (Bisboch and Aladar)
bublcave	Bubble Bobble: Lost Cave V1.2	2013	hack (Bisboch and Aladar)
bublbust	Bubble Buster (USA, B-System)	1994	Taito America Corporation
bubblembe	Bubble Memories: Black Edition (Hack)	2020	rtw, MetalliC
bubblemj	Bubble Memories: The Story Of Bubble Bobble III (Ver 2.3J 1996/02/07)	1995	Taito Corporation
bubblem	Bubble Memories: The Story Of Bubble Bobble III (Ver 2.4O 1996/02/15)	1995	Taito Corporation Japan
bubblemu	Bubble Memories: The Story Of Bubble Bobble III (Ver 2.5A 1996/02/21)	1995	Taito America Corporation
bublpong	Bubble Pong Pong	1996	Top Ltd.
bubsymphu	Bubble Symphony (Ver 2.5A 1994/10/05)	1994	Taito America Corporation
bubsymphj	Bubble Symphony (Ver 2.5J 1994/10/05)	1994	Taito Corporation
bubsymphe	Bubble Symphony (Ver 2.5O 1994/10/05)	1994	Taito Corporation Japan
bubbletrj	Bubble Trouble - Golly! Ghost! 2 (Japan, Rev C)	1992	Namco
bubbletr	Bubble Trouble - Golly! Ghost! 2 (World, Rev B)	1992	Namco
bubblesp	Bubbles (prototype)	1982	Williams
bubblesr	Bubbles (Solid Red label)	1982	Williams
bubbles	Bubbles	1982	Williams
bucaner	Buccaneer (set 1)	1981	hack (Video Research)
bucanera	Buccaneer (set 2)	1981	hack (Video Research)
buccanrs	Buccaneers (set 1)	1989	Duintronic
buccanrsa	Buccaneers (set 2)	1989	Duintronic
buccanrsb	Buccaneers (set 3, harder)	1989	Duintronic
buckrogn	Buck Rogers: Planet of Zoom (not encrypted, set 1)	1982	Sega
buckrogn2	Buck Rogers: Planet of Zoom (not encrypted, set 2)	1982	Sega
buckrog	Buck Rogers: Planet of Zoom	1982	Sega
buckyaa	Bucky O'Hare (ver AA)	1992	Konami
buckyaab	Bucky O'Hare (ver AAB)	1992	Konami
buckyea	Bucky O'Hare (ver EA)	1992	Konami
bucky	Bucky O'Hare (ver EAB)	1992	Konami
buckyjaa	Bucky O'Hare (ver JAA)	1992	Konami
buckyuab	Bucky O'Hare (ver UAB)	1992	Konami
buggychlt	Buggy Challenge (Tecfri)	1984	Taito Corporation (Tecfri license)
buggychl	Buggy Challenge	1984	Taito Corporation
bullfgtr	Bull Fighter (World)	1984	Alpha Denshi Co.
bullfgtrs	Bull Fighter (World, Alt)	1984	Alpha Denshi Co. (Sega license)
bulletd	Bullet (bootleg of FD1094 317-0041 set)	1987	bootleg
bullet	Bullet (FD1094 317-0041)	1987	Sega
bullfgt	Bullfight (315-5065)	1984	Coreland / Sega
bumba	Bumba (bootleg of Head On)	1979	bootleg (Niemer)
cbnj	Bump 'n' Jump (DECO Cassette) (US)	1982	Data East Corporation
bnj	Bump 'n' Jump	1982	Data East USA
btime	Burger Time (Data East set 1)	1982	Data East Corporation
btime2	Burger Time (Data East set 2)	1982	Data East Corporation
btime3	Burger Time (Data East USA)	1982	Data East USA Inc.
cbtime	Burger Time (DECO Cassette) (US)	1983	Data East Corporation
btimem	Burger Time (Midway)	1982	Data East (Bally Midway license)
burglarx	Burglar X	1997	Unico
cburnrub	Burnin' Rubber (DECO Cassette) (US) (set 1)	1982	Data East Corporation
cburnrub2	Burnin' Rubber (DECO Cassette) (US) (set 2)	1982	Data East Corporation
brubber	Burnin' Rubber	1982	Data East
burningfh	Burning Fight (NGH-018, US)	1991	SNK
burningf	Burning Fight (NGM-018 ~ NGH-018)	1991	SNK
burningfpa	Burning Fight (prototype, near final, ver 23.3, 910326)	1991	SNK
burningfpb	Burning Fight (prototype, newer, V07)	1991	SNK
burningfp	Burning Fight (prototype, older)	1991	SNK
burnforc	Burning Force (Japan, new version (Rev C))	1989	Namco
burnforco	Burning Force (Japan, old version)	1989	Namco
brivalj	Burning Rival (Japan)	1992	Sega
brival	Burning Rival (World)	1992	Sega
pbobble2u	Bust-A-Move Again (Ver 2.3A 1995/07/31)	1995	Taito America Corporation
bbros	Buster Bros. (USA)	1989	Mitchell (Capcom license)
dogfgtj	But-ten Ohara's Suit-Cha Luck-a Dog-Fight (Japan)	1984	Technos Japan
butasanj	Butasan (Japan, Japanese)	1987	NMK (Jaleco license)
butasan	Butasan - Pig's & Bomber's (Japan, English)	1987	NMK (Jaleco license)
buzzard	Buzzard	1984	Crux
bygone	Bygone (prototype)	1985	Taito Corporation
cabalexsv	Cabal (Ex Super Version 2009-03-09) (Hack)	2009	Pipi899
cabala	Cabal (Korea?, Joystick)	1989	TAD Corporation (Alpha Trading license)
cabalukj	Cabal (UK, Joystick)	1989	TAD Corporation (Electrocoin license)
cabaluk	Cabal (UK, Trackball)	1989	TAD Corporation (Electrocoin license)
cabalus	Cabal (US set 1, Trackball)	1988	TAD Corporation (Fabtek license)
cabalus2	Cabal (US set 2, Trackball)	1988	TAD Corporation (Fabtek license)
cabal	Cabal (World, Joystick)	1988	TAD Corporation
cabalng	Cabal - Neo Geo Conversion (HB)	1988-2021	TAD Corporation - iq_132
cachat	Cachat (Japan)	1993	Taito Corporation
cactus	Cactus (bootleg of Saboten Bombers)	1992	bootleg
cadashf	Cadash (France)	1989	Taito Corporation Japan
cadashgo	Cadash (Germany)	1989	Taito Corporation Japan
cadashg	Cadash (Germany, rev 1)	1989	Taito Corporation Japan
cadashi	Cadash (Italy)	1989	Taito Corporation Japan
cadashjo	Cadash (Japan)	1989	Taito Corporation
cadashj1	Cadash (Japan, rev 1)	1989	Taito Corporation
cadashj	Cadash (Japan, rev 2)	1989	Taito Corporation
cadashso	Cadash (Spain)	1989	Taito Corporation Japan
cadashs	Cadash (Spain, rev 1)	1989	Taito Corporation Japan
cadashu1	Cadash (US, rev 1?)	1989	Taito America Corporation
cadashu	Cadash (US, rev 2)	1989	Taito America Corporation
cadash	Cadash (World)	1989	Taito Corporation Japan
cadashp	Cadash (World, prototype)	1989	Taito Corporation Japan
dino1v3	Cadillacs and Dinosaurs (1v3, Hack)	2010	hack
dinosyn	Cadillacs and Dinosaurs (2020 Commemorative, Hack)	2025	hack
dinoa	Cadillacs and Dinosaurs (Asia TW 930223)	1993	Capcom
dinopic	Cadillacs and Dinosaurs (bootleg with PIC16C57, set 1)	1993	bootleg
dinopic2	Cadillacs and Dinosaurs (bootleg with PIC16C57, set 2)	1993	bootleg
dinopic3	Cadillacs and Dinosaurs (bootleg with PIC16C57, set 3)	1993	bootleg
dinopic4	Cadillacs and Dinosaurs (bootleg with PIC16C57, set 4)	1993	bootleg
dinopic5	Cadillacs and Dinosaurs (bootleg with PIC16C57, set 5)	1993	bootleg
dinoh	Cadillacs and Dinosaurs (bootleg, Asia TW 930223)	1993	bootleg
dinosj	Cadillacs and Dinosaurs (Century, Hack)	2022	hack
dinohc	Cadillacs and Dinosaurs (Chinese bootleg, Asia TW 930223)	1993	bootleg
dinoss	Cadillacs and Dinosaurs (Competition, Hack)	2025	hack
dinojj	Cadillacs and Dinosaurs (Contest, Hack)	2019	hack
dinokr	Cadillacs and Dinosaurs (Crazy BBQ, Hack)	2024	hack
dinoyz	Cadillacs and Dinosaurs (Dragon, Hack)	2022	hack
dinofw	Cadillacs and Dinosaurs (Framework 2022 Series, Hack)	2021	hack
dinotj	Cadillacs and Dinosaurs (General, Hack)	2024	hack
dinods	Cadillacs and Dinosaurs (God of War, Hack)	2021	hack
dinojd	Cadillacs and Dinosaurs (GOTVG 10th Anniversary, Hack)	2024	hack
dinoeh	Cadillacs and Dinosaurs (hack, World 930201)	1993	Capcom
dinoplus	Cadillacs and Dinosaurs (Judgement Day, Hack)	2025	hack
dinotw	Cadillacs and Dinosaurs (King, Hack)	2022	hack
dinoly	Cadillacs and Dinosaurs (Purgatory, Hack)	2019	hack
dinowj	Cadillacs and Dinosaurs (Random Enemies, Hack)	2020	hack
dinoxz	Cadillacs and Dinosaurs (Scream, Hack)	2024	hack
dinosdj	Cadillacs and Dinosaurs (Triassic, Hack)	2025	hack
dinou	Cadillacs and Dinosaurs (USA 930201)	1993	Capcom
dinodw	Cadillacs and Dinosaurs (Warriors, Hack)	2022	hack
dino	Cadillacs and Dinosaurs (World 930201)	1993	Capcom
dinore	Cadillacs and Dinosaurs Readjusted (Hack, v1.4)	2023	GameHackFan
dinot	Cadillacs and Dinosaurs Turbo 97 (bootleg, Asia TW 930223, set 1)	1993	bootleg
dinotpic	Cadillacs and Dinosaurs Turbo 97 (bootleg, Asia TW 930223, set 2)	1993	bootleg
dinoj	Cadillacs: Kyouryuu Shin Seiki (Japan 930201)	1993	Capcom
dino3j	Cadillacs: Kyouryuu Shin Seiki (Three Prohibitions, Hack)	2021	hack
cakefght	Cake Fighter (hack of Twinkle Star Sprites)	2022	hack
calibr50	Caliber 50 (Ver. 1.01)	1989	Seta
calipso	Calipso	1982	Tago Electronics
calorieb	Calorie Kun vs Moguranian (bootleg)	1986	bootleg
calorie	Calorie Kun vs Moguranian	1986	Sega
cameltryj	Cameltry (Japan, YM2610)	1989	Taito Corporation
cameltryau	Cameltry (US, YM2203 + M6295)	1989	Taito America Corporation
cameltryu	Cameltry (US, YM2610)	1989	Taito America Corporation
cameltrya	Cameltry (World, YM2203 + M6295)	1989	Taito America Corporation
cameltry	Cameltry (World, YM2610)	1989	Taito America Corporation
candory	Candory (Ponpoko bootleg with Mario)	1982	bootleg
candy	Candy Candy	1999	Eolith
cannonb	Cannon Ball (bootleg on Crazy Kong hardware) (set 1, buggy)	1985	bootleg (Soft)
cannonb2	Cannon Ball (bootleg on Crazy Kong hardware) (set 2, buggy)	1985	bootleg (TV Game Gruenberg)
cannonb3	Cannon Ball (bootleg on Crazy Kong hardware) (set 3, no bonus game)	1985	bootleg (Soft)
cannonbp	Cannon Ball (Pac-Man Hardware)	1985	Novomatic
cannball	Cannon Ball (Yun Sung, horizontal)	1995	Yun Sung / Soft Vision
cannballv	Cannon Ball (Yun Sung, vertical)	1995	Yun Sung / J&K Production
candance	Cannon Dancer (Japan)	1996	Mitchell (Atlus license)
canvas	Canvas Croquis	1985	SNK
canyonp	Canyon Bomber (prototype)	1977	Atari
canyon	Canyon Bomber	1977	Atari
cbasebal	Capcom Baseball (Japan)	1989	Capcom
capbowl	Capcom Bowling (set 1)	1988	Incredible Technologies / Capcom
capbowl2	Capcom Bowling (set 2)	1988	Incredible Technologies / Capcom
capbowl3	Capcom Bowling (set 3)	1988	Incredible Technologies / Capcom
capbowl4	Capcom Bowling (set 4)	1988	Incredible Technologies / Capcom
cscluba	Capcom Sports Club (Asia 970722)	1997	Capcom
csclub1d	Capcom Sports Club (Europe 970722 Phoenix Edition) (bootleg)	1997	bootleg
csclub1	Capcom Sports Club (Europe 970722)	1997	Capcom
csclub	Capcom Sports Club (Europe 971017)	1997	Capcom
csclubh	Capcom Sports Club (Hispanic 970722)	1997	Capcom
csclubj	Capcom Sports Club (Japan 970722)	1997	Capcom
csclubjy	Capcom Sports Club (Japan 970722, yellow case)	1997	Capcom
cworld	Capcom World (Japan)	1989	Capcom
capitol	Capitol	1981	bootleg? (Universal Video Spiel)
captavena	Captain America and The Avengers (Asia Rev 1.0)	1991	Data East Corporation
captaven	Captain America and The Avengers (Asia Rev 1.4)	1991	Data East Corporation
captavenj	Captain America and The Avengers (Japan Rev 0.2)	1991	Data East Corporation
captavene	Captain America and The Avengers (UK Rev 1.4)	1991	Data East Corporation
captavenua	Captain America and The Avengers (US Rev 1.4)	1991	Data East Corporation
captavenuu	Captain America and The Avengers (US Rev 1.6)	1991	Data East Corporation
captavenu	Captain America and The Avengers (US Rev 1.9)	1991	Data East Corporation
captainbarrel	Captain Barrel (HB)	2024	Neo Byte Force
captc1v4	Captain Commando (1v4, Hack)	2017	hack
captcommb2	Captain Commando (bootleg with 2xMSM5205)	1991	bootleg
captcommb3	Captain Commando (bootleg with YM2151 + 2xMSM5205)	1991	bootleg
captcommb	Captain Commando (bootleg)	1991	bootleg
captcmsh	Captain Commando (Contest, Hack)	2020	hack
captcmcr	Captain Commando (CR7 Elite, Hack)	2024	hack
captcmjyb	Captain Commando (Elite Competition ver B, Hack)	2025	hack
captcmjy	Captain Commando (Elite Competition, Hack)	2024	hack
captcmzs	Captain Commando (God of War, Hack)	2024	hack
captcmmy	Captain Commando (Incubus, Hack)	2025	hack
captcmwx	Captain Commando (Infinite Bullets, Hack)	2023	hack
captcommjr1	Captain Commando (Japan 910928)	1991	Capcom
captcommj	Captain Commando (Japan 911202)	1991	Capcom
captcmzt	Captain Commando (Journey, Hack)	2024	hack
captcm2y	Captain Commando (Master, Hack)	2025	hack
captcmsc	Captain Commando (Switchable Character, Hack)	2020	hack
captcommu	Captain Commando (USA 910928)	1991	Capcom
captcmdw	Captain Commando (Warriors, Hack)	2023	hack
captcommr1	Captain Commando (World 911014)	1991	Capcom
captcomm	Captain Commando (World 911202)	1991	Capcom
captre	Captain Commando Readjusted (Hack, v1.2)	2023	GameHackFan
csilverja	Captain Silver (Japan, revision 1)	1987	Data East Corporation
csilverj	Captain Silver (Japan, revision 2)	1987	Data East Corporation
csilver	Captain Silver (World)	1987	Data East Corporation
ctomaday	Captain Tomaday	1999	Visco
carjmbre	Car Jamboree	1983	Omori Electric Co., Ltd.
carket	Carket Ball	1996	SemiCom
carnivalc	Carnival (cocktail)	1980	Sega
carnivalmm	Carnival (ManilaMatic bootleg)	1980	bootleg (ManilaMatic)
carnival	Carnival (upright, AY8912 music)	1980	Sega
cawingbl	Carrier Air Wing (bootleg with 2xYM2203 + 2xMSM5205, set 1)	1990	bootleg
cawingb2	Carrier Air Wing (bootleg with 2xYM2203 + 2xMSM5205, set 2)	1990	bootleg
cawingur1	Carrier Air Wing (USA 901012)	1990	Capcom
cawingu	Carrier Air Wing (USA 901130)	1990	Capcom
cawingr1	Carrier Air Wing (World 901009)	1990	Capcom
cawing	Carrier Air Wing (World 901012)	1990	Capcom
casanova	Casanova	199?	Promat
cashquiz	Cash Quiz (Type B, Version 5)	1986	Zilec-Zenitone
catacomb	Catacomb	1982	MTM Games
catch22	Catch-22 (version 8.0)	1985	Exidy
ctrpllrp	Caterpillar Pacman Hack	1982	hack
catt	Catt (Japan)	1993	Wintechno
cavelon	Cavelon	1983	Jetsoft
cninjaa	Caveman Ninja (alternate)	1991	Data East Corporation
cninjabl	Caveman Ninja (bootleg)	1991	bootleg
cninjau	Caveman Ninja (US ver 4)	1991	Data East Corporation
cninja1	Caveman Ninja (World ver 1)	1991	Data East Corporation
cninja	Caveman Ninja (World ver 4)	1991	Data East Corporation
cencourt	Center Court (World, 4 Players, prototype) (MC-8123B)	1988	Sega
centiped3	Centipede (revision 3)	1980	Atari
centiped	Centipede (revision 4)	1980	Atari
chaknpop	Chack'n Pop	1983	Taito Corporation
chainrec	Chain Reaction (World, Version 2.2, 1995.09.25)	1995	Data East Corporation
chameleo	Chameleon	1983	Jaleco
champbasj	Champion Base Ball (Japan, set 1)	1983	Alpha Denshi Co.
champbasja	Champion Base Ball (Japan, set 2)	1983	Alpha Denshi Co.
champbasjb	Champion Base Ball (Japan, set 3)	1983	Alpha Denshi Co.
champbas	Champion Base Ball (World)	1983	Alpha Denshi Co. (Sega license)
champbb2j	Champion Base Ball Part-2 (Japan)	1983	Alpha Denshi Co.
champbb2	Champion Base Ball Part-2 (World, set 1)	1983	Alpha Denshi Co. (Sega license)
champwrj	Champion Wrestler (Japan)	1989	Taito Corporation
champwru	Champion Wrestler (US)	1989	Taito America Corporation
champwr	Champion Wrestler (World)	1989	Taito Corporation Japan
csprintf	Championship Sprint (French)	1986	Atari Games
csprintg1	Championship Sprint (German, rev 1)	1986	Atari Games
csprintg	Championship Sprint (German, rev 2)	1986	Atari Games
csprint1	Championship Sprint (rev 1)	1986	Atari Games
csprint2	Championship Sprint (rev 2)	1986	Atari Games
csprint	Championship Sprint (rev 3)	1986	Atari Games
csprints1	Championship Sprint (Spanish, rev 1)	1986	Atari Games
csprints	Championship Sprint (Spanish, rev 2)	1986	Atari Games
chanbara	Chanbara (Japan)	1985	Data East Corporation
chkun	Chance Kun (Japan)	1988	Peni
cairblad	Change Air Blade (Japan)	1999	Sammy
changesa	Changes (EME license)	1982	Orca (Eastern Micro Electronics, Inc. license)
changes	Changes	1982	Orca
pgmdemo	Chaos (PGM Demo)	2005	Raster
cps1demo	Chaos Demo (CPS-1)	2000	Chaos
neodemo	Chaos Demo (Neo Geo)	2002	Chaos
charlien	Charlie Ninja	1995	Mitchell
cbombersp	Chase Bombers (Japan Prototype)	1994	Taito Corporation
cbombersj	Chase Bombers (Japan)	1994	Taito Corporation
cbombers	Chase Bombers (World)	1994	Taito Corporation Japan
chasehqj	Chase H.Q. (Japan)	1988	Taito Corporation
chasehqju	Chase H.Q. (Japan, upright?)	1988	Taito Corporation
chasehqu	Chase H.Q. (US)	1988	Taito America Corporation
chasehq	Chase H.Q. (World)	1988	Taito Corporation Japan
karatourj	Chatan Yara Kuushanku - The Karate Tournament (Japan)	1992	Mitchell
checkmanj	Check Man (Japan)	1982	Zilec-Zenitone (Jaleco license)
checkman	Check Man	1982	Zilec-Zenitone
cheekyms	Cheeky Mouse	1980	Universal
cheesech	Cheese Chase	1994	Art & Magic
myherok	Cheongchun Ilbeonji (Korea)	1985	Coreland / Sega
chqflagj	Chequered Flag (Japan)	1988	Konami
chqflag	Chequered Flag	1988	Konami
chewing	Chewing Gum	19??	<unknown>
cheyenne	Cheyenne (version 1.0)	1984	Exidy
7toitsu	Chi-Toitsu	1988	Yuga
marukodq	Chibi Maruko-chan: Maruko Deluxe Quiz	1995	Takara
chikij	Chiki Chiki Boys (Japan 900619)	1990	Capcom
chiller	Chiller (version 3.0)	1986	Exidy
chimerab	Chimera Beast (Japan, prototype, set 1)	1993	Jaleco
chimeraba	Chimera Beast (Japan, prototype, set 2)	1993	Jaleco
chinagat	China Gate (US)	1988	Technos Japan (Taito / Romstar license)
chinatwn	China Town (Japan)	1991	Data East Corporation
chinhero2	Chinese Hero (older, set 1)	1984	Taiyo System
chinhero3	Chinese Hero (older, set 2)	1984	Taiyo System
chinhero	Chinese Hero	1984	Taiyo System
chinherot	Chinese Heroe (Taito)	1984	Taiyo System (Taito license)
cndi	Chip n Dale (FMV Demo)	2009	Sergi
chokchok	Choky! Choky!	1995	SemiCom
choplift	Choplifter (8751 315-5151)	1985	Sega
chopliftbl	Choplifter (bootleg)	1985	bootleg
chopliftu	Choplifter (unprotected)	1985	Sega
choppera	Chopper I (US Ver 1?)	1988	SNK
chopper	Chopper I (US Ver 2)	1988	SNK
chopperb	Chopper I (US)	1988	SNK
berabohmb	Chou Zetsurinjin Berabowman (Japan, Rev B)	1988	Namco
berabohm	Chou Zetsurinjin Berabowman (Japan, Rev C)	1988	Namco
legionjb	Chouji Meikyuu Legion (Japan ver 1.05, bootleg set 1)	1987	bootleg
legionj	Chouji Meikyuu Legion (Japan ver 1.05, set 1)	1987	Nichibutsu
legionj2	Chouji Meikyuu Legion (Japan ver 1.05, set 2)	1987	Nichibutsu
ironclad	Choutetsu Brikin'ger / Iron Clad (prototype)	1996	Saurus
ironclado	Choutetsu Brikin'ger / Iron Clad (prototype, bootleg)	1996	bootleg
chuckieegg	Chuckie Egg	2023	Arlasoft
chukataija	Chuka Taisen (Japan) (P0-025-A PCB)	1988	Taito Corporation
chukataij	Chuka Taisen (Japan) (P0-028-A PCB)	1988	Taito Corporation
chukataiu	Chuka Taisen (US) (P0-028-A PCB)	1988	Taito America Corporation
chukatai	Chuka Taisen (World) (P0-028-A PCB)	1988	Taito Corporation Japan
ddaydoo	Chulgyeok D-Day (Korea)	1990	Dooyong
drgnwrldv20j	Chuugokuryuu (Japan, V020J)	1995	IGS / Alta
drgnwrldv21j	Chuugokuryuu (Japan, V021J)	1995	IGS
dw2001	Chuugokuryuu 2001 [Dragon World 2001] (V100 02/21/01 16:05:16, Japan)	2001	IGS
drgw3100	Chuugokuryuu 3 Special (Japan, ver. 100)	1998	IGS
drgw3103	Chuugokuryuu 3 Special (Japan, ver. 103)	1998	IGS
drgw2100j	Chuugokuryuu II (ver. 100J, Japan)	1997	IGS (Alta license)
drgw2101j	Chuugokuryuu II (ver. 101J, Japan)	1997	IGS
dwpc101j	Chuugokuryuu Pretty Chance [Dragon World Pretty Chance] (V101 09/26/01 10:23:26, Japan)	2001	IGS
circuso	Circus / Acrobat TV (older)	1977	Exidy / Taito
circus	Circus / Acrobat TV	1977	Exidy / Taito
circuscc	Circus Charlie (Centuri)	1984	Konami (Centuri license)
circusce	Circus Charlie (Centuri, earlier)	1984	Konami (Centuri license)
circusc	Circus Charlie (level select, set 1)	1984	Konami
circusc2	Circus Charlie (level select, set 2)	1984	Konami
circusc3	Circus Charlie (level select, set 3)	1984	Konami
circusc4	Circus Charlie (no level select)	1984	Konami
cischeat	Cisco Heat	1990	Jaleco
cityatta	City Attack (Petaco S.A., bootleg of Pleiads)	1981	bootleg (Petaco S.A.)
citybombj	City Bomber (Japan)	1987	Konami
citybomb	City Bomber (World)	1987	Konami
cityconbl	City Connection (bootleg)	1985	bootleg
citycon	City Connection (set 1)	1985	Jaleco
citycona	City Connection (set 2)	1985	Jaleco
clshroadd	Clash-Road (Data East license)	1986	Woodplace Inc. (Data East license)
clshroads	Clash-Road (Status license)	1986	Woodplace Inc. (Status Game Corp. license)
clshroad	Clash-Road	1986	Woodplace Inc.
claypign	Clay Pigeon (version 2.0)	1986	Exidy
cleopatr	Cleopatra Fortune (Ver 2.1J 1996/09/05)	1996	Taito Corporation
cleopatro	Cleopatra Fortune (Ver 2.1O 1996/09/05, bootleg)	1996	bootleg
cloakfr	Cloak & Dagger (French)	1983	Atari
cloakgr	Cloak & Dagger (German)	1983	Atari
cloak	Cloak & Dagger (rev 5)	1983	Atari
cloaksp	Cloak & Dagger (Spanish)	1983	Atari
aquario	Clockwork Aquario (prototype)	2021	Sega / Westone
cloud9	Cloud 9 (prototype)	1983	Atari
cgraplop	Cluster Buster (DECO Cassette) (US)	1983	Data East Corporation
cltchitrjd	Clutch Hitter (Japan) (bootleg of FD1094 317-0175 set)	1991	bootleg
cltchitrj	Clutch Hitter (Japan) (FD1094 317-0175)	1991	Sega
cltchitrd	Clutch Hitter (US) (bootleg of FD1094 317-0176 set)	1991	bootleg
cltchitr	Clutch Hitter (US) (FD1094 317-0176)	1991	Sega
cobracomib	Cobra-Command (Italian bootleg)	1988	bootleg
cobracomj	Cobra-Command (Japan)	1988	Data East Corporation
cobracomjb	Cobra-Command (Japan, bootleg)	1988	bootleg
cobracomja	Cobra-Command (Japan?, set 2)	1988	Data East Corporation
cobracoma	Cobra-Command (World/US revision 4)	1988	Data East Corporation
cobracom	Cobra-Command (World/US revision 5)	1988	Data East Corporation
cobracomb	Cobra-Command (World/US)	1988	Data East Corporation
ladybugb2	Coccinelle (bootleg of Lady Bug)	1981	bootleg (Model Racing)
unkpacgc	Coco Louco	1988	<unknown>
cnbe	Codename - Blut Engel (HB, ver. 20060119)	2006	blastar@gmx.net
cnbe2018	Codename - Blut Engel (HB, ver. 20180905)	2018	blastar@gmx.net
colision	Colision (bootleg of Head On)	1979	bootleg (ASSA)
colony7	Colony 7 (set 1)	1981	Taito
colony7a	Colony 7 (set 2)	1981	Taito
colt	Colt (bootleg of N.Y. Captor)	1986	bootleg
columnsj	Columns (Japan)	1990	Sega
columnsu	Columns (US, cocktail, Rev A)	1990	Sega
columns	Columns (World)	1990	Sega
columnsn	Columns - Neo Geo (HB)	20??	homebrew
column2j	Columns II: The Voyage Through Time (Japan)	1990	Sega
columns2	Columns II: The Voyage Through Time (World)	1990	Sega
combat	Combat (version 3.0)	1985	Exidy
combh	Combat Hawk	1987	Sanritsu / Sega
combatsc	Combat School (joystick)	1988	Konami
toto	Come Back Toto	1996	SoftClub
pacmanpe	Come Come (Petaco SA bootleg of Puck Man)	1980	bootleg (Petaco SA)
mspacmanbhe	Come-Cocos (Ms. Pac-Man) ('Made in Greece' Herle SA bootleg)	1991	bootleg (Herle SA)
mspacmanbcc	Come-Cocos (Ms. Pac-Man) ('Made in Greece' Tecnausa bootleg)	1991	bootleg (Tecnausa)
mspacmanblt	Come-Cocos (Ms. Pac-Man) ('Made in Greece' Triunvi bootleg, set 1)	1992	bootleg (Triunvi)
mspacmanblt2	Come-Cocos (Ms. Pac-Man) ('Made in Greece' Triunvi bootleg, set 2)	1992	bootleg (Triunvi)
mspacmanblt3	Come-Cocos (Ms. Pac-Man) ('Made in Greece' Triunvi bootleg, set 3)	1992	bootleg (Triunvi)
mspacmanbco	Come-Cocos (Ms. Pac-Man) (Cocamatic bootleg)	1992	bootleg (Cocamatic)
commandw	Command War - Super Special Battle & War Game (Ver 0.0J, prototype)	1992	Taito Corporation
commandob	Commando (bootleg set 1)	1985	bootleg
commandob2	Commando (bootleg set 2)	1985	bootleg
commandob3	Commando (bootleg set 3)	1985	bootleg
commsega	Commando (Sega)	1983	Sega
commandou	Commando (US set 1)	1985	Capcom (Data East USA license)
commandou2	Commando (US set 2)	1985	Capcom (Data East USA license)
commando	Commando (World)	1985	Capcom
comotionp	CoMotion (patent)	1976	Gremlin
comotion	CoMotion	1976	Gremlin
compgolfo	Competition Golf Final Round (Japan, old version)	1985	Data East Corporation
compgolf	Competition Golf Final Round (World?, revision 3)	1986	Data East Corporation
complexx	Complex X	1984	Taito America Corporation
condorbem	Condor (BEM Mi Italy bootleg of Phoenix)	1981	bootleg (BEM Mi Italy)
condorn	Condor (S C Novar bootleg of Phoenix)	1981	bootleg (S C Novar)
condor	Condor (Sidam bootleg of Phoenix)	1981	bootleg (Sidam)
condorva	Condor (Valadon Automation bootleg of Phoenix)	1980	bootleg (Valadon Automation)
congo	Congo Bongo (Rev C, 2 board stack)	1983	Sega
congoa	Congo Bongo (Rev C, 3 board stack)	1983	Sega
contcircj	Continental Circus (Japan)	1987	Taito Corporation
contcircu	Continental Circus (US set 1)	1987	Taito America Corporation
contcircua	Continental Circus (US set 2)	1987	Taito America Corporation
contcirc	Continental Circus (World)	1987	Taito Corporation Japan
contrab	Contra (bootleg)	1987	bootleg
contrabj	Contra (Japan bootleg, set 1)	1987	bootleg
contrabj1	Contra (Japan bootleg, set 2)	1987	bootleg
contraj	Contra (Japan, set 1)	1987	Konami
contraj1	Contra (Japan, set 2)	1987	Konami
contra	Contra (US / Asia, set 1)	1987	Konami
contra1	Contra (US / Asia, set 2)	1987	Konami
contrae	Contra (US / Asia, set 3)	1987	Konami
cookbib	Cookie & Bibi (set 1)	1995	SemiCom
cookbiba	Cookie & Bibi (set 2)	1995	SemiCom
cookbib2c	Cookie & Bibi 2 (English / Korean)	1996	SemiCom
cookbib2	Cookie & Bibi 2 (English, set 1)	1996	SemiCom
cookbib2a	Cookie & Bibi 2 (English, set 2)	1996	SemiCom
cookbib2b	Cookie & Bibi 2 (English, set 3)	1996	SemiCom
cookbib3	Cookie & Bibi 3	1997	SemiCom
coolminii	Cool Minigame Collection (Italy)	1999	SemiCom
coolmini	Cool Minigame Collection	1999	SemiCom
clbowl	Coors Light Bowling	1989	Incredible Technologies / Capcom
cop01	Cop 01 (set 1)	1985	Nichibutsu
cop01a	Cop 01 (set 2)	1985	Nichibutsu
cavenger	Cosmic Avenger	1981	Universal
cosmccop	Cosmic Cop (World)	1991	Irem
cgangpzlj	Cosmo Gang the Puzzle (Japan)	1992	Namco
cgangpzl	Cosmo Gang the Puzzle (US)	1992	Namco
cosmogng	Cosmo Gang the Video (US)	1991	Namco
galivan3	Cosmo Police Galivan (12/11/1985)	1985	Nichibutsu
galivan2	Cosmo Police Galivan (12/16/1985)	1985	Nichibutsu
galivan	Cosmo Police Galivan (12/26/1985)	1985	Nichibutsu
cottong	Cotocoto Cottong	1982	bootleg
cottonjad	Cotton (set 1, Japan, Rev A) (bootleg of FD1094 317-0179a set)	1991	bootleg
cottonja	Cotton (set 1, Japan, Rev A) (FD1094 317-0179a)	1991	Success / Sega
cottonjd	Cotton (set 2, Japan, Rev B) (bootleg of FD1094 317-0179b set)	1991	bootleg
cottonj	Cotton (set 2, Japan, Rev B) (FD1094 317-0179b)	1991	Success / Sega
cottonud	Cotton (set 3, US) (bootleg of FD1094 317-0180 set)	1991	bootleg
cottonu	Cotton (set 3, US) (FD1094 317-0180)	1991	Success / Sega
cottond	Cotton (set 4, World) (bootleg of FD1094 317-0181a set)	1991	bootleg
cotton	Cotton (set 4, World) (FD1094 317-0181a)	1991	Success / Sega
countrunb	Counter Run (bootleg set 1)	1988	bootleg
countrun	Counter Run (NS6201-A 1988.3)	1988	Nihon System (Sega license)
countryc	Country Club	1988	SNK
crkdownj	Crack Down (Japan, Floppy Based, FD1094 317-0058-04b Rev A)	1989	Sega
crkdownu	Crack Down (US, Floppy Based, FD1094 317-0058-04d)	1989	Sega
crkdown	Crack Down (World, Floppy Based, FD1094 317-0058-04c)	1989	Sega
cracksht	Crackshot (version 2.0)	1985	Exidy
hocrash	Crash (bootleg of Head On)	1979	bootleg (Fraber)
crashh	Crash (Pac-Man)	2002	hack
crash	Crash (set 1)	1979	Exidy
crasha	Crash (set 2)	1979	Exidy
qcrayon2	Crayon Shinchan Orato Asobo (Japan)	1993	Taito Corporation
crbaloon	Crazy Balloon (set 1)	1980	Taito Corporation
crbaloon2	Crazy Balloon (set 2)	1980	Taito Corporation
crazyblk	Crazy Blocks	1983	Kiwako (ECI license)
ccboot	Crazy Climber (bootleg set 1)	1980	bootleg
ccboot2	Crazy Climber (bootleg set 2)	1980	bootleg
cclimberj	Crazy Climber (Japan)	1980	Nichibutsu
ccbootmm	Crazy Climber (ManilaMatic bootleg)	1980	bootleg (ManilaMatic)
ccbootmr	Crazy Climber (Model Racing bootleg)	1980	bootleg (Model Racing)
cclimbroper	Crazy Climber (Spanish, Operamatic bootleg)	1980	bootleg (Operamatic)
cclimbrrod	Crazy Climber (Spanish, Rodmar bootleg)	1980	bootleg (Rodmar)
cclimber	Crazy Climber (US set 1)	1980	Nichibutsu
cclimbera	Crazy Climber (US set 2)	1980	Nichibutsu
cclimbr2	Crazy Climber 2 (Japan)	1988	Nichibutsu
cclimbr2a	Crazy Climber 2 (Japan, Harder)	1988	Nichibutsu
crazycop	Crazy Cop (Japan)	1988	Konami
crazyfgt	Crazy Fight	1996	Subsino
ckongalc	Crazy Kong (Alca bootleg)	1981	bootleg (Alca)
ckongg	Crazy Kong (bootleg on Galaxian hardware)	1981	bootleg
ckongmc	Crazy Kong (bootleg on Moon Cresta hardware, set 1)	1981	bootleg
ckongs	Crazy Kong (bootleg on Scramble hardware)	1981	bootleg
ckongo	Crazy Kong (Orca bootleg)	1981	bootleg (Orca)
ckongpt2ss	Crazy Kong (SegaSA / Sonic bootleg)	1982	bootleg (SegaSA / Sonic)
ckongpt2b	Crazy Kong Part II (alternative levels)	1981	bootleg
ckongpt2b2	Crazy Kong Part II (bootleg)	1981	bootleg
ckongpt2j	Crazy Kong Part II (Japan)	1981	Falcon
ckongpt2jeu	Crazy Kong Part II (Jeutel bootleg)	1981	bootleg (Jeutel)
ckongpt2	Crazy Kong Part II (set 1)	1981	Falcon
ckongpt2a	Crazy Kong Part II (set 2)	1981	Falcon
ckong	Crazy Kong	1981	Kyoei / Falcon
crzrallyg	Crazy Rally (Gecas license)	1985	Tecfri (Gecas license)
crzrallyrf	Crazy Rally (Recreativos Franco license)	1985	Tecfri (Recreativos Franco license)
crzrally	Crazy Rally (set 1)	1985	Tecfri
crzrallya	Crazy Rally (set 2)	1985	Tecfri
crazywar	Crazy War	2002	Eolith
mooncrsl	Cresta Mundo (Spanish bootleg of Moon Cresta)	1980	bootleg (Laguna S.A.)
crimecj	Crime City (Japan)	1989	Taito Corporation
crimecu	Crime City (US)	1989	Taito America Corporation
crimec	Crime City (World)	1989	Taito Corporation Japan
crimfghtj	Crime Fighters (Japan 2 Players)	1989	Konami
crimfghtu	Crime Fighters (US 4 Players)	1989	Konami
crimfght	Crime Fighters (World 2 players)	1989	Konami
vendetta2pp	Crime Fighters 2 (Japan, 2 Players, ver. P)	1991	Konami
vendettan	Crime Fighters 2 (Japan, 4 Players, ver. N)	1991	Konami
crockmnf	Crock-Man (Marti Colls bootleg of Rene Pierre Crock-Man)	1980	bootleg (Marti Colls)
crockman	Crock-Man	1980	bootleg (Rene Pierre)
croquisg	Croquis (Germany)	1996	Deniam
croquis	Croquis (Korea)	1996	Deniam
crossbld	Cross Blades! (Japan)	1991	Irem
crospang	Cross Pang	1998	F2 System
crossbow	Crossbow (version 2.0)	1983	Exidy
crsword	Crossed Swords (ALM-002 ~ ALH-002)	1991	Alpha Denshi Co.
crswd2bl	Crossed Swords 2 (bootleg of CD version)	1996	bootleg (Razoola)
crswd2blp	Crossed Swords 2 (bootleg of CD version, full CD audio v2)	2026	bootleg (pierpa86)
cphd	Crouching Poney Hidden Dragon (HB, Demo)	2013	Le Cortex
cthd2003	Crouching Tiger Hidden Dragon 2003 (hack of The King of Fighters 2001)	2003	bootleg (Phenixsoft)
cthd2k3a	Crouching Tiger Hidden Dragon 2003 (The King of Fighters 2001 bootleg, set 2)	2003	bootleg
ct2k3sp	Crouching Tiger Hidden Dragon 2003 Super Plus (hack of The King of Fighters 2001)	2003	bootleg (Phenixsoft)
ct2k3sa	Crouching Tiger Hidden Dragon 2003 Super Plus (hack of The King of Fighters 2001, alternate)	2003	bootleg (Phenixsoft)
cbusterj	Crude Buster (Japan FR revision 1)	1990	Data East Corporation
cbusterw	Crude Buster (World FU version)	1990	Data East Corporation
cbuster	Crude Buster (World FX version)	1990	Data East Corporation
cruisin	Cruisin	1985	Jaleco (Kitkorp license)
crushbl	Crush Roller (bootleg, set 1)	1981	bootleg
crushbl2	Crush Roller (bootleg, set 2)	1981	bootleg
crushbl3	Crush Roller (bootleg, set 3)	1981	bootleg
crushs	Crush Roller (bootleg, set 4)	1981	bootleg (Sidam)
crushrlf	Crush Roller (Famare SA PCB)	1981	bootleg
crush	Crush Roller (set 1)	1981	Alpha Denshi Co. / Kural Samno Electric, Ltd.
crush2	Crush Roller (set 2)	1981	Alpha Denshi Co. / Kural Esco Electric, Ltd.
crush3	Crush Roller (set 3)	1981	Alpha Denshi Co. / Kural Electric, Ltd.
crush4	Crush Roller (set 4)	1981	Alpha Denshi Co. / Kural Electric, Ltd.
crush5	Crush Roller (set 5)	1981	Alpha Denshi Co. / Kural TWT
crusherm	Crusher Makochan (Japan)	1999	Takumi
ccastlesj	Crystal Castles (joystick version)	1983	Atari
ccastles1	Crystal Castles (version 1)	1983	Atari
ccastles2	Crystal Castles (version 2)	1983	Atari
ccastles3	Crystal Castles (version 3)	1983	Atari
ccastlesf	Crystal Castles (version 3, French)	1983	Atari
ccastlesg	Crystal Castles (version 3, German)	1983	Atari
ccastlesp	Crystal Castles (version 3, Spanish)	1983	Atari
ccastles	Crystal Castles (version 4)	1983	Atari
cubybop	Cuby Bop (location test)	199?	Hot-B Co., Ltd.
cuebrickj	Cue Brick (Japan)	1989	Konami
cuebrick	Cue Brick (World, version D)	1989	Konami
curvebal	Curve Ball	1984	Mylstar
cutefght	Cute Fighter	1998	SemiCom
cutieq	Cutie Q	1979	Namco
cybattlr	Cybattler	1993	Jaleco
eswatbl	Cyber Police ESWAT (bootleg, set 1)	1989	bootleg
eswatj1d	Cyber Police ESWAT (set 1, Japan) (bootleg of FD1094 317-0131 set)	1989	bootleg
eswatj1	Cyber Police ESWAT (set 1, Japan) (FD1094 317-0131)	1989	Sega
eswatjd	Cyber Police ESWAT (set 2, Japan) (bootleg of FD1094 317-0128 set)	1989	bootleg
eswatj	Cyber Police ESWAT (set 2, Japan) (FD1094 317-0128)	1989	Sega
eswatud	Cyber Police ESWAT (set 3, US) (bootleg of FD1094 317-0129 set)	1989	bootleg
eswatu	Cyber Police ESWAT (set 3, US) (FD1094 317-0129)	1989	Sega
eswatd	Cyber Police ESWAT (set 4, World) (bootleg of FD1094 317-0130 set)	1989	bootleg
eswat	Cyber Police ESWAT (set 4, World) (FD1094 317-0130)	1989	Sega
cybertnk	Cyber Tank (v1.4)	1988	Coreland
cyberlip	Cyber-Lip (NGM-010)	1990	SNK
cybotsam	Cyberbots: Fullmetal Madness (Access Mod, Hack)	2022	Kyle_W
cybots	Cyberbots: Fullmetal Madness (Europe 950424)	1995	Capcom
cybotsj	Cyberbots: Fullmetal Madness (Japan 950420)	1995	Capcom
cybotsjd	Cyberbots: Fullmetal Madness (Japan 950424) (decrypted bootleg)	1995	bootleg
cybotsud	Cyberbots: Fullmetal Madness (USA 950424 Phoenix Edition) (bootleg)	1995	bootleg
cybotsu	Cyberbots: Fullmetal Madness (USA 950424)	1995	Capcom
cyborgforce	Cyborg Force (HB)	2023	Neo Byte Force
cyclemb	Cycle Maabou (Japan)	1984	Taito Corporation
cyclshtg	Cycle Shooting	1986	Taito
cyvernj	Cyvern - The Dragon Weapons (Japan)	1998	Kaneko
cyvern	Cyvern - The Dragon Weapons (US)	1998	Kaneko
dcon	D-Con	1992	Success
ddayc	D-Day (Centuri)	1982	Olympia (Centuri license)
ddayjlc	D-Day (Jaleco set 1)	1984	Jaleco
ddayjlca	D-Day (Jaleco set 2)	1984	Jaleco
dday	D-Day	1982	Olympia
ddcrewj2d	D. D. Crew (Japan, 2 Players) (bootleg of FD1094 317-0182 set)	1991	bootleg
ddcrewj2	D. D. Crew (Japan, 2 Players) (FD1094 317-0182)	1991	Sega
ddcrewjd	D. D. Crew (Japan, 4 Players) (bootleg of FD1094 317-0185 set)	1991	bootleg
ddcrewj	D. D. Crew (Japan, 4 Players) (FD1094 317-0185)	1991	Sega
ddcrewud	D. D. Crew (US, 4 Players) (bootleg of FD1094 317-0186 set)	1991	bootleg
ddcrewu	D. D. Crew (US, 4 Players) (FD1094 317-0186)	1991	Sega
ddcrew2d	D. D. Crew (World, 2 Players) (bootleg of FD1094 317-0184 set)	1991	bootleg
ddcrew2	D. D. Crew (World, 2 Players) (FD1094 317-0184)	1991	Sega
ddcrewd	D. D. Crew (World, 3 Players) (bootleg of FD1094 317-0190 set)	1991	bootleg
ddcrew	D. D. Crew (World, 3 Players) (FD1094 317-0190)	1991	Sega
ddcrew1d	D. D. Crew (World, 4 Players) (bootleg of FD1094 317-0187 set)	1991	bootleg
ddcrew1	D. D. Crew (World, 4 Players) (FD1094 317-0187)	1991	Sega
dacholer	Dacholer	1983	Nichibutsu
dairesya	Dai Ressya Goutou (Japan, version K)	1986	Konami (Kawakusu license)
daikaiju	Daikaiju no Gyakushu (rev 1)	1986	Taito
dkgensanm72	Daiku no Gensan (Japan, M72 hardware)	1990	Irem
dkgensanm82	Daiku no Gensan (Japan, M82 hardware)	1990	Irem
dkgensan	Daiku no Gensan (Japan, M84 hardware)	1990	Irem
daimakaib	Daimakaimura (bootleg)	1988	Capcom
daimakair	Daimakaimura (Japan Resale Ver.)	1988	Capcom
daimakai	Daimakaimura (Japan)	1988	Capcom
daiohc	Daioh (93111A PCB conversion)	1993	Athena
daioha	Daioh (earlier)	1993	Athena
daiohp	Daioh (prototype)	1993	Athena
daiohp2	Daioh (prototype, earlier)	1993	Athena
daioh	Daioh	1993	Athena
daisenpu	Daisenpu (Japan)	1989	Taito Corporation
daitorida	Daitoride (YMF278B version)	1996	Metro
daitorid	Daitoride	1995	Metro
dambustruk	Dambusters (UK)	1981	South West Research
dambustr	Dambusters (US, set 1)	1981	South West Research
dambustra	Dambusters (US, set 2)	1981	South West Research
dankuga	Dan-Ku-Ga (Ver 0.0J 1994/12/13, prototype)	1994	Taito Corporation
dngrtrck	Danger Track (bootleg of Rally X)	1980	bootleg (Petaco)
ddungeon	Dangerous Dungeons (set 1)	1992	The Game Room
ddungeone	Dangerous Dungeons (set 2)	1992	East Coast Coin Company
dangseed	Dangerous Seed (Japan)	1989	Namco
dfeveron	Dangun Feveron (Japan, 98/09/17 VER.)	1998	Cave (Nihon System license)
dariuso	Darius (Japan)	1986	Taito Corporation
dariusj	Darius (Japan, rev 1)	1986	Taito Corporation
dariusu	Darius (US, rev 2)	1986	Taito America Corporation
darius	Darius (World, rev 2)	1986	Taito Corporation Japan
dariuse	Darius Extra Version (Japan)	1986	Taito Corporation
dariusgu	Darius Gaiden - Silver Hawk (Ver 2.5A 1994/09/19)	1994	Taito America Corporation
dariusgj	Darius Gaiden - Silver Hawk (Ver 2.5J 1994/09/19)	1994	Taito Corporation
dariusg	Darius Gaiden - Silver Hawk (Ver 2.5O 1994/09/19)	1994	Taito Corporation Japan
dariusgx	Darius Gaiden - Silver Hawk Extra Version (Ver 2.7J 1995/03/06) (Official Hack)	1994	Taito Corporation
darius2do	Darius II (dual screen) (Japan, Rev 1)	1989	Taito Corporation
darius2d	Darius II (dual screen) (Japan, Rev 2)	1989	Taito Corporation
darius2	Darius II (triple screen) (Japan, rev 1)	1989	Taito Corporation
darkadv	Dark Adventure	1987	Konami
darkedgej	Dark Edge (Japan)	1992	Sega
darkedge	Dark Edge (World)	1992	Sega
darkplnt	Dark Planet	1982	Stern Electronics
darksealj	Dark Seal (Japan revision 4)	1990	Data East Corporation
darkseal1	Dark Seal (World revision 1)	1990	Data East Corporation
darkseal	Dark Seal (World revision 3)	1990	Data East Corporation
darkseal2	Dark Seal 2 (Japan v2.1)	1992	Data East Corporation
darktowr	Dark Tower	1992	The Game Room
dstlka	Darkstalkers: The Night Warriors (Asia 940705)	1994	Capcom
dstlkb	Darkstalkers: The Night Warriors (Brazil 940818)	1994	Capcom
dstlk	Darkstalkers: The Night Warriors (Europe 940705)	1994	Capcom
dstlkh	Darkstalkers: The Night Warriors (Hispanic 940818)	1994	Capcom
dstlku1d	Darkstalkers: The Night Warriors (USA 940705 Phoenix Edition) (bootleg)	1994	bootleg
dstlkur1	Darkstalkers: The Night Warriors (USA 940705)	1994	Capcom
dstlku	Darkstalkers: The Night Warriors (USA 940818)	1994	Capcom
dwi	DarkWing Duck (FMV Demo)	2009	Sergi
dwia	DarkWing Duck (FMV Demo, alt)	2009	Sergi
darwin	Darwin 4078 (Japan)	1986	Data East Corporation
dquizgo	Date Quiz Go Go (Korea)	1998	SemiCom / AceVer
dquizgo2	Date Quiz Go Go Episode 2	2000	SemiCom
powj	Datsugoku - Prisoners of War (Japan)	1988	SNK
deadang	Dead Angle	1988	Seibu Kaihatsu
deadconxj	Dead Connection (Japan)	1992	Taito Corporation
deadconx	Dead Connection (World)	1992	Taito Corporation Japan
deathbrd	Death Brade (Japan ver JM-3)	1991	Data East Corporation
dderby	Death Derby	2003	David Widel
deathsml	Deathsmiles (2007/10/09 MASTER VER)	2007	Cave (AMI license)
dsmbl	Deathsmiles MegaBlack Label (2008/10/06 MEGABLACK LABEL VER)	2008	Cave (AMI license)
decomult	DECO Cassette System ROM Multigame (David Widel)	2008	bootleg (David Widel)
deerhunte	Deer Hunting USA V1	2000	Sammy USA Corporation
deerhuntd	Deer Hunting USA V2	2000	Sammy USA Corporation
deerhuntc	Deer Hunting USA V3	2000	Sammy USA Corporation
deerhuntb	Deer Hunting USA V4.0	2000	Sammy USA Corporation
deerhunta	Deer Hunting USA V4.2	2000	Sammy USA Corporation
deerhunt	Deer Hunting USA V4.3	2000	Sammy USA Corporation
deerhuntj	Deer Hunting USA V4.4.1 (Japan)	2000	Sammy USA Corporation
defence	Defence Command (bootleg of Defender)	1981	bootleg (Outer Limits)
redufob	Defend the Terra Attack on the Red UFO (bootleg, set 1)	1981	bootleg
redufob2	Defend the Terra Attack on the Red UFO (bootleg, set 2)	1981	bootleg
redufob3	Defend the Terra Attack on the Red UFO (bootleg, set 3)	1981	bootleg
redufo	Defend the Terra Attack on the Red UFO	1981	Artic
defenderb	Defender (Blue label)	1980	Williams
defenderg	Defender (Green label)	1980	Williams
defender	Defender (Red label)	1980	Williams
defenderw	Defender (White label)	1980	Williams
defenseb	Defense (bootleg of Defender)	198?	bootleg
defense	Defense (System 16B, FD1089A 317-0028)	1987	Sega
defcmnd	Defense Command (bootleg of Defender)	1980	bootleg
deltrace	Delta Race	1981	bootleg (Allied Leisure)
deluxe4u	Deluxe 4 U (ver. 0107, 07/01/2000)	2000	ESD
deluxe5	Deluxe 5 (ver. 0107, 07/01/2000, set 1)	2000	ESD
deluxe5a	Deluxe 5 (ver. 0107, 07/01/2000, set 2)	2000	ESD
deluxe5b	Deluxe 5 (ver. 0107, 07/01/2000, set 3)	2000	ESD
demoderbc	Demolition Derby (cocktail)	1984	Bally Midway
demoderm	Demolition Derby (MCR-3 Mono Board Version)	1984	Bally Midway
demoderb	Demolition Derby	1984	Bally Midway
dmnfrntpcba	Demon Front (VM105XX, S105XX, China, Single PCB Version)	2002	IGS
dmnfrnt102	Demon Front / Moyu Zhanxian (68k label V102, ROM M102XX 06/19/02) (ARM label V102, ROM 05/24/02 S101XX)	2002	IGS
dmnfrnt103	Demon Front / Moyu Zhanxian (68k label V103, ROM M103XX 07/05/02) (ARM label V103, ROM 07/05/02 S103XX)	2002	IGS
dmnfrnt	Demon Front / Moyu Zhanxian (68k label V105, ROM M105XX 08/05/02) (ARM label V105, ROM 08/05/02 S105XX)	2002	IGS
dmnfrntpcb	Demon Front V1.1 / Moyu Zhanxian V1.1 (68k label V107KR, ROM M107KR 11/03/03) (ARM label V106KR, ROM 10/16/03 S106KR) (JAMMA PCB)	2002	IGS
demonwld	Demon's World (World) / Horror Story (Japan) (set 1)	1990	Toaplan
demonwld1	Demon's World (World) / Horror Story (Japan) (set 2)	1989	Toaplan
demonwld2	Demon's World (World) / Horror Story (Japan) (set 3)	1989	Toaplan
demonwld3	Demon's World (World) / Horror Story (Japan) (set 4)	1989	Toaplan
demonwld4	Demon's World (World) / Horror Story (Japan) (set 5)	1989	Toaplan
demonwld5	Demon's World (World) / Horror Story (Japan) (set 6)	1989	Toaplan (APM Electronics license)
demndrgn	Demons & Dragons (Prototype)	1982	Dave Nutting Associates / Bally Midway
denjinmk	Denjin Makai (set 1)	1994	Winkysoft (Banpresto license)
denjinmka	Denjin Makai (set 2)	1994	Winkysoft (Banpresto license)
depthcho	Depthcharge (older)	1977	Gremlin
depthch	Depthcharge	1977	Gremlin
deroon	Deroon DeroDero (earlier, set 1)	1995	Tecmo
deroona	Deroon DeroDero (earlier, set 2)	1996	Tecmo
deroon2	Deroon DeroDero / Tecmo Stackers	1996	Tecmo
dassault4	Desert Assault (US 4 Players)	1991	Data East Corporation
dassault	Desert Assault (US)	1991	Data East Corporation
desertbrjd	Desert Breaker (Japan) (bootleg of FD1094 317-0194 set)	1992	bootleg
desertbrj	Desert Breaker (Japan) (FD1094 317-0194)	1992	Sega
desertbrd	Desert Breaker (World) (bootleg of FD1094 317-0196 set)	1992	bootleg
desertbr	Desert Breaker (World) (FD1094 317-0196)	1992	Sega
desertdn	Desert Dan	1982	Kawakusu (Video Optics license)
desertwr	Desert War / Wangan Sensou (ver 1.0)	1995	Jaleco
detatwin	Detana!! Twin Bee (Japan, version J)	1991	Konami
devstors2	Devastators (ver. 2)	1988	Konami
devstorsv	Devastators (ver. V)	1988	Konami
devstorsx	Devastators (ver. X)	1988	Konami
devstors	Devastators (ver. Z)	1988	Konami
devilfshg	Devil Fish (Galaxian hardware)	1982	Artic
devilfshgb	Devil Fish (Galaxian hardware, bootleg)	1984	bootleg (Vision)
devilfsh	Devil Fish (Mars hardware)	1982	Artic
devilw	Devil World	1987	Konami
dharmag	Dharma Doujou (Germany)	1994	Metro
dharmaj	Dharma Doujou (Japan)	1994	Metro
dharmak	Dharma Doujou (Korea)	1994	Metro
dharma	Dharma Doujou	1994	Metro
diamrun	Diamond Run	1989	KH Video
dicegame	Dice - The Dice Game!	1991	bootleg (Tuning)
dtfamily	Diet Family	2001	SemiCom
dietgoeb	Diet Go Go (Europe v1.1 1992.08.04)	1992	Data East Corporation
dietgo	Diet Go Go (Europe v1.1 1992.09.26, set 1)	1992	Data East Corporation
dietgoe	Diet Go Go (Europe v1.1 1992.09.26, set 2)	1992	Data East Corporation
dietgoea	Diet Go Go (Europe v1.1 1992.09.26, set 3)	1992	Data East Corporation
dietgoj	Diet Go Go (Japan v1.1 1992.09.26)	1992	Data East Corporation
dietgou	Diet Go Go (USA v1.1 1992.09.26)	1992	Data East Corporation
digdugat	Dig Dug (Atari, rev 2)	1982	Namco (Atari license)
digdug1	Dig Dug (rev 1)	1982	Namco
digdug	Dig Dug (rev 2)	1982	Namco
digdug2	Dig Dug II (New Ver.)	1985	Namco
digdug2o	Dig Dug II (Old Ver.)	1985	Namco
diggerma	Digger Man (prototype)	2000	Kyle Hodgetts
digger	Digger	1980	Sega
dimahoo	Dimahoo (Europe 000121)	2000	Eighting / Raizing (Capcom license)
dimahoud	Dimahoo (USA 000121 Phoenix Edition) (bootleg)	2000	bootleg
dimahoou	Dimahoo (USA 000121)	2000	Eighting / Raizing (Capcom license)
dingo	Dingo	1983	Ashby Computers and Graphics Ltd. (Jaleco license)
dinorexj	Dino Rex (Japan)	1992	Taito Corporation
dinorexu	Dino Rex (US)	1992	Taito America Corporation
dinorex	Dino Rex (World)	1992	Taito Corporation Japan
dinohunt	Dinosaur Hunter (Chinese bootleg of Cadillacs and Dinosaurs)	1993	bootleg
dirtfoxj	Dirt Fox (Japan)	1989	Namco
discoboyp	Disco Boy (Promat license)	1993	Soft Art Co. / Promat
discoboy	Disco Boy	1993	Soft Art Co.
cdiscon1	Disco No.1 (DECO Cassette) (US)	1982	Data East Corporation
discof	Disco No.1 (Rev.F)	1982	Data East
disco	Disco No.1	1982	Data East
dotrone	Discs of Tron (Environmental)	1983	Bally Midway
dotronep	Discs of Tron (Environmental, prototype, 8/9/83)	1983	Bally Midway
dotron	Discs of Tron (Upright, 10/4/83)	1983	Bally Midway
dotrona	Discs of Tron (Upright, 9/22/83)	1983	Bally Midway
diverboy	Diver Boy	1992	Gamart (Electronic Devices Italy license)
djboyj	DJ Boy (Japan, set 1)	1989	Kaneko (Sega license)
djboyja	DJ Boy (Japan, set 2)	1989	Kaneko (Sega license)
djboyu	DJ Boy (US, set 1)	1990	Kaneko (American Sammy license)
djboyua	DJ Boy (US, set 2)	1990	Kaneko (American Sammy license)
djboy	DJ Boy (World)	1989	Kaneko
djgirl	DJ Girl (Promat license)	1993	Soft Art Co. / Promat
dorunrunc	Do! Run Run (Do's Castle hardware, set 1)	1984	Universal
dorunrunca	Do! Run Run (Do's Castle hardware, set 2)	1984	Universal
dorunrun	Do! Run Run (set 1)	1984	Universal
dorunrun2	Do! Run Run (set 2)	1984	Universal
dockman	Dock Man (set 1)	1982	Taito Corporation
dockmanb	Dock Man (set 2)	1982	Taito Corporation
dockmanc	Dock Man (set 3)	1982	Taito Corporation
dodgeman	Dodge Man	1983	Omori Electric Co., Ltd.
ddonpacha	DoDonPachi (2012/02/12 Arrange Ver. 1.1) (hack)	2012	hack (trap15)
ddonpachj	DoDonPachi (Japan, 1997 2/ 5 Master Ver.)	1997	Cave (Atlus license)
ddonpach	DoDonPachi (World, 1997 2/ 5 Master Ver.)	1997	Cave (Atlus license)
ddp2100c	DoDonPachi - Feng Bao (China, ver. 100)	2001	IGS
ddp2101c	DoDonPachi - Feng Bao (China, ver. 101)	2001	IGS
ddp2c	DoDonPachi - Feng Bao (China, ver. 102)	2001	IGS
ddp2100t	DoDonPachi - Feng Bao (Taiwan, ver. 100)	2001	IGS
ddp2101t	DoDonPachi - Feng Bao (Taiwan, ver. 101)	2001	IGS
ddp2t	DoDonPachi - Feng Bao (Taiwan, ver. 102)	2001	IGS
dfkbl	DoDonPachi Dai-Fukkatsu Black Label (2010/1/18 BLACK LABEL)	2010	Cave
ddpdfk10	DoDonPachi Dai-Fukkatsu Ver 1.0 (2008/05/16 MASTER VER)	2008	Cave (AMI license)
ddpdfk	DoDonPachi Dai-Fukkatsu Ver 1.5 (2008/06/23 MASTER VER 1.5)	2008	Cave (AMI license)
ddpdojb	DoDonPachi Dai-Ou-Jou (Japan, 2002.04.05 Master Ver)	2002	Cave (AMI license)
ddpdojp	DoDonPachi Dai-Ou-Jou (Japan, 2002.04.05 Master Ver, location test)	2002	Cave (AMI license)
ddpdoja	DoDonPachi Dai-Ou-Jou (Japan, 2002.04.05.Master Ver, 68k Label V100)	2002	Cave (AMI license)
ddpdoj	DoDonPachi Dai-Ou-Jou (Japan, 2002.04.05.Master Ver, 68k Label V101)	2002	Cave (AMI license)
ddpdojblkb	DoDonPachi Dai-Ou-Jou Black Label (Japan, 2002.10.07 Black Ver)	2002	Cave (AMI license)
ddpdojblkbl	DoDonPachi Dai-Ou-Jou Black Label (Japan, 2002.10.07 Black Ver., bootleg Knights of Valour Super Heroes conversion)	2012	bootleg
ddpdojblk	DoDonPachi Dai-Ou-Jou Black Label (Japan, 2002.10.07.Black Ver, newer)	2002	Cave (AMI license)
ddpdojblka	DoDonPachi Dai-Ou-Jou Black Label (Japan, 2002.10.07.Black Ver, older)	2002	Cave (AMI license)
ddpdojt	DoDonPachi Dai-Ou-Jou Tamashii (V201, China)	2010	IGS / Cave (Tong Li Animation license)
ddpdojtd	DoDonPachi Dai-Ou-Jou Tamashii (V201, Decrypted)	2010	IGS / Cave
ddp2100j	DoDonPachi II (Japan, ver. 100)	2001	IGS (Cave license)
ddp2101j	DoDonPachi II (Japan, ver. 101)	2001	IGS (Cave license)
ddp2j	DoDonPachi II (Japan, ver. 102)	2001	IGS (Cave license)
ddp2100k	DoDonPachi II - Bee Storm (Korea, ver. 100)	2001	IGS
ddp2101k	DoDonPachi II - Bee Storm (Korea, ver. 101)	2001	IGS
ddp2k	DoDonPachi II - Bee Storm (Korea, ver. 102)	2001	IGS
ddp2100	DoDonPachi II - Bee Storm (World, ver. 100)	2001	IGS
ddp2101	DoDonPachi II - Bee Storm (World, ver. 101)	2001	IGS
ddp2	DoDonPachi II - Bee Storm (World, ver. 102)	2001	IGS
ddp2100hk	DoDonPachi II - Fung Bou (Hong Kong, ver. 100)	2001	IGS
ddp2101hk	DoDonPachi II - Fung Bou (Hong Kong, ver. 101)	2001	IGS
ddp2hk	DoDonPachi II - Fung Bou (Hong Kong, ver. 102)	2001	IGS
ddp3	DoDonPachi III (World, 2002.05.15 Master Ver)	2002	Cave (AMI license)
sdojak	DoDonPachi SaiDaiOuJou & Knuckles (CaveDwellers Hack)	2021	hack
ddpsdoj	DoDonPachi SaiDaiOuJou (2012/ 4/20)	2012	Cave
dogfight	Dog Fight (Thunderbolt)	1983	Orca / Thunderbolt
dogosoke	Dogou Souken (Japan)	1986	SNK
dogosokb	Dogou Souken (Joystick hack bootleg)	1986	bootleg
dogyuunt	Dogyuun (10/9/1992 location test)	1992	Toaplan
dogyuuna	Dogyuun (older set)	1992	Toaplan
dogyuunb	Dogyuun (oldest set)	1992	Toaplan
dogyuun	Dogyuun	1992	Toaplan
dokaben	Dokaben (Japan)	1989	Capcom
dokaben2	Dokaben 2 (Japan)	1989	Capcom
dolmen	Dolmen	1995	Afega
domino	Domino Man (set 1)	1982	Bally Midway
dominoa	Domino Man (set 2)	1982	Bally Midway
dommy	Dommy	1983	Technos Japan
dondokodj	Don Doko Don (Japan, rev 1)	1989	Taito Corporation
dondokodu	Don Doko Don (US, rev 1)	1989	Taito America Corporation
dondokod	Don Doko Don (World, rev 1)	1989	Taito Corporation Japan
drgnwrldv40k	Dongbang Jiju (Korea, V040K)	1995	IGS
dking	Donkey King	1981	bootleg
dkingjr	Donkey King Jr. (bootleg of Donkey Kong Jr.)	1982	bootleg
kong2600	Donkey Kong (2600 graphics, hack)	1999	Vic Twenty George
dkonghrd	Donkey Kong (hard kit)	1981	Nintendo of America
dkongj	Donkey Kong (Japan set 1)	1981	Nintendo
dkongjo	Donkey Kong (Japan set 2)	1981	Nintendo
dkongjo1	Donkey Kong (Japan set 3)	1981	Nintendo
dkongpac	Donkey Kong (Pacman Graphics)	2001	Hack (Tim Appleton)
dkongp	Donkey Kong (Patched)	2007	Hack (Don Hodges)
ckongdks	Donkey Kong (Spanish bootleg of Crazy Kong)	1981	bootleg
dkong	Donkey Kong (US set 1)	1981	Nintendo of America
dkongo	Donkey Kong (US set 2)	1981	Nintendo
dkrainbow	Donkey Kong - Arcade Rainbow (hack)	2015	hack (john Kowalski)
dkong3abl	Donkey Kong 3 (bootleg on Ambush hardware)	1983	bootleg
dkong3b	Donkey Kong 3 (bootleg on Donkey Kong Jr. hardware)	1984	bootleg
dkong3j	Donkey Kong 3 (Japan)	1983	Nintendo
dkong3	Donkey Kong 3 (US)	1983	Nintendo of America
dkaccel	Donkey Kong Accelerate	2023	Paul Goes
dkong40y	Donkey Kong Anniversary Edition	2021	Paul Goes
dkongbp	Donkey Kong Barrelpalooza v1.06	2021	Paul Goes
dkongbp1	Donkey Kong Barrelpalooza v1.07	2021	Paul Goes
dkongchm1	Donkey Kong Championship Edition v1.01	2020	Paul Goes
dkchrmx	Donkey Kong Christmas Remix (Hack)	2017	Sock Master
dkchrte	Donkey Kong Christmas Tournament Edition (Hack)	2022	Sock Master
dkcbarrel	Donkey Kong Crazy Barrels Edition	2019	Paul Goes
dkduel	Donkey Kong Duel	2021	Paul Goes
dkongf	Donkey Kong Foundry (hack)	2004	hack (Jeff Kulczycki)
dkfreerun	Donkey Kong Freerun Edition	2019	Paul Goes
dkhrthnt	Donkey Kong Hearthunt	2022	Paul Goes
dkongx11	Donkey Kong II: Jumpman Returns (hack, V1.1)	2006	hack (Braze Technologies)
dkongx	Donkey Kong II: Jumpman Returns (hack, V1.2)	2006	hack (Braze Technologies)
dkongitd	Donkey Kong In the Dark v1.02	2020	Paul Goes
dkongjrm	Donkey Kong Jr. (bootleg on Moon Cresta hardware, set 1)	1982	bootleg
dkongjrb	Donkey Kong Jr. (bootleg)	1982	bootleg
dkongjrj	Donkey Kong Jr. (Japan)	1982	Nintendo
dkongjnrj	Donkey Kong Junior (Japan set F-1)	1982	Nintendo
dkongjr	Donkey Kong Junior (US set F-2)	1982	Nintendo of America
dkongjr2	Donkey Kong Junior (US, bootleg?)	1982	Nintendo of America
dkongchm	Donkey Kong League Championship v1.00	2020	Paul Goes
dkongotr	Donkey Kong On the Run v1.02	2020	Paul Goes
dkpmx	Donkey Kong Pac-Man Crossover	2024	Paul Goes
dkpace	Donkey Kong Pace	2016	Hack (Sock Master)
dkongran1	Donkey Kong Randomized Edition v1.01	2020	Paul Goes
dkrdemo	Donkey Kong Remix (Demo)	2015	Hack (Sockmaster)
dkremix	Donkey Kong Remix (Hack)	2023	hack
dkongrev	Donkey Kong Reverse (Hack)	2019	Hack (Paul Goes)
dkrndmzr	Donkey Kong RNDMZR	2022	Paul Goes
dkongss	Donkey Kong Skip Start v1.00	2020	Paul Goes
dkspkyrmx	Donkey Kong Spooky Remix (Hack)	2018	Sock Master
dkspkyte	Donkey Kong Spooky Tournament Edition (Hack)	2022	Sock Master
dkongst2	Donkey Kong Springs Trainer 2	2020	Sock Master
dkongst	Donkey Kong Springs Trainer	2019	Sock Master
dkongte	Donkey Kong Tournament Edition (Hack)	2022	Sock Master
dktrainer	Donkey Kong Trainer 1.01	2016	Hack (Sock Master)
dkongtj	Donkey Kong Twisted Jungle v1.05	2021	Paul Goes
dkwizardry	Donkey Kong Wizardry	2022	Paul Goes
dkongpe	Donkey Kong: Pauline Edition Rev 5 (2013-04-22)	2013	hack (Clay Cowgill and Mike Mika)
donpachihk	DonPachi (Hong Kong, ver. 1.10, 95/05/17)	1995	Cave (Atlus license)
donpachijs	DonPachi (Japan, ver. 1.01, 95/05/11 Satsuei)	1995	Cave (Atlus license)
donpachij	DonPachi (Japan, ver. 1.01, 95/05/11)	1995	Cave (Atlus license)
donpachikr	DonPachi (Korea, ver. 1.12, 95/05/2x)	1995	Cave (Atlus license)
donpachi	DonPachi (USA, ver. 1.12, 95/05/2x)	1995	Cave (Atlus license)
dorachan	Dora-chan (Japan)	1980	Alpha Denshi Co. / Craul Denshi
dorodon	Dorodon (set 1)	1982	UPL (Falcon license?)
dorodon2	Dorodon (set 2)	1982	UPL (Falcon license?)
dotrikun	Dottori Kun (new version)	1990	Sega
dotrikun2	Dottori Kun (old version)	1990	Sega
dotriman	Dottori-Man Jr.	2016	hack (Chris Covell)
dblaxleu	Double Axle (US)	1991	Taito America Corporation
dblaxleul	Double Axle (US, Rev 1, Linkable)	1991	Taito America Corporation
dblaxle	Double Axle (US, Rev 1, set 1)	1991	Taito America Corporation
dblaxleua	Double Axle (US, Rev 1, set 2)	1991	Taito America Corporation
ddragonbl	Double Dragon (bootleg with HD6309)	1987	bootleg
ddragonbla	Double Dragon (bootleg with MC6803)	1987	bootleg
ddragonbl2	Double Dragon (bootleg)	1987	bootleg
doubledrbh	Double Dragon (Boss hack)	1995	hack
ddragonj	Double Dragon (Japan set 1)	1987	Technos Japan
ddragonja	Double Dragon (Japan set 2)	1987	Technos Japan
doubledr	Double Dragon (Neo-Geo)	1995	Technos Japan
doubledt	Double Dragon (Optimized, Hack)	2014	hack
doubledp	Double Dragon (Plus, Hack)	2015	hack
doubldsp	Double Dragon (Special 2017, Hack)	2023	hack
ddragonu	Double Dragon (US set 1)	1987	Technos Japan (Taito America license)
ddragonua	Double Dragon (US set 2)	1987	Technos Japan (Taito America license)
ddragonub	Double Dragon (US set 3)	1987	Technos Japan (Taito America license)
ddragon	Double Dragon (World set 1)	1987	Technos Japan (Taito license)
ddragona	Double Dragon (World set 2)	1987	Technos Japan (Taito license)
ddragon3b	Double Dragon 3: The Rosetta Stone (bootleg)	1990	bootleg
ddragon3j	Double Dragon 3: The Rosetta Stone (Japan)	1990	East Technology / Technos Japan
ddragon3p	Double Dragon 3: The Rosetta Stone (prototype)	1990	East Technology / Technos Japan
ddragon3	Double Dragon 3: The Rosetta Stone (US)	1990	East Technology / Technos Japan
ddragon2j	Double Dragon II: The Revenge (Japan)	1988	Technos Japan
ddragon2u	Double Dragon II: The Revenge (US)	1988	Technos Japan
ddragon2bl	Double Dragon II: The Revenge (US, bootleg, set 1)	1988	bootleg
ddragon2b2	Double Dragon II: The Revenge (US, bootleg, set 2)	1988	bootleg
ddragon2	Double Dragon II: The Revenge (World)	1988	Technos Japan
doubled1	Double Dragon One (Beta 3.2 Version)	2025	OzzyOuzo
ddribblep	Double Dribble (prototype?)	1986	Konami
ddribble	Double Dribble	1986	Konami
dblpointd	Double Point (Dong Bang Electron, bootleg?)	1995	bootleg? (Dong Bang Electron)
dblpoint	Double Point	1995	Min Corp.
dblewingb	Double Wings (Asia)	1994	Mitchell
dblewing	Double Wings (set 1)	1993	Mitchell
dblewinga	Double Wings (set 2)	1993	Mitchell
downtownj	DownTown / Mokugeki (joystick hack)	1989	Seta
downtownp	DownTown / Mokugeki (prototype)	1989	Seta
downtown	DownTown / Mokugeki (set 1)	1989	Seta
downtown2	DownTown / Mokugeki (set 2)	1989	Seta
drmicro	Dr. Micro	1983	Sanritsu
drtomy	Dr. Tomy	1993	Playmark
drtoppelu	Dr. Toppel's Adventure (US)	1987	Kaneko / Taito America Corporation
drtoppel	Dr. Toppel's Adventure (World)	1987	Kaneko / Taito Corporation Japan
drtoppela	Dr. Toppel's Adventure (World, alt?)	1987	Taito Corporation Japan
drtoppelj	Dr. Toppel's Tankentai (Japan)	1987	Kaneko / Taito Corporation
dbza	Dragon Ball Z (rev A)	1993	Banpresto
dbz	Dragon Ball Z (rev B)	1993	Banpresto
dbz2	Dragon Ball Z 2 - Super Battle	1994	Banpresto
dbzvrvs	Dragon Ball Z: V.R. V.S. (Japan, Rev A)	1994	Sega / Banpresto
dragnblz	Dragon Blaze	2000	Psikyo
drgnbowl	Dragon Bowl (set 1, encrypted program)	1992	Nics
drgnbowla	Dragon Bowl (set 2, unencrypted program)	1992	Nics
dbreedjm72	Dragon Breed (Japan, M72 hardware)	1989	Irem
dbreedm72	Dragon Breed (World, M72 hardware)	1989	Irem
dbreed	Dragon Breed (World, M81 hardware)	1989	Irem
drgnbstr	Dragon Buster	1984	Namco
dragngunj	Dragon Gun (Japan)	1993	Data East Corporation
dragngun	Dragon Gun (US)	1993	Data East Corporation
drgnmst	Dragon Master (set 1)	1994	Unico
drgnmst2	Dragon Master (set 2)	1994	Unico
dsaberj	Dragon Saber (Japan, Rev B)	1990	Namco
dsaber	Dragon Saber (World, DO2)	1990	Namco
dsabera	Dragon Saber (World, older?)	1990	Namco
dspirit2	Dragon Spirit (DS2)	1987	Namco
dspirit	Dragon Spirit (new version (DS3))	1987	Namco
dspirit1	Dragon Spirit (old version (DS1))	1987	Namco
drgnunit	Dragon Unit / Castle of Dragon	1989	Athena / Seta
drgnwrldv21	Dragon World (World, V021O)	1995	IGS
drgnwrldv30	Dragon World (World, V030O)	1995	IGS
drgnwrld	Dragon World (World, V040O)	1997	IGS
drgw3105	Dragon World 3 / Zhongguo Long 3 / Dungfong Zi Zyu 3 / Chuugokuryuu 3 Special (ver. 105)	1998	IGS
drgw3	Dragon World 3 / Zhongguo Long 3 / Dungfong Zi Zyu 3 / Chuugokuryuu 3 Special (ver. 106)	1998	IGS
dwex	Dragon World 3 EX / Zhongguo Long 3 EX / Dungfong Zi Zyu 3 EX / Chuugokuryuu 3 EX (ver. 100)	2000	IGS
dwex101cn	Dragon World 3 EX / Zhongguo Long 3 EX / Dungfong Zi Zyu 3 EX / Chuugokuryuu 3 EX (ver. 101CN)	2001	IGS
drgw2100x	Dragon World II (ver. 100X, Export)	1997	IGS
drgw2	Dragon World II (ver. 110X, Export)	1997	IGS
dragonsh	Dragon's Heaven (development board)	1997	Face
drgninjab2	Dragonninja (bootleg with 68705)	1988	bootleg
drgninjab	Dragonninja (bootleg)	1988	bootleg
drgninja	Dragonninja (Japan, revision 1)	1988	Data East Corporation
drakton	Drakton (DK conversion)	1984	Epos Corporation
drktnjr	Drakton (DKJr conversion)	1984	Epos Corporation
keithlcy	Dramatic Adventure Quiz Keith & Lucy (Japan)	1993	Visco
dreambal	Dream Ball (Japan V2.4)	1993	NDK / Data East
dland	Dream Land / Super Dream Land (bootleg of Bubble Bobble)	1987	bootleg
dremshpr	Dream Shopper	1982	Sanritsu
dsoccr94j	Dream Soccer '94 (Japan, M92 hardware)	1994	Irem
dsoccr94k	Dream Soccer '94 (Korea, M107 hardware)	1994	Irem (Data East Corporation license)
dsoccr94	Dream Soccer '94 (World, M107 hardware)	1994	Irem (Data East Corporation license)
dreamwld	Dream World	2000	SemiCom
driblingam	Dribbling (Automave)	1983	Model Racing (Automave license)
driblingo	Dribbling (Olympia)	1983	Model Racing (Olympia license)
dribling	Dribbling (set 1)	1983	Model Racing
driblinga	Dribbling (set 2)	1983	Model Racing
driblingvm	Dribbling (Videomac bootleg, Brazil)	1983	bootleg (Videomac)
drifto94	Drift Out '94 - The Hard Order (Japan)	1994	Visco
driftout	Drift Out (Europe)	1991	Visco
driftoutj	Drift Out (Japan)	1991	Visco
driveout	Drive Out (bootleg of Drift Out)	1991	bootleg (Electronic Devices)
drivfrcb	Driving Force (Galaxian conversion bootleg)	1985	bootleg (Elsys Software)
drivfrcg	Driving Force (Galaxian conversion)	1984	Shinkai Inc. (Magic Electronics USA license)
drivfrcp	Driving Force (Pac-Man conversion)	1984	Shinkai Inc. (Magic Electronics Inc. license)
cdsteljn	DS Telejan (DECO Cassette) (Japan)	1981	Data East Corporation
dualaslt	Dual Assault	1984	Data East USA
ducki	Duck Tales (FMV Demo)	2009	Sergi
dumpmtmt	Dump Matsumoto (Japan, 8751 317-0011a)	1986	Sega
drgnwrldv11h	Dung Fong Zi Zyu (Hong Kong, V011H, set 1)	1995	IGS
drgnwrldv11ha	Dung Fong Zi Zyu (Hong Kong, V011H, set 2)	1995	IGS
dungeonmu	Dungeon Magic (Ver 2.1A 1994/02/18)	1993	Taito America Corporation
dungeonm	Dungeon Magic (Ver 2.1O 1994/02/18)	1993	Taito Corporation Japan
ddsom1v4	Dungeons & Dragons: Shadow over Mystara (1v4, Hack)	2009	hack
ddsomar1	Dungeons & Dragons: Shadow over Mystara (Asia 960208)	1996	Capcom
ddsoma	Dungeons & Dragons: Shadow over Mystara (Asia 960619)	1996	Capcom
ddsomb	Dungeons & Dragons: Shadow over Mystara (Brazil 960223)	1996	Capcom
ddsomcfs	Dungeons & Dragons: Shadow over Mystara (Change the Final Strike condition, Hack)	2009	e107
ddsomr3	Dungeons & Dragons: Shadow over Mystara (Europe 960208)	1996	Capcom
ddsomr2	Dungeons & Dragons: Shadow over Mystara (Europe 960209)	1996	Capcom
ddsomr1	Dungeons & Dragons: Shadow over Mystara (Europe 960223)	1996	Capcom
ddsom	Dungeons & Dragons: Shadow over Mystara (Europe 960619)	1996	Capcom
ddsomh	Dungeons & Dragons: Shadow over Mystara (Hispanic 960223)	1996	Capcom
ddsomjr2	Dungeons & Dragons: Shadow over Mystara (Japan 960206)	1996	Capcom
ddsomjr1	Dungeons & Dragons: Shadow over Mystara (Japan 960223)	1996	Capcom
ddsomj	Dungeons & Dragons: Shadow over Mystara (Japan 960619)	1996	Capcom
ddsomudp	Dungeons & Dragons: Shadow over Mystara (Plus, Hack)	2016	hack
ddsomjc	Dungeons & Dragons: Shadow over Mystara (T-Chi)	2015	hack
ddsomur1	Dungeons & Dragons: Shadow over Mystara (USA 960209)	1996	Capcom
ddsomud	Dungeons & Dragons: Shadow over Mystara (USA 960619 Phoenix Edition) (bootleg)	1996	bootleg
ddsomu	Dungeons & Dragons: Shadow over Mystara (USA 960619)	1996	Capcom
ddtodar1	Dungeons & Dragons: Tower of Doom (Asia 940113)	1993	Capcom
ddtoda	Dungeons & Dragons: Tower of Doom (Asia 940412)	1993	Capcom
ddtodr1	Dungeons & Dragons: Tower of Doom (Europe 940113)	1993	Capcom
ddtodd	Dungeons & Dragons: Tower of Doom (Europe 940412 Phoenix Edition) (bootleg)	1993	bootleg
ddtod	Dungeons & Dragons: Tower of Doom (Europe 940412)	1993	Capcom
ddtodhr2	Dungeons & Dragons: Tower of Doom (Hispanic 940113)	1993	Capcom
ddtodhr1	Dungeons & Dragons: Tower of Doom (Hispanic 940125)	1993	Capcom
ddtodh	Dungeons & Dragons: Tower of Doom (Hispanic 940412)	1993	Capcom
ddtodjr2	Dungeons & Dragons: Tower of Doom (Japan 940113)	1993	Capcom
ddtodjr1	Dungeons & Dragons: Tower of Doom (Japan 940125)	1993	Capcom
ddtodj	Dungeons & Dragons: Tower of Doom (Japan 940412)	1993	Capcom
ddtoddp	Dungeons & Dragons: Tower of Doom (Plus, Hack)	2016	hack
ddtodur1	Dungeons & Dragons: Tower of Doom (USA 940113)	1993	Capcom
ddtodu	Dungeons & Dragons: Tower of Doom (USA 940125)	1993	Capcom
drgw2100hk	Dungfong Zi Zyu II (ver. 100H, Hong Kong)	1997	IGS
ddream95	Dunk Dream '95 (Japan 1.4, EAM)	1995	Data East Corporation
dunkshoto	Dunk Shot (FD1089A 317-0022)	1986	Sega
dunkshota	Dunk Shot (Rev A, FD1089A 317-0022)	1987	Sega
dunkshot	Dunk Shot (Rev C, FD1089A 317-0022)	1987	Sega
dyger	Dyger (Korea set 1)	1989	Philko
dygera	Dyger (Korea set 2)	1989	Philko
dynagear	Dyna Gear	1993	Sammy
dynablst	Dynablaster / Bomber Man	1991	Irem (licensed from Hudson Soft)
dcclubj	Dynamic Country Club (Japan, ROM Based)	1991	Sega
dcclubfd	Dynamic Country Club (US, Floppy Based, FD1094 317-0058-09d)	1991	Sega
dcclub	Dynamic Country Club (World, ROM Based)	1991	Sega
dynamski	Dynamic Ski	1984	Taiyo System (Nichibutsu license)
dynabomb	Dynamite Bomber (Korea, Rev 1.5)	2000	Limenko
dynduke	Dynamite Duke (Europe, 03SEP89)	1989	Seibu Kaihatsu
dyndukea	Dynamite Duke (Europe, 25JUL89)	1989	Seibu Kaihatsu
dyndukej	Dynamite Duke (Japan, 03SEP89)	1989	Seibu Kaihatsu
dyndukeja	Dynamite Duke (Japan, 25JUL89)	1989	Seibu Kaihatsu
dyndukeu	Dynamite Duke (US, 25JUL89)	1989	Seibu Kaihatsu (Fabtek license)
dduxbl	Dynamite Dux (Datsu bootleg)	1989	bootleg (Datsu)
ddux1	Dynamite Dux (set 1, World) (8751 317-0095)	1988	Sega
dduxjd	Dynamite Dux (set 2, Japan) (bootleg of FD1094 317-0094 set)	1988	bootleg
dduxj	Dynamite Dux (set 2, Japan) (FD1094 317-0094)	1988	Sega
dduxd	Dynamite Dux (set 3, World) (bootleg of FD1094 317-0096 set)	1988	bootleg
ddux	Dynamite Dux (set 3, World) (FD1094 317-0096)	1988	Sega
dleaguej	Dynamite League (Japan)	1990	Taito Corporation
dleague	Dynamite League (US)	1990	Taito America Corporation
dynwara	Dynasty Wars (USA, B-Board 88622B-3)	1989	Capcom
dynwar	Dynasty Wars (USA, B-Board 89624B-?)	1989	Capcom
ejanhs	E Jong High School (Japan)	1996	Seibu Kaihatsu
ejsakura12	E-Jan Sakurasou (Japan, SYS386F V1.2)	1999	Seibu Kaihatsu
ejsakura	E-Jan Sakurasou (Japan, SYS386F V2.0)	1999	Seibu Kaihatsu
edfbl	E.D.F.: Earth Defense Force (bootleg)	1991	bootleg
edfu	E.D.F.: Earth Defense Force (North America)	1991	Jaleco
edf	E.D.F.: Earth Defense Force (set 1)	1991	Jaleco
edfa	E.D.F.: Earth Defense Force (set 2)	1991	Jaleco
edfb	E.D.F.: Earth Defense Force (set 3	1991	Jaleco
eagle	Eagle (set 1)	1980	Nichibutsu (Centuri license)
eagle2	Eagle (set 2)	1980	Nichibutsu (Centuri license)
eagle3	Eagle (set 3)	1980	Nichibutsu (Centuri license)
eaglshotj	Eagle Shot Golf (Japan, bootleg?)	1994	Sammy
eaglshot	Eagle Shot Golf (US)	1994	Sammy
ecofghtra	Eco Fighters (Asia 931203)	1993	Capcom
ecofghtrh	Eco Fighters (Hispanic 931203)	1993	Capcom
ecofghtru1	Eco Fighters (USA 931203)	1993	Capcom
ecofghtru	Eco Fighters (USA 940215)	1993	Capcom
ecofghtrd	Eco Fighters (World 931203 Phoenix Edition) (bootleg)	1993	bootleg
ecofghtr	Eco Fighters (World 931203)	1993	Capcom
eeekkp	Eeekk! (Pac-Man conversion)	1984	Epos Corporation
eeekk	Eeekk!	1983	Epos Corporation
egghunt	Egg Hunt	1995	Invi Image
eggor	Eggor	1983	Telko
eggs	Eggs (USA)	1983	Technos Japan (Universal USA license)
8ballact	Eight Ball Action (DK conversion)	1984	Seatongrove UK, Ltd. (Magic Electronics USA license)
8bpm	Eight Ball Action (Pac-Man conversion)	1985	Seatongrove UK, Ltd. (Magic Electronics USA license)
eightfrc	Eight Forces	1994	Tecmo
eightman	Eight Man (NGM-025 ~ NGH-025)	1991	SNK / Pallas
efdt	El Fin Del Tiempo	1981	Niemer
elevator	Elevator Action (BA3, 4 PCB version, 1.1)	1983	Taito Corporation
elevatorb	Elevator Action (bootleg)	1983	bootleg
elevatora	Elevator Action (EA, 5 PCB version, 1.1)	1983	Taito Corporation
elvact2u	Elevator Action II (Ver 2.2A 1995/02/20)	1994	Taito America Corporation
elvactrj	Elevator Action Returns (Ver 2.2J 1995/02/20)	1994	Taito Corporation
elvactr	Elevator Action Returns (Ver 2.2O 1995/02/20)	1994	Taito Corporation Japan
elim2c	Eliminator (2 Players, cocktail)	1981	Gremlin
elim2	Eliminator (2 Players, set 1)	1981	Gremlin
elim2a	Eliminator (2 Players, set 2)	1981	Gremlin
elim4	Eliminator (4 Players)	1981	Gremlin
elim4p	Eliminator (4 Players, prototype)	1981	Gremlin
emeraldah	Emeraldia (Bankbank New Rotate Hack)	2022	Namco
emeraldajb	Emeraldia (Japan Version B)	1993	Namco
emeraldajd	Emeraldia (Japan Version D)	1993	Namco
emeraldaj	Emeraldia (Japan)	1993	Namco
emeralda	Emeraldia (World)	1993	Namco
empcity	Empire City: 1931 (bootleg?)	1986	Seibu Kaihatsu
empcityfr	Empire City: 1931 (France)	1986	Seibu Kaihatsu (Norad license)
empcityi	Empire City: 1931 (Italy)	1986	Seibu Kaihatsu (Eurobed license)
empcityj	Empire City: 1931 (Japan)	1986	Seibu Kaihatsu (Taito license)
empcityu	Empire City: 1931 (US)	1986	Seibu Kaihatsu (Taito / Romstar license)
endurord	Enduro Racer (bootleg of Rev A, YM2151, FD1089B 317-0013A set)	1986	bootleg
enduror1d	Enduro Racer (bootleg of YM2203, FD1089B 317-0013A set)	1986	bootleg
endurobl	Enduro Racer (bootleg set 1)	1986	bootleg
enduror	Enduro Racer (Rev A, YM2151, FD1089B 317-0013A)	1986	Sega
endurora	Enduro Racer (Rev A, YM2151, mask ROM sprites, FD1089B 317-0013A)	1986	Sega
endurorb	Enduro Racer (YM2151, FD1089B 317-0013A)	1986	Sega
enduror1	Enduro Racer (YM2203, FD1089B 317-0013A)	1986	Sega
enforcej	Enforce (Japan)	1988	Taito Corporation
enforceja	Enforce (Japan, Analog Controls)	1988	Taito Corporation
enforce	Enforce (World)	1988	Taito Corporation Japan
enmadaio	Enma Daio (Japan)	1993	Toaplan / Taito
equites	Equites (World)	1984	Alpha Denshi Co.
equitess	Equites (World, Alt)	1984	Alpha Denshi Co. (Sega license)
eprom	Escape from the Planet of the Robot Monsters (set 1)	1989	Atari Games
esckids	Escape Kids (Asia, 4 Players)	1991	Konami
esckidsj	Escape Kids (Japan, 2 Players)	1991	Konami
espradejo	ESP Ra.De. (Japan, 1998 4/14 Master Ver.)	1998	Cave (Atlus license)
espradej	ESP Ra.De. (Japan, 1998 4/21 Master Ver.)	1998	Cave (Atlus license)
esprade	ESP Ra.De. - A.D.2018 Tokyo (World, 1998 4/22 International Ver.)	1998	Cave (Atlus license)
espgal	Espgaluda (2003/10/15 Master Ver)	2003	Cave (AMI license)
espgalbl	Espgaluda (2003/10/15 Master Ver, bootleg cartridge conversion)	2003	bootleg
espgal2a	Espgaluda II (2005/11/14 MASTER VER, newer CV1000-B PCB)	2005	Cave (AMI license)
espgal2b	Espgaluda II (2005/11/14 MASTER VER, original CV1000-B PCB)	2005	Cave (AMI license)
espgal2	Espgaluda II (2005/11/14.MASTER VER.)	2005	Cave (AMI license)
espial	Espial (Europe)	1983	Orca / Thunderbolt
espialj	Espial (Japan)	1983	Orca / Thunderbolt
espialn	Espial (Nova Apparate license)	1983	Orca / Thunderbolt
espialu	Espial (US?)	1983	Orca / Thunderbolt
euroch92j	Euro Champ '92 (Japan)	1992	Taito Corporation Japan
euroch92	Euro Champ '92 (World)	1992	Taito Corporation Japan
twcup90b1	Euro League (Italian hack of Tecmo World Cup '90, set 1)	1989	bootleg
twcup90ba	Euro League (Italian hack of Tecmo World Cup '90, set 2)	1989	bootleg
twcup90b3	Euro League (Italian hack of Tecmo World Cup '90, set 3)	1989	bootleg
evilston	Evil Stone	1990	Spacy Industrial, Ltd.
excelsr	Excelsior (set 1)	1996	Playmark
excelsra	Excelsior (set 2)	1996	Playmark
exctleagd	Excite League (bootleg of FD1094 317-0079 set)	1988	bootleg
exctleag	Excite League (FD1094 317-0079)	1988	Sega
excthour	Exciting Hour	1985	Technos Japan (Taito license)
exctsccra	Exciting Soccer (alternate music)	1983	Alpha Denshi Co.
exctsccrb	Exciting Soccer (bootleg)	1983	bootleg (Kazutomi)
exctsccrj	Exciting Soccer (Japan)	1983	Alpha Denshi Co.
exctsccrjo	Exciting Soccer (Japan, older)	1983	Alpha Denshi Co.
exctsccru	Exciting Soccer (US)	1983	Alpha Denshi Co.
exctsccr	Exciting Soccer (World)	1983	Alpha Denshi Co.
exctscc2	Exciting Soccer II (World)	1984	Alpha Denshi Co.
exedexes	Exed Exes	1985	Capcom
exerionb	Exerion (bootleg, set 1)	1983	bootleg
exeriont	Exerion (Taito)	1983	Jaleco (Taito America license)
exerion	Exerion	1983	Jaleco
exerizerb	Exerizer (bootleg)	1987	bootleg
exerizer	Exerizer (Japan)	1987	Jaleco
exodus	Exodus (bootleg?)	19??	bootleg? (Subelectro)
explorer	Explorer (bootleg of Scramble, set 1)	1981	bootleg (Sidam)
explorer2	Explorer (bootleg of Scramble, set 2)	1981	bootleg (Sidam)
cexplore	Explorer (DECO Cassette) (US)	1982	Data East Corporation
explbrkrk	Explosive Breaker (Korea)	1992	Kaneko
explbrkr	Explosive Breaker (World)	1992	Kaneko
exprraidbl	Express Raider (bootleg)	1986	bootleg
exprraidi	Express Raider (Italy)	1986	Data East Corporation
exprraidu	Express Raider (US, rev 5)	1986	Data East USA
exprraid	Express Raider (World, Rev 4)	1986	Data East Corporation
extrmatnj	Extermination (Japan)	1987	Taito Corporation
extrmatnur	Extermination (US, Romstar)	1987	Taito America Corporation (Romstar license)
extrmatnu	Extermination (US, World Games)	1987	Taito (World Games license)
extrmatn	Extermination (World)	1987	Taito Corporation Japan
exterm	Exterminator	1989	Premier Technology
ebases	Extra Bases	1980	Dave Nutting Associates / Midway
extdwnhl	Extreme Downhill (v1.5)	1995	Sammy Industries Japan
exvaniaj	Exvania (Japan)	1992	Namco
exvania	Exvania (World)	1992	Namco
exzisusa	Exzisus (Japan, conversion)	1987	Taito Corporation
exzisus	Exzisus (Japan, dedicated)	1987	Taito Corporation
exzisust	Exzisus (TAD license)	1987	Taito Corporation (TAD license)
eyesb	Eyes (bootleg, set 1)	1982	bootleg
eyeszacb	Eyes (bootleg, set 2, decrypted)	1982	bootleg
eyeszac	Eyes (Italy)	1982	Techstar (Zaccaria license)
eyes	Eyes (US, set 1)	1982	Techstar (Rock-Ola license)
eyes2	Eyes (US, set 2)	1982	Techstar (Rock-Ola license)
f1dreamb	F-1 Dream (bootleg, set 1)	1988	bootleg
f1dreamba	F-1 Dream (bootleg, set 2)	1988	bootleg
f1dream	F-1 Dream (set 1)	1988	Capcom (Romstar license)
f1dreama	F-1 Dream (set 2)	1988	Capcom (Romstar license)
f1gp	F-1 Grand Prix (set 1)	1991	Video System Co.
f1gpa	F-1 Grand Prix (set 2)	1991	Video System Co.
f1gp2	F-1 Grand Prix Part II	1992	Video System Co.
f1gpstr2	F-1 Grand Prix Star II	1993	Jaleco
fx	F-X (bootleg of S.R.D. Mission)	1986	bootleg
fa	F/A (Japan)	1992	Namco
f1enj	F1 Exhaust Note (Japan, Rev A)	1991	Sega
f1enu	F1 Exhaust Note (US, Rev A)	1991	Sega
f1en	F1 Exhaust Note (World, Rev A)	1991	Sega
f1lapj	F1 Super Lap (Japan)	1993	Sega
f1lap	F1 Super Lap (World)	1993	Sega
f1lapt	F1 Super Lap (World, Unprotected)	1993	Sega
faceoff	Face Off (Japan 2 Players)	1988	Namco
falcon	Falcon (bootleg of Phoenix) (8085A CPU)	1980	bootleg
falconz	Falcon (bootleg of Phoenix) (Z80 CPU)	1980	bootleg (Digimatic)
fncywld	Fancy World - Earth of Crisis	1996	Unico
fantasiaa	Fantasia (940307 PCB)	1994	Comad & New Japan System
fantasia	Fantasia (940429 PCB, set 1)	1994	Comad & New Japan System
fantasiab	Fantasia (940429 PCB, set 2)	1994	Comad & New Japan System
fantasian	Fantasia (940803 PCB)	1994	Comad & New Japan System
fantsia2n	Fantasia II (1998)	1998	Comad
fantsia2	Fantasia II (Explicit)	1997	Comad
fantsia2a	Fantasia II (Less Explicit)	1997	Comad
fantastc	Fantastic (Galaga conversion on Galaxian hardware)	198?	Taito do Brasil
fantsy95	Fantasy '95	1995	Hi-max Technology Inc.
fantasyg	Fantasy (Germany, set 1)	1981	SNK
fantasyg2	Fantasy (Germany, set 2)	1981	SNK
fantasyj	Fantasy (Japan)	1981	SNK
fantasyu	Fantasy (US)	1981	SNK (Rock-Ola license)
fantland	Fantasy Land (set 1)	19??	Electronic Devices Italy
fantlanda	Fantasy Land (set 2)	19??	Electronic Devices Italy
fantzonep	Fantasy Zone (317-5000)	1986	Sega
fantzonee	Fantasy Zone (FD1089B 317-0016)	1986	Sega
fantzoneno	Fantasy Zone (New, Oversea, PS2)	1986	Sega
fantzonenu	Fantasy Zone (New, US Rev.A, PS2)	1986	Sega
fantzonepr	Fantasy Zone (prototype)	1986	Sega
fantzone	Fantasy Zone (Rev A, unprotected)	1986	Sega
fantznps2	Fantasy Zone (System 16B, PS2 data file)	2008	Sega
fantzoneta	Fantasy Zone (Time Attack, bootleg)	2008	bootleg
fantzone1	Fantasy Zone (unprotected)	1986	Sega
fantzn2	Fantasy Zone II - The Tears of Opa-Opa (MC-8123, 317-0057)	1988	Sega
fantzn2x	Fantasy Zone II - The Tears of Opa-Opa (System 16C version)	2008	Sega / M2
fantzn2xp	Fantasy Zone II - The Tears of Opa-Opa (System 16C version, prototype)	2008	Sega / M2
fantzn2xps2	Fantasy Zone II - The Tears of Opa-Opa (System 16C, PS2 data file)	2008	Sega / M2
fantznta	Fantasy Zone Time Attack (System 16B, PS2 data file)	2008	Sega
fantazia	Fantazia (bootleg?)	1980	bootleg (Subelectro)
kabukiklb	Far East of Eden - Kabuki Klash / Tengai Makyou - Shin Den (Add hidden characters)	2008	Ydmis / Creamymami[EGCG]
kabukijq	Far East of Eden - Kabuki Klash / Tengai Makyou - Shin Den (Enhanced, Hack)	2023	hack
kabukikl	Far East of Eden - Kabuki Klash / Tengai Makyou - Shin Den	1995	Hudson
farmer	Farmers Rebellion	1985	Sun Electronics
fastfred	Fast Freddie	1982	Kaneko (Atari license)
fastlane	Fast Lane	1987	Konami
sqbert	Faster, Harder, More Challenging Q*bert (prototype)	1983	Mylstar
ffury1bs	Fatal Fury - King of Fighters / Garou Densetsu - Shukumei no Tatakai (Boss, Hack)	1992	hack
fatfury1	Fatal Fury - King of Fighters / Garou Densetsu - Shukumei no Tatakai (NGM-033 ~ NGH-033)	1991	SNK
ffury2es	Fatal Fury 2 / Garou Densetsu 2 - Arata-naru Tatakai (Easy Special Attacks, Hack)	1992	hack
fatfury2	Fatal Fury 2 / Garou Densetsu 2 - Arata-naru Tatakai (NGM-047 ~ NGH-047)	1992	SNK
fatfury2a	Fatal Fury 2 / Garou Densetsu 2 - arata-naru tatakai (NGM-047)	1992	SNK
ffury3eh	Fatal Fury 3 - Road to the Final Victory / Garou Densetsu 3 - Haruka-naru Tatakai (Add Char - Ultra kill style changed, Hack)	1995	hack
ffury3bs	Fatal Fury 3 - Road to the Final Victory / Garou Densetsu 3 - Haruka-naru Tatakai (Ancient Battles Resurgence, Hack)	2015	hack
fatfury3a	Fatal Fury 3 - Road to the Final Victory / Garou Densetsu 3 - haruka-naru tatakai (NGM-069 ~ NGH-069) (alternate set)	1995	SNK
fatfury3	Fatal Fury 3 - Road to the Final Victory / Garou Densetsu 3 - Haruka-naru Tatakai (NGM-069 ~ NGH-069)	1995	SNK
ffurspbt	Fatal Fury Special / Garou Densetsu Special (BT Version PPX, Hack)	1993	hack
fatfursp	Fatal Fury Special / Garou Densetsu Special (NGM-058 ~ NGH-058, set 1)	1993	SNK
fatfurspa	Fatal Fury Special / Garou Densetsu Special (NGM-058 ~ NGH-058, set 2)	1993	SNK
ffurspbs	Fatal Fury Special / Garou Densetsu Special (Optional Hidden Character Third Edition, Hack)	1993	hack
fax2	FAX 2	1983	Exidy
fax	FAX	1983	Exidy
kovfyzq4in1	Feng Yun 4 in 1 (multi-game cart, bootleg of Knights of Valour Super Heroes, V100CN, V200CN)	2009	bootleg
fenixexpl	Fenix (Explomatic, Spanish bootleg of Phoenix)	1980	bootleg (Explomatic)
fenixn	Fenix (Niemer bootleg of Phoenix)	1980	bootleg (Niemer)
fenix	Fenix (Orio bootleg of Phoenix)	1980	bootleg (Orio)
feversos	Fever SOS (World, 98/09/25 VER)	1998	Cave (Nihon System license)
fcombat	Field Combat	1985	Jaleco
fightfev	Fight Fever / Wang Jung Wang (set 1)	1994	Viccom
fightfeva	Fight Fever / Wang Jung Wang (set 2)	1994	Viccom
fghtatck	Fighter & Attacker (US)	1992	Namco
fghthistjb	Fighter's History (Japan ver 41-04, DE-0380-1 PCB)	1993	Data East Corporation
fghthistja	Fighter's History (Japan ver 41-05, DE-0380-2 PCB)	1993	Data East Corporation
fghthistj	Fighter's History (Japan ver 41-07, DE-0395-1 PCB)	1993	Data East Corporation
fghthistuc	Fighter's History (US ver 42-03, DE-0380-2 PCB)	1993	Data East Corporation
fghthistub	Fighter's History (US ver 42-05, DE-0395-1 PCB)	1993	Data East Corporation
fghthistua	Fighter's History (US ver 42-06, DE-0395-1 PCB)	1993	Data East Corporation
fghthistu	Fighter's History (US ver 42-09, DE-0396-0 PCB)	1993	Data East Corporation
fghthistb	Fighter's History (World ver 43-05, DE-0380-2 PCB)	1993	Data East Corporation
fghthista	Fighter's History (World ver 43-07, DE-0380-2 PCB)	1993	Data East Corporation
fghthist	Fighter's History (World ver 43-09, DE-0395-1 PCB)	1993	Data East Corporation
fswords	Fighters Swords (Korean release of Samurai Shodown III)	1995	SNK
fghtbskt	Fighting Basketball	1984	Paradise Co. Ltd.
ffantasyb	Fighting Fantasy (Japan revision ?)	1989	Data East Corporation
ffantasya	Fighting Fantasy (Japan)	1989	Data East Corporation
ffantasyj	Fighting Fantasy (Japan, revision 2)	1989	Data East Corporation
ffantasy	Fighting Fantasy (Japan, revision 3)	1989	Data East Corporation
fhawkj	Fighting Hawk (Japan)	1988	Taito Corporation
fhawk	Fighting Hawk (World)	1988	Taito Corporation Japan
cfghtice	Fighting Ice Hockey (DECO Cassette) (US)	1984	Data East Corporation
fightrol	Fighting Roller	1983	Kaneko (Taito license)
fsoccerj	Fighting Soccer (Japan)	1988	SNK
fsoccerb	Fighting Soccer (Joystick hack bootleg)	1988	bootleg
fsoccerba	Fighting Soccer (Joystick hack bootleg, alt)	1988	bootleg
fsoccer	Fighting Soccer (version 4)	1988	SNK
finalbj	Final Blow (Japan)	1988	Taito Corporation
finalbu	Final Blow (US, rev 1)	1988	Taito America Corporation
finalb	Final Blow (World)	1988	Taito Corporation Japan
fcrash	Final Crash (bootleg of Final Fight)	1990	bootleg (Playmark)
ffigh1v2	Final Fight (1v2, Hack)	2017	hack
ffightbla	Final Fight (bootleg on Final Crash PCB)	1990	bootleg
ffightbl	Final Fight (bootleg)	1990	bootleg
ffightfw	Final Fight (Framework, Hack)	2022	hack
ffightj1	Final Fight (Japan 900112)	1989	Capcom
ffightj2	Final Fight (Japan 900305)	1989	Capcom
ffightj3	Final Fight (Japan 900405)	1989	Capcom
ffightj4	Final Fight (Japan 900613)	1989	Capcom
ffightj	Final Fight (Japan)	1989	Capcom
ffightua	Final Fight (USA 900112)	1989	Capcom
ffightub	Final Fight (USA 900424)	1989	Capcom
ffightuc	Final Fight (USA 900613)	1989	Capcom
ffightu	Final Fight (USA, set 1)	1989	Capcom
ffightu1	Final Fight (USA, set 2)	1989	Capcom
ffightu2	Final Fight (USA, set 3)	1989	Capcom
ffightdw	Final Fight (Warriors, Hack)	2016-2020	hack
ffight	Final Fight (World, set 1)	1989	Capcom
ffighta	Final Fight (World, set 2)	1989	Capcom
ffightaemgc	Final Fight 30th Anniversary Edition (Mad Gear's City Hack)	2022	ZombieMaster
ffightae	Final Fight 30th Anniversary Edition (World, hack)	2019	hack
ffightaec2	Final Fight: Anniversary Edition (CPS2 hardware)	2022	bootleg
ffightaec2ds	Final Fight: Anniversary Edition (Deadly Streets, Hack)(CPS2 Hardware)	2023	ZombieMaster
finalgdr	Final Godori (Korea, version 2.20.5915)	2001	SemiCom
finallapjb	Final Lap (Japan, Rev B)	1987	Namco
finallapjc	Final Lap (Japan, Rev C)	1987	Namco
finallapc	Final Lap (Rev C)	1987	Namco
finallapd	Final Lap (Rev D)	1987	Namco
finallap	Final Lap (Rev E)	1987	Namco
finalap2j	Final Lap 2 (Japan)	1990	Namco
finalap2jb	Final Lap 2 (Japan, Rev B)	1990	Namco
finalap2	Final Lap 2	1990	Namco
finalap3bl	Final Lap 3 (bootleg)	1992	Namco
finalap3j	Final Lap 3 (Japan)	1992	Namco
finalap3jc	Final Lap 3 (Japan, Rev C)	1992	Namco
finalap3	Final Lap 3 (World, Rev C)	1992	Namco
finalap3a	Final Lap 3 (World, set 2)	1992	Namco
fstarfrcj	Final Star Force (Japan, set 1)	1992	Tecmo
fstarfrcja	Final Star Force (Japan, set 2)	1992	Tecmo
fstarfrc	Final Star Force (US)	1992	Tecmo
fstarfrcw	Final Star Force (World?)	1992	Tecmo
finalttr	Final Tetris	1993	Jeil Computer System
finalizrb	Finalizer - Super Transformation (bootleg)	1985	bootleg
finalizr	Finalizer - Super Transformation (set 1)	1985	Konami
finalizra	Finalizer - Super Transformation (set 2)	1985	Konami
finehour	Finest Hour (Japan)	1989	Namco
finger	Finger (bootleg of Stinger)	1983	bootleg
fball	Fire Ball (FM Work)	1992	FM Work
firebarr	Fire Barrel (Japan)	1993	Irem
firebatl	Fire Battle	1984	Woodplace Inc. (Taito license)
firehawk	Fire Hawk (World) / Huohu Chuanshuo (China) (horizontal)	2001	ESD
fireshrka	Fire Shark (earlier)	1989	Toaplan
fireshrkd	Fire Shark (Korea, set 1, easier)	1990	Toaplan (Dooyong license)
fireshrkdh	Fire Shark (Korea, set 2, harder)	1990	Toaplan (Dooyong license)
fireshrk	Fire Shark	1990	Toaplan
firetrapbl	Fire Trap (Japan bootleg)	1986	bootleg
firetrapj	Fire Trap (Japan)	1986	Woodplace Inc.
firetrapa	Fire Trap (US)	1986	Woodplace Inc. (Data East USA license)
firetrap	Fire Trap (US, rev A)	1986	Woodplace Inc. (Data East USA license)
firebeas	Firebeast (prototype)	1983	Atari
cfishing	Fishing (DECO Cassette) (Japan)	1982	Data East Corporation
fitterbl	Fitter (bootleg of Round-Up)	1981	bootleg
fitter	Fitter	1981	Taito Corporation
fixeight	FixEight (Europe)	1992	Toaplan
fixeightt	FixEight (Europe, Taito license)	1992	Toaplan (Taito license)
fixeighth	FixEight (Hong Kong)	1992	Toaplan
fixeightht	FixEight (Hong Kong, Taito license)	1992	Toaplan (Taito license)
fixeightk	FixEight (Korea)	1992	Toaplan
fixeightkt	FixEight (Korea, Taito license)	1992	Toaplan (Taito license)
fixeighta	FixEight (Southeast Asia)	1992	Toaplan
fixeightat	FixEight (Southeast Asia, Taito license)	1992	Toaplan (Taito license)
fixeighttw	FixEight (Taiwan)	1992	Toaplan
fixeighttwt	FixEight (Taiwan, Taito license)	1992	Toaplan (Taito license)
fixeightu	FixEight (USA)	1992	Toaplan
fixeightut	FixEight (USA, Taito license)	1992	Toaplan (Taito license)
fixeightj	FixEight - Jigoku no Eiyuu Densetsu (Japan)	1992	Toaplan
fixeightjt	FixEight - Jigoku no Eiyuu Densetsu (Japan, Taito license)	1992	Toaplan (Taito license)
flkatck	Flak Attack (Japan, version P)	1987	Konami
flkatcka	Flak Attack (Japan, version P, PWB 450593 sub-board)	1987	Konami
flapchck	Flappy Chicken (HB, ver. 20230430)	2023	Blastar
cfboy0a1	Flash Boy (vertical) (DECO Cassette MD) (No.12/Ver.0/Set.1,Japan)	1981	Data East Corporation
fpointbj	Flash Point (Japan, bootleg set 1)	1989	bootleg (Datsu)
fpoint1d	Flash Point (set 1, Japan) (bootleg of FD1094 317-0127A set)	1989	bootleg
fpoint1	Flash Point (set 1, Japan) (FD1094 317-0127A)	1989	Sega
fpointd	Flash Point (set 2, Japan) (bootleg of FD1094 317-0127A set)	1989	bootleg
fpoint	Flash Point (set 2, Japan) (FD1094 317-0127A)	1989	Sega
fpointbl	Flash Point (World, bootleg)	1989	bootleg (Datsu)
flashgal	Flashgal (set 1)	1985	Kyugo / Sega
flashgalk	Flashgal (set 1, Kyugo logo)	1985	Kyugo / Sega
flashgala	Flashgal (set 2)	1985	Kyugo / Sega
flicky	Flicky (128k Version, 315-5051)	1984	Sega
flickya	Flicky (128k Version, 315-5051, larger ROMs)	1984	Sega
flickyb	Flicky (128k Version, 315-5051, larger ROMs, newer)	1984	Sega
flickys2	Flicky (128k Version, not encrypted)	1984	Sega
flickyg	Flicky (128k Version, System 2, 315-5051, alt graphics)	1984	Sega
flickys2g	Flicky (128k Version, System 2, not encrypted, alt graphics)	1984	Sega
flickyo	Flicky (64k Version, 315-5051, set 1)	1984	Sega
flickys1	Flicky (64k Version, 315-5051, set 2)	1984	Sega
flickyup	Flicky (64k Version, on Up'n Down boardset, set 1)	1984	Sega
flickyupa	Flicky (64k Version, on Up'n Down boardset, set 2)	1984	bootleg
flipjack	Flipper Jack	1983?	Jackson Co., Ltd.
flipull	Flipull (Japan)	1989	Taito Corporation
floritas	Floritas (bootleg of Moon Cresta)	1980	bootleg
floritasm	Floritas (Multivideo Spanish bootleg of Moon Cresta)	1980	bootleg (Multivideo)
flowerj	Flower (Japan)	1986	Clarue (Sega / Alpha Denshi Co. license)
flowerjb	Flower (Japan, bootleg?)	1986	Clarue (Sega / Alpha Denshi Co. license)
flower	Flower (US)	1986	Clarue (Komax license)
flyboyb	Fly-Boy (bootleg)	1982	bootleg
flyboy	Fly-Boy	1982	Kaneko
fnshark	Flyin' Shark (bootleg of Hishou Zame)	1987	bootleg
cflyball	Flying Ball (DECO Cassette) (US)	1985	Data East Corporation
fsharkbt	Flying Shark (bootleg with 8741)	1987	bootleg
fshark	Flying Shark (World)	1987	Toaplan / Taito Corporation
fsharkb	Flying Shark (World, bootleg)	1987	bootleg
flytiger	Flying Tiger (set 1)	1992	Dooyong
flytigera	Flying Tiger (set 2)	1992	Dooyong
foodfc	Food Fight (cocktail)	1982	General Computer Corporation (Atari license)
foodf1	Food Fight (rev 1)	1982	General Computer Corporation (Atari license)
foodf2	Food Fight (rev 2)	1982	General Computer Corporation (Atari license)
foodf	Food Fight (rev 3)	1982	General Computer Corporation (Atari license)
footchmp	Football Champ / Euro Football Champ (World)	1990	Taito Corporation Japan
fbfrenzy	Football Frenzy (NGM-034 ~ NGH-034)	1992	SNK
forcebrk	Force Break (bootleg)	1986	bootleg
forgottnj	Forgotten Worlds (Japan) (English prototype)	1988	Capcom
forgottnua	Forgotten Worlds (USA, B-Board 88618B-2, Rev. A)	1988	Capcom
forgottnuaa	Forgotten Worlds (USA, B-Board 88618B-2, Rev. AA)	1988	Capcom
forgottnuc	Forgotten Worlds (USA, B-Board 88618B-2, Rev. C)	1988	Capcom
forgottnue	Forgotten Worlds (USA, B-Board 88618B-2, Rev. E)	1988	Capcom
forgottnu	Forgotten Worlds (USA, B-Board 88621B-2, Rev. C)	1988	Capcom
forgottna	Forgotten Worlds (World)	1988	Capcom
forgottn	Forgotten Worlds (World, newer)	1988	Capcom
formatz	Formation Z	1984	Jaleco
fort2ba	Fortress 2 Blue Arcade (Korea) (ver 1.00 / pcb ver 3.05)	2001	Eolith
fort2b	Fortress 2 Blue Arcade (World) (ver 1.01 / pcb ver 3.05)	2001	Eolith
fourtraxj	Four Trax (Japan)	1989	Namco
fourtraxa	Four Trax (US?, censored banners)	1989	Namco (Atari license?)
fourtrax	Four Trax (World)	1989	Namco
freekickb1	Free Kick (bootleg set 1)	1987	bootleg
freekickb3	Free Kick (bootleg set 3)	1987	bootleg
freekick	Free Kick (NS6201-A 1987.10)	1987	Nihon System (Merit license)
freekicka	Free Kick (NS6201-A 1987.9)	1987	Nihon System
freeze	Freeze	1984	Cinematronics
frenzy	Frenzy (revision RA1)	1982	Stern Electronics
friskyt	Frisky Tom (set 1)	1981	Nichibutsu
friskyta	Frisky Tom (set 2)	1981	Nichibutsu
friskytb	Frisky Tom (set 3)	1981	Nichibutsu
fspiderb	Frog & Spiders (bootleg?)	1981	Taito Corporation
frogg	Frog (bootleg on Galaxian hardware)	1981	bootleg
frogf	Frog (Falcon bootleg)	1981	bootleg (Falcon)
froggers	Frog	1981	bootleg
cps1frog	Frog Feast (CPS-1)	2006	Rastersoft (Homebrew)
pgmfrog	Frog Feast (PGM)	2006	RasterSoft
froggrs	Frogger (Coin Music, bootleg on Scramble hardware)	1981	bootleg (Coin Music)
froggermc	Frogger (Moon Cresta hardware)	1981	Konami (Sega license)
froggers1	Frogger (Sega, set 1)	1981	Konami (Sega license)
froggers2	Frogger (Sega, set 2)	1981	Konami (Sega license)
froggers3	Frogger (Sega, set 3)	1981	Konami (Sega license)
froggert	Frogger (Turtles hardware)	1981	Konami (Sega license)
froggereb	Frogger - New Serie 92 (bootleg)	1992	bootleg (Eurobed)
frogger	Frogger	1981	Konami
frontlin	Front Line (AA1, 4 PCB version)	1982	Taito Corporation
frontlina	Front Line (FL, 5 PCB version)	1982	Taito Corporation
fjbuster	Fujiyama Buster (Japan)	1992	Kaneko
fullthrl	Full Throttle (Japan)	1987	Taito Corporation
funkybeeb	Funky Bee (bootleg, harder)	1982	bootleg
funkybee	Funky Bee	1982	Orca
fnkyfish	Funky Fish	1981	Sun Electronics
funkyjetj	Funky Jet (Japan, rev 2)	1992	Mitchell (Data East Corporation license)
funkyjeta2	Funky Jet (Korea, prototype?)	1992	Mitchell
funkyjeta	Funky Jet (World)	1992	Mitchell
funkyjet	Funky Jet (World, rev 1)	1992	Mitchell
funybublc	Funny Bubble (Comad version)	1999	Comad
funybubl	Funny Bubble	1999	In Chang Electronic Co
funnymou	Funny Mouse (Japan)	1982	Taito Corporation (Chuo Co. Ltd license)
futspy	Future Spy (315-5061)	1984	Sega
glocj	G-LOC Air Battle (Japan)	1990	Sega
glocu	G-LOC Air Battle (US)	1990	Sega
gloc	G-LOC Air Battle (World)	1990	Sega
glocr360j	G-LOC R360 (Japan)	1990	Sega
glocr360	G-LOC R360 (World)	1990	Sega
gstream	G-Stream G2020	2002	Oriental Soft Japan
gijoeaa	G.I. Joe (Asia, AA)	1992	Konami
gijoea	G.I. Joe (Asia, AAB)	1992	Konami
gijoej	G.I. Joe (Japan, JAA)	1992	Konami
gijoeua	G.I. Joe (US, UAA)	1992	Konami
gijoeu	G.I. Joe (US, UAB)	1992	Konami
gijoe	G.I. Joe (World, EAB)	1992	Konami
gijoeea	G.I. Joe (World, EB8, prototype?)	1992	Konami
gaialast	Gaia - The Last Choice of Earth	1999	SemiCom / XESS
gaia	Gaia Crusaders	1999	Noise Factory
gaiapols	Gaiapolis (ver EAF)	1993	Konami
gaiapolsj	Gaiapolis (ver JAF)	1993	Konami
gaiapolsu	Gaiapolis (ver UAF)	1993	Konami
ggroundj	Gain Ground (Japan, 2 Players, Floppy Based, FD1094 317-0058-03b)	1988	Sega
gground	Gain Ground (World, 3 Players, Floppy Based, FD1094 317-0058-03d Rev A)	1988	Sega
galastrm	Galactic Storm (Japan)	1992	Taito Corporation
gwarriorb	Galactic Warriors (Bubble System)	1985	Konami
gwarrior	Galactic Warriors	1985	Konami
galactica2	Galactica-2 (bootleg of Moon Alien Part 2)	1980	bootleg (Cirsa)
galaga88a	Galaga '88 (02-03-88)	1987	Namco
galaga88j	Galaga '88 (Japan)	1987	Namco
galaga88	Galaga '88	1987	Namco
galagamf	Galaga (Midway set 1 with fast shoot hack)	1981	Namco (Midway license)
galagamw	Galaga (Midway set 1)	1981	Namco (Midway license)
galagamk	Galaga (Midway set 2)	1981	Namco (Midway license)
galaga	Galaga (Namco rev. B)	1981	Namco
galagao	Galaga (Namco)	1981	Namco
galagap	Galaga (Patched)	2007	Hack (Don Hodges)
galaga3a	Galaga 3 (GP3 rev. C)	1984	Namco
galaga3	Galaga 3 (GP3 rev. D)	1984	Namco
galaga3b	Galaga 3 (GP3)	1984	Namco
galaga3c	Galaga 3 (set 4)	1984	Namco
galaga3m	Galaga 3 (set 5)	1984	Namco
neogalag	Galaga Demo (HB, set 1)	2013	Cristiano Bei/www.iocerom.com
neogalaga	Galaga Demo (HB, set 2)	2013	Cristiano Bei/www.iocerom.com
galagawm	Galaga Wave Mixer (Hack)	2024	Namco
galaktron	Galaktron (Petaco S.A.)	1979	bootleg (Petaco S.A.)
galaktrons3	Galaktron (Sede 3)	1979	bootleg (Sede 3)
galaxbsf	Galaxian (bootleg, set 1)	1979	bootleg
galaxianbl	Galaxian (bootleg, set 2)	1979	bootleg
galaxbsf2	Galaxian (bootleg, set 3)	1979	bootleg
galaxianbl2	Galaxian (bootleg, set 4)	1979	bootleg
galaxcirsa	Galaxian (Cirsa Spanish bootleg)	1979	bootleg (Cirsa)
galaxianem	Galaxian (Electromar Spanish bootleg)	1980	bootleg (Electromar)
galaxiani	Galaxian (Irem)	1979	Namco (Irem license)
galaxianm	Galaxian (Midway set 1)	1979	Namco (Midway license)
galaxianmo	Galaxian (Midway set 2)	1979	Namco (Midway license)
galaxian	Galaxian (Namco set 1)	1979	Namco
galaxiana	Galaxian (Namco set 2)	1979	Namco
galaxianoly	Galaxian (Olympia bootleg)	1979	bootleg (Olympia)
galaxrf	Galaxian (Recreativos Franco S.A. Spanish bootleg)	1980	bootleg (Recreativos Franco S.A.)
galaxianrp	Galaxian (Rene Pierre bootleg)	1979	bootleg (Valadon Automation / Rene Pierre)
galaxianbl3	Galaxian (Spanish bootleg)	1979	bootleg
galaxiant	Galaxian (Taito)	1979	Namco (Taito license)
vectrgal	Galaxian (Vector Sim, Hack)	1998	T-Bone
galaxianng	Galaxian - Neo Geo Conversion (HB, Beta2)	1979-2023	Namco - tcdev
galaxrcgg	Galaxian Growing Galaxip / Galaxian Nave Creciente (Recreativos Covadonga Spanish bootleg)	1980	bootleg (Recreativos Covadonga)
galaxrfgg	Galaxian Growing Galaxip / Galaxian Nave Creciente (Recreativos Franco S.A. Spanish bootleg)	1980	bootleg (Recreativos Franco S.A.)
galaxianiii	Galaxian III (bootleg of Galaxian)	1979	bootleg
galap4	Galaxian Part 4 (hack)	1979	hack (G.G.I)
galapx	Galaxian Part X (hack of 'Moon Alien')	1979	hack
tst_galx	Galaxian Test ROM	19??	<unknown>
galturbo	Galaxian Turbo (hack of 'Super Galaxians')	1979	hack
galemp	Galaxy Empire (bootleg?)	1980	bootleg (Taito do Brasil)
galaxyfg03	Galaxy Fight (Enhanced Version 2014)	2014	Yumeji
galaxyfg	Galaxy Fight - Universal Warriors	1995	Sunsoft
gforce2j	Galaxy Force 2 (Japan)	1988	Sega
gforce2ja	Galaxy Force 2 (Japan, Rev A)	1988	Sega
gforce2sd	Galaxy Force 2 (Super Deluxe unit)	1988	Sega
gforce2	Galaxy Force 2	1988	Sega
galgame	Galaxy Game	1971	Computer Recreations, Inc
galaxygnh	Galaxy Gunners (1990 year hack)	1990	Electronic Devices Italy
galaxygn	Galaxy Gunners	1989	Electronic Devices Italy
galwars2	Galaxy Wars II (bootleg of Defender)	1981	bootleg (Sonic)
galaxyx	Galaxy X (bootleg of Galaxian)	1979	bootleg
gallag	Gallag	1982	bootleg
gallopm72	Gallop - Armed Police Unit (Japan, M72 hardware)	1991	Irem
gallop	Gallop - Armed Police Unit (Japan, M84 hardware)	1991	Irem
galmedes	Galmedes (Japan)	1992	Visco
galhustl	Gals Hustler (set 1)	1997	ACE International
galhustla	Gals Hustler (set 2)	1997	ACE International
galsnew	Gals Panic (Export, EXPRO-02 PCB)	1990	Kaneko
galsnewj	Gals Panic (Japan, EXPRO-02 PCB)	1990	Kaneko (Taito license)
galsnewk	Gals Panic (Korea, EXPRO-02 PCB)	1990	Kaneko (Inter license)
galsnewt	Gals Panic (Taiwan, EXPRO-02 PCB)	1990	Kaneko
galpanicb	Gals Panic (ULA protected, set 1)	1990	Kaneko
galpanicc	Gals Panic (ULA protected, set 2)	1990	Kaneko
galpanica	Gals Panic (unprotected)	1990	Kaneko
galpanic	Gals Panic (unprotected, ver. 2.0)	1990	Kaneko
galsnewu	Gals Panic (US, EXPRO-02 PCB)	1990	Kaneko
galpani3	Gals Panic 3 (Euro)	1995	Kaneko
galpani3hk	Gals Panic 3 (Hong Kong)	1995	Kaneko
galpani3j	Gals Panic 3 (Japan)	1995	Kaneko
galpani3k	Gals Panic 3 (Korea)	1995	Kaneko
galpani4a	Gals Panic 4 (Asia)	1996	Kaneko
galpani4	Gals Panic 4 (Europe)	1996	Kaneko
galpani4j	Gals Panic 4 (Japan)	1996	Kaneko
galpani4k	Gals Panic 4 (Korea)	1996	Kaneko
galpanidx	Gals Panic DX (Asia)	2001	Kaneko
galpaniex	Gals Panic EX (Korea)	2000	Kaneko
galpanisa	Gals Panic S - Extra Edition (Asia)	1997	Kaneko
galpanis	Gals Panic S - Extra Edition (Europe, revision 1)	1997	Kaneko
galpanise	Gals Panic S - Extra Edition (Europe, set 2)	1997	Kaneko
galpanisj	Gals Panic S - Extra Edition (Japan, revision 1)	1997	Kaneko
galpaniska	Gals Panic S - Extra Edition (Korea)	1997	Kaneko
galpanisk	Gals Panic S - Extra Edition (Korea, revision 1)	1997	Kaneko
galpans2a	Gals Panic S2 (Asia, version 1.1)	1999	Kaneko
galpans2	Gals Panic S2 (Europe, version 3)	1999	Kaneko
galpans2j	Gals Panic S2 (Japan)	1999	Kaneko
galpans3	Gals Panic S3 (Japan)	2002	Kaneko
galpansua	Gals Panic SU (Korea)	1999	Kaneko
galpanisu	Gals Panic SU (Korea, Gals Panic 4 re-release)	2000	Kaneko
galpansu	Gals Panic SU (Korea, version 5)	1999	Kaneko
galspnbl	Gals Pinball	1996	Comad
usg182	Games V18.2	1989	U.S. Games, Inc.
usg185	Games V18.5	1990	U.S. Games, Inc.
usg187c	Games V18.7C	1991	U.S. Games, Inc.
usg211c	Games V21.1C	1991	U.S. Games, Inc.
usg251	Games V25.1	1991	U.S. Games, Inc.
usgames	Games V25.4X	1992	U.S. Games, Inc.
ginkun	Ganbare Ginkun	1995	Tecmo
gangonta	Ganbare! Gonta!! 2 / Party Time: Gonta the Diver II (Japan Release)	1995	Mitchell
ganbare	Ganbare! Marine Kun (Japan 2K0411)	2000	Capcom
gbusters	Gang Busters (set 1)	1988	Konami
gbustersa	Gang Busters (set 2)	1988	Konami
ghunters	Gang Hunter / Dead Angle (Spain)	1988	Seibu Kaihatsu (SegaSA / Sonic license)
ghunter	Gang Hunter / Dead Angle	1988	Seibu Kaihatsu
gangwarsb	Gang Wars (bootleg)	1989	bootleg
gangwarsj	Gang Wars (Japan)	1989	Alpha Denshi Co.
gangwarsu	Gang Wars (US)	1989	Alpha Denshi Co.
gangwars	Gang Wars	1989	Alpha Denshi Co.
ganryu	Ganryu / Musashi Ganryuki	1999	Visco
gaplusd	Gaplus (GP2 rev D, alternate hardware)	1984	Namco
gaplus	Gaplus (GP2 rev. B)	1984	Namco
gaplusa	Gaplus (GP2)	1984	Namco
gapluse	Gaplus (GP7)	1984	Namco
gaplust	Gaplus (Tecfri PCB)	1992	bootleg (Tecfri)
gardia	Gardia (317-0006)	1986	Coreland / Sega
gardiab	Gardia (317-0007?, bootleg)	1986	bootleg
gardiaj	Gardia (Japan, 317-0006)	1986	Coreland / Sega
garogun	Garogun Seroyang (Korea)	2000	Yun Sung
garoubl	Garou - Mark of the Wolves (bootleg)	1999	bootleg
garoubs	Garou - Mark of the Wolves (Enable hidden characters, Hack)	1999	Ydmis
garoujq	Garou - Mark of the Wolves (Enhanced, Hack)	2023	hack
garouha	Garou - Mark of the Wolves (NGH-2530)	1999	SNK
garouh	Garou - Mark of the Wolves (NGM-2530 ~ NGH-2530)	1999	SNK
garou	Garou - Mark of the Wolves (NGM-2530)	1999	SNK
garoup	Garou - Mark of the Wolves (prototype)	1999	SNK
garuka	Garuka (Japan ver. W)	1988	Konami
garyoret	Garyo Retsuden (Japan)	1987	Data East Corporation
gatedoom1	Gate of Doom (US revision 1)	1990	Data East Corporation
gatedoom	Gate of Doom (US revision 4)	1990	Data East Corporation
gauntlet2pg1	Gauntlet (2 Players, German, rev 1)	1985	Atari Games
gauntlet2pg	Gauntlet (2 Players, German, rev 4)	1985	Atari Games
gauntlet2pj2	Gauntlet (2 Players, Japanese, rev 2)	1985	Atari Games
gauntlet2pj	Gauntlet (2 Players, Japanese, rev 5)	1985	Atari Games
gauntlet2pr3	Gauntlet (2 Players, rev 3)	1985	Atari Games
gauntlet2p	Gauntlet (2 Players, rev 6)	1985	Atari Games
gauntletg	Gauntlet (German, rev 10)	1985	Atari Games
gauntletgr3	Gauntlet (German, rev 3)	1985	Atari Games
gauntletgr6	Gauntlet (German, rev 6)	1985	Atari Games
gauntletgr8	Gauntlet (German, rev 8)	1985	Atari Games
gauntletj12	Gauntlet (Japanese, rev 12)	1985	Atari Games
gauntletj	Gauntlet (Japanese, rev 13)	1985	Atari Games
gauntletr1	Gauntlet (rev 1)	1985	Atari Games
gauntlet	Gauntlet (rev 14)	1985	Atari Games
gauntletr2	Gauntlet (rev 2)	1985	Atari Games
gauntletr4	Gauntlet (rev 4)	1985	Atari Games
gauntletr5	Gauntlet (rev 5)	1985	Atari Games
gauntletr7	Gauntlet (rev 7)	1985	Atari Games
gauntletr9	Gauntlet (rev 9)	1985	Atari Games
gauntlets	Gauntlet (Spanish, rev 15)	1985	Atari Games
gaunt22pg	Gauntlet II (2 Players, German)	1986	Atari Games
gaunt22p1	Gauntlet II (2 Players, rev 1)	1986	Atari Games
gaunt22p	Gauntlet II (2 Players, rev 2)	1986	Atari Games
gaunt2g	Gauntlet II (German)	1986	Atari Games
gaunt2	Gauntlet II	1986	Atari Games
geebeeb	Gee Bee (Europe)	1978	Namco (F.lli Bertolino license)
geebee	Gee Bee (Japan)	1978	Namco
geebeea	Gee Bee (UK)	1978	Namco (Alca license)
geebeeg	Gee Bee (US)	1978	Namco (Gremlin license)
gekiridnj	Gekirindan (Ver 2.3J 1995/09/21)	1995	Taito Corporation
gekiridn	Gekirindan (Ver 2.3O 1995/09/21)	1995	Taito Corporation
gekisou	Gekisou (Japan)	1985	Eastern Corp.
geminib	Gemini Wing (bootleg)	1987	bootleg
geminij	Gemini Wing (Japan)	1987	Tecmo
gemini	Gemini Wing (World)	1987	Tecmo
genix	Genix Family	1994	NIX
genpeitd	Genpei ToumaDen	1986	Namco
gensitou	Genshitou 1930's (Japan)	1989	SNK
geostorm	Geo Storm (Japan, 014 custom sound CPU)	1994	Irem
getstarb1	Get Star (bootleg set 1)	1986	bootleg
getstarb2	Get Star (bootleg set 2)	1986	bootleg
getstarj	Get Star (Japan)	1986	Toaplan / Taito
ghostbi	Ghost Busters (FMV Demo)	2009	Sergi
ghostmun	Ghost Muncher	1981	bootleg (Leisure and Allied)
gpilotsh	Ghost Pilots (NGH-020, US)	1991	SNK
gpilots	Ghost Pilots (NGM-020 ~ NGH-020)	1991	SNK
gpilotsp	Ghost Pilots (prototype)	1991	SNK
ghostlop	Ghostlop (prototype)	1996	Data East Corporation
gmgalax	Ghostmuncher Galaxian (bootleg)	1981	bootleg
gngbl	Ghosts'n Goblins (bootleg with Cross)	1985	bootleg
gngbla	Ghosts'n Goblins (bootleg)	1985	bootleg
gngblb	Ghosts'n Goblins (bootleg, harder)	1985	bootleg
gngblita	Ghosts'n Goblins (Italian bootleg, harder)	1985	bootleg
gngprot	Ghosts'n Goblins (prototype)	1985	Capcom
gngt	Ghosts'n Goblins (US)	1985	Capcom (Taito America license)
gng	Ghosts'n Goblins (World? set 1)	1985	Capcom
gnga	Ghosts'n Goblins (World? set 2)	1985	Capcom
gngb	Ghosts'n Goblins (World? set 3)	1985	Capcom
gngc	Ghosts'n Goblins (World? set 4)	1985	Capcom
gngknight	Ghosts'n Goblins - Knight Artoria Edition	2026	GoodLuckTrying
gngmaiden	Ghosts'n Goblins - Maiden Artoria Edition	2026	GoodLuckTrying
ghoulsu	Ghouls'n Ghosts (USA)	1988	Capcom
ghouls	Ghouls'n Ghosts (World)	1988	Capcom
ghoxj	Ghox (joystick)	1991	Toaplan
ghoxjo	Ghox (joystick, older)	1991	Toaplan
ghox	Ghox (spinner)	1991	Toaplan
gigaman2	Giga Man 2: The Power Fighters (bootleg of Mega Man 2: The Power Fighters)	1996	bootleg
gigawinga	Giga Wing (Asia 990222)	1999	Takumi (Capcom license)
gigawingb	Giga Wing (Brazil 990222)	1999	Takumi (Capcom license)
gigawingh	Giga Wing (Hispanic 990222)	1999	Takumi (Capcom license)
gigawingjd	Giga Wing (Japan 990223 Phoenix Edition) (bootleg)	1999	bootleg
gigawingj	Giga Wing (Japan 990223)	1999	Takumi (Capcom license)
gigawingd	Giga Wing (USA 990222 Phoenix Edition) (bootleg)	1999	bootleg
gigawing	Giga Wing (USA 990222)	1999	Takumi (Capcom license)
gigandesa	Gigandes (earlier)	1989	East Technology
gigandes	Gigandes	1989	East Technology
gigasb	Gigas (bootleg)	1986	bootleg
gigas	Gigas (MC-8123, 317-5002)	1986	Sega
gigasm2b	Gigas Mark II (bootleg)	1986	bootleg
gigasm2	Gigas Mark II (MC-8123, 317-5002)	1986	Sega
ginganin	Ginga Ninkyouden (set 1)	1987	Jaleco
ginganina	Ginga Ninkyouden (set 2)	1987	Jaleco
gteikokub	Gingateikoku no Gyakushu (bootleg set 1)	1980	bootleg
gteikokub2	Gingateikoku no Gyakushu (bootleg set 2)	1980	bootleg
gteikokub3	Gingateikoku no Gyakushu (bootleg set 3)	1980	bootleg (Honly)
gteikoku	Gingateikoku no Gyakushu	1980	Irem
gladiatr	Gladiator (US)	1986	Allumer / Taito America Corporation
sgladiat	Gladiator 1984	1984	SNK
gladmortcm	GladMort (Caravan Mode) (HB)	2025	PixelHeart
gladmort	GladMort (HB)	2025	PixelHeart
glass10e	Glass (ver 1.0, Break Edition, checksum 13BE832C)	1993	OMK / Gaelco
glass10d	Glass (ver 1.0, Break Edition, checksum 2B43D337, 10 Nov 1993)	1993	OMK / Gaelco
glass10c	Glass (ver 1.0, Break Edition, checksum 6241CD67, 16 Nov 1993)	1993	OMK / Gaelco
glass10	Glass (ver 1.0, Break Edition, checksum C5513F3C)	1993	OMK / Gaelco
glass10a	Glass (ver 1.0, Break Edition, checksum D3864FDB)	1993	OMK / Gaelco
glass10b	Glass (ver 1.0, Break Edition, checksum EBCB0BFE, 22 Nov 1993)	1993	OMK / Gaelco
glasskra	Glass (ver 1.1, Break Edition, checksum 3D8A724F, Version 1994, unprotected, Korea)	1994	OMK / Gaelco (Promat license)
glass	Glass (ver 1.1, Break Edition, checksum 49D5E66B, Version 1994, set 1)	1994	OMK / Gaelco
glassa	Glass (ver 1.1, Break Edition, checksum 49D5E66B, Version 1994, set 2)	1994	OMK / Gaelco
glasskr	Glass (ver 1.1, Break Edition, checksum D419AB69, Version 1994, unprotected, Korea)	1994	OMK / Gaelco (Promat license)
glassat	Glass (ver 1.1, Break Edition, checksum D7AF5496, Version 1994, US)	1994	OMK / Gaelco (Atari license)
gblchmp	Global Champion (Ver 2.1A 1994/07/29)	1994	Taito America Corporation
go2000	Go 2000	2000	SunA
gogold	Go For The Gold (Japan)	1988	Taito Corporation
yamagchi	Go Go Mr. Yamaguchi / Yuke Yuke Yamaguchi-kun	1985	Kaneko / Taito
goalx3	Goal! Goal! Goal!	1995	Visco
godzilla	Godzilla (Japan)	1993	Banpresto
plegends	Gogetsuji Legends (US, Ver. 95.06.20)	1995	Atlus
dolmenk	Goindol (Afega)	1995	Afega
goindolj	Goindol (SunA, Japan)	1987	SunA
goindolu	Goindol (SunA, US)	1987	SunA
goindol	Goindol (SunA, World)	1987	SunA
goldmedlb	Gold Medalist (bootleg, Alpha68k III PCB)	1988	bootleg
goldmedl	Gold Medalist (set 1, Alpha68k II PCB)	1988	SNK
goldmedla	Gold Medalist (set 2, Alpha68k III PCB)	1988	SNK
goldnaxe1d	Golden Axe (set 1, World) (bootleg of FD1094 317-0110 set)	1989	bootleg
goldnaxe1	Golden Axe (set 1, World) (FD1094 317-0110)	1989	Sega
goldnaxe2	Golden Axe (set 2, US) (8751 317-0112)	1989	Sega
goldnaxe3d	Golden Axe (set 3, World) (bootleg of FD1094 317-0120 set)	1989	bootleg
goldnaxe3	Golden Axe (set 3, World) (FD1094 317-0120)	1989	Sega
goldnaxejd	Golden Axe (set 4, Japan) (bootleg of FD1094 317-0121 set)	1989	bootleg
goldnaxej	Golden Axe (set 4, Japan) (FD1094 317-0121)	1989	Sega
goldnaxeud	Golden Axe (set 5, US) (bootleg of FD1094 317-0122 set)	1989	bootleg
goldnaxeu	Golden Axe (set 5, US) (FD1094 317-0122)	1989	Sega
goldnaxe	Golden Axe (set 6, US) (8751 317-123A)	1989	Sega
goldnaxeng	Golden Axe Neo Geo (HB)	2025	h0ffman
ga2j	Golden Axe: The Revenge of Death Adder (Japan)	1992	Sega
ga2u	Golden Axe: The Revenge of Death Adder (US, Rev A)	1992	Sega
ga2	Golden Axe: The Revenge of Death Adder (World, Rev B)	1992	Sega
gcastle	Golden Castle (prototype?)	1986	Allumer / Taito Corporation
gfire2	Golden Fire II	1992	Topis Corp
gpgolfa	Golden Par Golf (Joystick, V1.0)	1991	Strata / Incredible Technologies
gpgolf	Golden Par Golf (Joystick, V1.1)	1992	Strata / Incredible Technologies
gt97v120	Golden Tee '97 (v1.20)	1997	Incredible Technologies
gt97v121	Golden Tee '97 (v1.21)	1997	Incredible Technologies
gt97s121	Golden Tee '97 (v1.21S)	1997	Incredible Technologies
gt97v122	Golden Tee '97 (v1.22)	1997	Incredible Technologies
gt97	Golden Tee '97 (v1.30)	1997	Incredible Technologies
gt97t240	Golden Tee '97 Tournament (v2.40)	1997	Incredible Technologies
gt97t243	Golden Tee '97 Tournament (v2.43)	1997	Incredible Technologies
gt98v100	Golden Tee '98 (v1.00)	1998	Incredible Technologies
gt98c100	Golden Tee '98 (v1.00C)	1998	Incredible Technologies
gt98s100	Golden Tee '98 (v1.00S)	1998	Incredible Technologies
gt98	Golden Tee '98 (v1.10)	1998	Incredible Technologies
gt98t302	Golden Tee '98 Tournament (v3.02)	1998	Incredible Technologies
gt98t303	Golden Tee '98 Tournament (v3.03)	1998	Incredible Technologies
gt99	Golden Tee '99 (v1.00)	1999	Incredible Technologies
gt99s100	Golden Tee '99 (v1.00S)	1999	Incredible Technologies
gt99t400	Golden Tee '99 Tournament (v4.00)	1999	Incredible Technologies
gt2kp100	Golden Tee 2K (v1.00) (alt protection)	2000	Incredible Technologies
gt2k	Golden Tee 2K (v1.00)	2000	Incredible Technologies
gt2ks100	Golden Tee 2K (v1.00S)	2000	Incredible Technologies
gt2kt500	Golden Tee 2K Tournament (v5.00)	2000	Incredible Technologies
gt3dv14	Golden Tee 3D Golf (v1.4)	1995	Incredible Technologies
gt3dv15	Golden Tee 3D Golf (v1.5)	1995	Incredible Technologies
gt3dv16	Golden Tee 3D Golf (v1.6)	1995	Incredible Technologies
gt3dv17	Golden Tee 3D Golf (v1.7)	1995	Incredible Technologies
gt3dv18	Golden Tee 3D Golf (v1.8)	1995	Incredible Technologies
gt3dl191	Golden Tee 3D Golf (v1.91L)	1995	Incredible Technologies
gt3dl192	Golden Tee 3D Golf (v1.92L)	1995	Incredible Technologies
gt3ds192	Golden Tee 3D Golf (v1.92S)	1995	Incredible Technologies
gt3d	Golden Tee 3D Golf (v1.93N)	1995	Incredible Technologies
gt3dl19	Golden Tee 3D Golf (v1.9L)	1995	Incredible Technologies
gt3dt211	Golden Tee 3D Golf Tournament (v2.11)	1995	Incredible Technologies
gt3dt230	Golden Tee 3D Golf Tournament (v2.30)	1995	Incredible Technologies
gt3dt231	Golden Tee 3D Golf Tournament (v2.31)	1995	Incredible Technologies
gtclasscp	Golden Tee Classic (v1.00) (alt protection)	2001	Incredible Technologies
gtclassc	Golden Tee Classic (v1.00)	2001	Incredible Technologies
gtclasscs	Golden Tee Classic (v1.00S)	2001	Incredible Technologies
gtdiamond	Golden Tee Diamond Edition Tournament (v3.05T ELC)	1998	Incredible Technologies
gtgj31	Golden Tee Golf (Joystick, v3.1)	1990	Strata / Incredible Technologies
gtg	Golden Tee Golf (Joystick, v3.3)	1990	Strata / Incredible Technologies
gtgt10	Golden Tee Golf (Trackball, v1.0)	1989	Strata / Incredible Technologies
gtgt20	Golden Tee Golf (Trackball, v2.0)	1989	Strata / Incredible Technologies
gtgt21	Golden Tee Golf (Trackball, v2.1)	1989	Strata / Incredible Technologies
gtg2j	Golden Tee Golf II (Joystick, V1.0)	1991	Strata / Incredible Technologies
gtg2t	Golden Tee Golf II (Trackball, V1.1)	1989	Strata / Incredible Technologies
gtg2	Golden Tee Golf II (Trackball, V2.2)	1992	Strata / Incredible Technologies
gtroyal	Golden Tee Royal Edition Tournament (v4.02T EDM)	1999	Incredible Technologies
gtsupreme	Golden Tee Supreme Edition Tournament (v5.10T ELC S)	2002	Incredible Technologies
gollygho	Golly! Ghost!	1990	Namco
imsorryj	Gonbee no I'm Sorry (315-5110, Japan)	1985	Coreland / Sega
gondou	Gondomania (US)	1987	Data East USA
gondo	Gondomania (World)	1987	Data East Corporation
ironfortc	Gongtit Jiucoi Iron Fortress (Hong Kong)	1998	Eolith (Excellent Competence Ltd. license)
goori	Goori Goori	1999	Unico
gorfpgm1	Gorf (program 1)	1981	Dave Nutting Associates / Midway
gorfpgm1f	Gorf (program 1, with French language ROM)	1981	Dave Nutting Associates / Midway
gorfpgm1g	Gorf (program 1, with German language ROM)	1981	Dave Nutting Associates / Midway
gorfirec	Gorf (Spain, Irecsa license)	1981	Dave Nutting Associates / Midway (Irecsa license)
gorf	Gorf	1981	Dave Nutting Associates / Midway
gorkans	Gorkans	1983	Techstar
gorodki	Gorodki	198?	Terminal
gotcha	Got-cha Mini Game Festival	1997	Dongsung / Para
gotya	Got-Ya (12/24/1981)	1981	T.I.C. (Game-A-Tron license)
plegendsjq	Gouketsuji Gaiden - Saikyou Densetsu (Infinite Energy, Hack)	2023	hack
plegendsj	Gouketsuji Gaiden - Saikyou Densetsu (Japan, Ver. 95.06.20)	1995	Atlus
powerinsj	Gouketsuji Ichizoku (Japan)	1993	Atlus
powerinspj	Gouketsuji Ichizoku (Japan, prototype)	1993	Atlus
pwrinst2j	Gouketsuji Ichizoku 2 (Japan, Ver. 94.04.08, set 1)	1994	Atlus
pwrinst2ja	Gouketsuji Ichizoku 2 (Japan, Ver. 94.04.08, set 2)	1994	Atlus
ryorioh	Gourmet Battle Quiz Ryohrioh CooKing (Japan)	1998	Visco
gpriderj	GP Rider (Japan, FD1094 317-0161) (Twin setup)	1990	Sega
gpriderjs	GP Rider (Japan, FD1094 317-0161)	1990	Sega
gprideru	GP Rider (US, FD1094 317-0162) (Twin setup)	1990	Sega
gpriderus	GP Rider (US, FD1094 317-0162)	1990	Sega
gprider	GP Rider (World, FD1094 317-0163) (Twin setup)	1990	Sega
gpriders	GP Rider (World, FD1094 317-0163)	1990	Sega
gradiusb	Gradius (Bubble System)	1985	Konami
gradius	Gradius (Japan, ROM version)	1985	Konami
gradius2	Gradius II: GOFER no Yabou (Japan, new)	1988	Konami
gradius2a	Gradius II: GOFER no Yabou (Japan, old)	1988	Konami
gradius2b	Gradius II: GOFER no Yabou (Japan, older)	1988	Konami
gradius3a	Gradius III (Asia)	1989	Konami
gradius3	Gradius III (World, version R)	1989	Konami
gradius3j	Gradius III: Densetsu kara Shinwa e (Japan, version 3, newer)	1989	Konami
gradius3ja	Gradius III: Densetsu kara Shinwa e (Japan, version S)	1989	Konami
gradius3jas	Gradius III: Densetsu kara Shinwa e (Japan, version S, split)	1989	Konami
f1gpstar2	Grand Prix Star (ver 2.0)	1991	Jaleco
f1gpstar3	Grand Prix Star (ver 3.0)	1991	Jaleco
f1gpstar	Grand Prix Star (ver 4.0)	1992	Jaleco
gstrik2	Grand Striker 2 (Europe and Oceania)	1996	Human Amusement
grndtour	Grand Tour (V100U)	1993	IGS
cgraplop2	Graplop (DECO Cassette) (US) (Prototype?)	1983	Data East Corporation
grasspin	Grasspin	1983	Zilec Electronics / Jaleco
gratiaa	Gratia - Second Earth (ver 1.0, 91022-10 version)	1996	Jaleco
gratia	Gratia - Second Earth (ver 1.0, 92047-01 version)	1996	Jaleco
gravitar1	Gravitar (version 1)	1982	Atari
gravitar2	Gravitar (version 2)	1982	Atari
gravitar	Gravitar (version 3)	1982	Atari
gtmr2ua	Great 1000 Miles Rally 2 USA (95/05/18)	1995	Kaneko
gtmr2u	Great 1000 Miles Rally 2 USA (95/07/11)	1995	Kaneko
gtmre	Great 1000 Miles Rally: Evolution Model!!! (94/09/06)	1994	Kaneko
gtmrusa	Great 1000 Miles Rally: U.S.A Version! (94/09/06)	1994	Kaneko
greatgur	Great Gurianos (bootleg?)	1986	Allumer / Taito Corporation
gmahou	Great Mahou Daisakusen (Japan 000121)	2000	Eighting / Raizing (Capcom license)
gslgr94j	Great Sluggers '94 (Japan)	1994	Namco
gslgr94u	Great Sluggers '94	1994	Namco
gslugrsj	Great Sluggers (Japan)	1993	Namco
gberetb	Green Beret (bootleg)	1985	bootleg
gberet	Green Beret	1985	Konami
gseekeru	Grid Seeker: Project Storm Hammer (Ver 1.3A)	1992	Taito America Corporation
gseekerj	Grid Seeker: Project Storm Hammer (Ver 1.3J)	1992	Taito Corporation
gseeker	Grid Seeker: Project Storm Hammer (Ver 1.3O)	1992	Taito Corporation Japan
gridiron	Gridiron Fight	1985	Tehkan
gridlee	Gridlee	1983	Videa
griffon	Griffon (Videotron bootleg of Phoenix)	1980	bootleg (Videotron)
grindstma	Grind Stormer (older set)	1992	Toaplan
grindstm	Grind Stormer	1992	Toaplan
grobda	Grobda (New Ver.)	1984	Namco
grobda2	Grobda (Old Ver. set 1)	1984	Namco
grobda3	Grobda (Old Ver. set 2)	1984	Namco
groundfx	Ground Effects / Super Ground Effects (Japan)	1992	Taito Corporation
growlu	Growl (US)	1990	Taito America Corporation
growla	Growl (World)	1990	Taito Corporation Japan
growlp	Growl (World, prototype)	1990	Taito Corporation Japan
growl	Growl (World, Rev 1)	1990	Taito Corporation Japan
grmatch	Grudge Match (Yankee Game Technology)	1989	Yankee Game Technology
gryzor	Gryzor (set 1)	1987	Konami
gryzor1	Gryzor (set 2)	1987	Konami
grdian	Guardian (US)	1986	Toaplan / Taito America Corporation (Kitkorp license)
grdnstrmg	Guardian Storm (Germany)	1998	Afega
grdnstrmau	Guardian Storm (horizontal, Australia)	1998	Afega
grdnstrm	Guardian Storm (horizontal, not encrypted)	1998	Afega (Apples Industries license)
grdnstrmv	Guardian Storm (vertical)	1998	Afega (Apples Industries license)
grdiansbl	Guardians / Denjin Makai II (bootleg)	1998	bootleg (Intac Japan)
grdianszs	Guardians / Denjin Makai II (Coolest, Hack)	2026	hack
grdianssy	Guardians / Denjin Makai II (Evil, Hack)	2026	hack
grdiansls	Guardians / Denjin Makai II (LBS Super, Hack)	2021	hack
grdiansl	Guardians / Denjin Makai II (LBS, Hack)	2026	hack
grdians	Guardians / Denjin Makai II (P-FG01-1 PCB)	1995	Winkysoft (Banpresto license)
grdiansa	Guardians / Denjin Makai II (P0-113A PCB)	1995	Winkysoft (Banpresto license)
grdiansp	Guardians / Denjin Makai II (Plus, Hack)	2023	hack
grdiansds	Guardians / Denjin Makai II (Pro, Hack)	2024	hack
grdianske	Guardians / Denjin Makai II (Reverie, Hack)	2022	hack
gwarb	Guerrilla War (Joystick hack bootleg)	1987	bootleg
gwar	Guerrilla War (US)	1987	SNK
gwara	Guerrilla War (Version 1, set 1)	1987	SNK
gwarab	Guerrilla War (Version 1, set 2)	1987	SNK
gwarj	Guevara (Japan)	1987	SNK
gulfstrmm	Gulf Storm (Japan, Media Shoji license)	1991	Dooyong (Media Shoji license)
gulfstrmk	Gulf Storm (Korea)	1991	Dooyong
gulfstrm	Gulf Storm (set 1)	1991	Dooyong
gulfstrma	Gulf Storm (set 2)	1991	Dooyong
gulfstrmb	Gulf Storm (set 3)	1991	Dooyong
gulfwar2	Gulf War II (set 1)	1991	Comad
gulfwar2a	Gulf War II (set 2)	1991	Comad
gulunpa	Gulun.Pa! (Japan 931220 L) (prototype)	1993	Capcom
gumbo	Gumbo	1994	Min Corp.
gunfront	Gun & Frontier (World)	1990	Taito Corporation Japan
gunball	Gun Ball (Japan)	1992	Data East Corporation
gunbuletj	Gun Bullet (Japan, GN1)	1994	Namco
gunbuletw	Gun Bullet (World, GN3 Rev B)	1994	Namco
gundl94	Gun Dealer '94	1994	Dooyong
gunforc2	Gun Force II (US)	1994	Irem
gunfrontj	Gun Frontier (Japan)	1990	Taito Corporation
bangja	Gun Gabacho (Japan, version 2, checksum 1C8C)	1999	Gaelco / Bit Managers (GM Shoji license)
bangjb	Gun Gabacho (Japan, version 2, checksum B75B)	1999	Gaelco / Bit Managers (GM Shoji license)
bangj	Gun Gabacho (Japan, version 2, checksum C6BB)	1999	Gaelco / Bit Managers (GM Shoji license)
gunmast	Gun Master	1994	Metro
gunsmokeg	Gun.Smoke (Germany, 1985-11-15, censored)	1985	Capcom
gunsmokej	Gun.Smoke (Japan, 1985-11-15)	1985	Capcom
gunsmokeub	Gun.Smoke (USA and Canada, 1985-11-15, set 1)	1985	Capcom (Romstar license)
gunsmokeuc	Gun.Smoke (USA and Canada, 1985-11-15, set 2)	1985	Capcom (Romstar license)
gunsmokeua	Gun.Smoke (USA and Canada, 1986-01-20)	1985	Capcom (Romstar license)
gunsmokeu	Gun.Smoke (USA and Canada, 1986-04-08)	1986	Capcom (Romstar license)
gunsmokeb	Gun.Smoke (World, 1985-11-15) (bootleg)	1985	bootleg
gunsmoke	Gun.Smoke (World, 1985-11-15)	1985	Capcom
gnbarich	Gunbarich	2001	Psikyo
gunbirdj	Gunbird (Japan)	1994	Psikyo
gunbirdk	Gunbird (Korea)	1994	Psikyo
gunbird	Gunbird (World)	1994	Psikyo
gunbird2	Gunbird 2 (set 1)	1998	Psikyo
gunbird2a	Gunbird 2 (set 2)	1998	Psikyo
gunbustrj	Gunbuster (Japan)	1992	Taito Corporation
gunbustru	Gunbuster (US)	1992	Taito America Corporation
gunbustr	Gunbuster (World)	1992	Taito Corporation Japan
gundharac	Gundhara (Chinese, bootleg?)	1995	Banpresto
gundhara	Gundhara	1995	Banpresto
gunforcej	Gunforce - Battle Fire Engulfed Terror Island (Japan)	1991	Irem
gunforceu	Gunforce - Battle Fire Engulfed Terror Island (US)	1991	Irem America
gunforce	Gunforce - Battle Fire Engulfed Terror Island (World)	1991	Irem
gunlocko	Gunlock (Ver 2.0O 1993/12/15)	1993	Taito Corporation Japan
gunlock	Gunlock (Ver 2.3O 1994/01/20)	1993	Taito Corporation Japan
gunnail	GunNail (28th May. 1992)	1993	NMK / Tecmo
gunnailp	GunNail (location test)	1992	NMK
gururin	Gururin	1994	Face
gussun	Gussun Oyoyo (Japan)	1993	Irem
gutsn	Guts'n (Japan)	2000	Kaneko / Kouyousha
gutangtns	Guttang Gottong (Sega license)	1982	Konami (Sega license)
gutangtn	Guttang Gottong	1982	Konami
guwange	Guwange (Japan, 1999 6/24 Master Ver 16:55)	1999	Cave (Atlus license)
guwanges	Guwange (Japan, 2000 7/ 7 Special Ver 13:22)	1999	Cave (Atlus license)
guzzlers	Guzzler (Swimmer conversion)	1983	Tehkan
guzzler	Guzzler	1983	Tehkan
galap2	GX Part 2 (hack of Galaxian)	1979	hack (International Scientific)
pbancho	Gyakuten!! Puzzle Bancho (Japan, set 1)	1996	Fuuki
pbanchoa	Gyakuten!! Puzzle Bancho (Japan, set 2)	1996	Fuuki
gyrodinet	Gyrodine (Taito Corporation license)	1984	Crux (Taito Corporation license)
gyrodine	Gyrodine	1984	Crux
gyrussb	Gyruss (bootleg?)	1983	bootleg?
gyrussce	Gyruss (Centuri)	1983	Konami (Centuri license)
gyruss	Gyruss	1983	Konami
hachamf	Hacha Mecha Fighter (19th Sep. 1991, protected, set 1)	1991	NMK
hachamfa	Hacha Mecha Fighter (19th Sep. 1991, protected, set 2)	1991	NMK
hachamfb	Hacha Mecha Fighter (19th Sep. 1991, unprotected, bootleg Thunder Dragon conversion)	1991	bootleg
hachamfp	Hacha Mecha Fighter (Location Test Prototype, 19th Sep. 1991)	1991	NMK
hachooj	Hachoo! (Japan)	1989	Jaleco
hachoo	Hachoo! (World, set 1)	1989	Jaleco
hachooa	Hachoo! (World, set 2)	1989	Jaleco
hal21j	HAL21 (Japan)	1985	SNK
hal21	HAL21	1985	SNK
halfway	Halfway To Hell: Progear Red Label (2016-1-17 Red label ver)	2016	The Halfway House
halleysc87	Halley's Comet '87	1986	Taito Corporation
halleyscja	Halley's Comet (Japan)	1986	Taito Corporation
halleyscjp	Halley's Comet (Japan, prototype)	1985	Taito Corporation
halleyscj	Halley's Comet (Japan, rev 1)	1986	Taito Corporation
halleysc	Halley's Comet (US)	1986	Taito America Corporation (Coin-It license)
halozero	Halo Zero (HB, Demo)	2025	earok - misentropy
chamburger	Hamburger (DECO Cassette) (Japan)	1982	Data East Corporation
hamaway	Hammer Away (Japan, prototype)	1991	Sega / Santos
hamboy	Hammer Boy	1990	Dinamic / Inder
hharryu	Hammerin' Harry (US, M84 hardware)	1990	Irem America
hharry	Hammerin' Harry (World, M81 hardware)	1990	Irem
hharryb	Hammerin' Harry (World, M84 hardware bootleg)	1990	bootleg
hangon	Hang-On (Rev A)	1985	Sega
hangon2	Hang-On (Rev A, ride-on)	1985	Sega
hangonjr	Hang-On Jr. (Rev. B)	1985	Sega
hangon1	Hang-On	1985	Sega
hangly	Hangly-Man (set 1)	1981	hack (Igleck)
hangly2	Hangly-Man (set 2)	1981	hack (Igleck)
hangly3	Hangly-Man (set 3)	1981	hack (Igleck)
hangzo	Hangzo (Japan, prototype)	1992	Hot-B
harddunkj	Hard Dunk (Japan)	1994	Sega
harddunk	Hard Dunk (World)	1994	Sega
hardhat	Hard Hat	1982	Exidy
hardheadb	Hard Head (bootleg, set 1)	1988	bootleg
hardheadb3	Hard Head (bootleg, set 3)	1989	bootleg
hardhea2a	Hard Head 2 (v2.0, Music Program v2.0)	1991	SunA
hardhea2	Hard Head 2 (v2.0, Music Program v2.4)	1991	SunA
hardhead	Hard Head	1988	SunA
hpuncher	Hard Puncher (Japan)	1988	Konami
hrdtimes	Hard Times (set 1)	1994	Playmark
hrdtimesa	Hard Times (set 2)	1994	Playmark
hardyard10	Hard Yardage (v1.00)	1993	Strata / Incredible Technologies
hardyard11	Hard Yardage (v1.10)	1993	Strata / Incredible Technologies
hardyard	Hard Yardage (v1.20)	1993	Strata / Incredible Technologies
harem	Harem	1983	I.G.R.
hasamu	Hasamu (Japan)	1991	Irem
hthero93u	Hat Trick Hero '93 (Ver 1.0A 1993/02/28)	1993	Taito Corporation
hthero93	Hat Trick Hero '93 (Ver 1.0J 1993/02/28)	1993	Taito Corporation
hthero94	Hat Trick Hero '94 (Ver 2.2A 1994/05/26)	1994	Taito America Corporation
hthero95u	Hat Trick Hero '95 (Ver 2.5A 1994/11/03)	1994	Taito America Corporation
hthero95	Hat Trick Hero '95 (Ver 2.5J 1994/11/03)	1994	Taito Corporation
hthero95a	Hat Trick Hero '95 (Ver 2.6Asia 1994/11/17)	1994	Taito Corporation Japan
htheroj	Hat Trick Hero (Japan)	1990	Taito Corporation
htherou	Hat Trick Hero (US)	1990	Taito Corporation
htchctch	Hatch Catch	1995	SemiCom
hatrisj	Hatris (Japan)	1990	Video System Co.
hatrisp	Hatris (show version)	1990	Video System Co.
hatris	Hatris (US)	1990	Video System Co.
hcastlee	Haunted Castle (version E)	1988	Konami
hcastlek	Haunted Castle (version K)	1988	Konami
hcastle	Haunted Castle (version M)	1988	Konami
hayaosi2	Hayaoshi Quiz Grand Champion Taikai	1994	Jaleco
hayaosi3a	Hayaoshi Quiz Nettou Namahousou (ver 1.2)	1994	Jaleco
hayaosi3	Hayaoshi Quiz Nettou Namahousou (ver 1.5)	1994	Jaleco
hayaosi1	Hayaoshi Quiz Ouza Ketteisen: The King Of Quiz	1993	Jaleco
headon1	Head On (1 player)	1979	Gremlin
headon	Head On (2 players)	1979	Gremlin
headonb	Head On (bootleg on dedicated hardware)	1979	bootleg (EFG Sanremo)
headonmz	Head On (bootleg, alt maze)	1979	bootleg
headons	Head On (Sidam bootleg, set 1)	1979	bootleg (Sidam)
headonsa	Head On (Sidam bootleg, set 2)	1979	bootleg (Sidam)
headonn	Head On N	1979	Nintendo
hedpanic	Head Panic (ver. 0117, 17/01/2000)	2000	ESD
hedpanicf	Head Panic (ver. 0315, 15/03/2000)	2000	ESD / Fuuki
hedpanica	Head Panic (ver. 0702, 02/07/1999)	1999	ESD
hedpanic830	Head Panic (ver. 8.30)	1999	ESD
heatbrle	Heated Barrel (Electronic Devices license)	1992	TAD Corporation (Electronic Devices license)
heatbrlu	Heated Barrel (US)	1992	TAD Corporation
heatbrlo	Heated Barrel (World old version)	1992	TAD Corporation
heatbrl2	Heated Barrel (World version 2)	1992	TAD Corporation
heatbrl	Heated Barrel (World version 3)	1992	TAD Corporation
heatbrl3	Heated Barrel (World version ?)	1992	TAD Corporation
hbarrelua	Heavy Barrel (US, revision 1)	1987	Data East USA
hbarrelu	Heavy Barrel (US, revision 3)	1987	Data East USA
hbarrel	Heavy Barrel (World)	1987	Data East Corporation
hvymetal	Heavy Metal (315-5135)	1985	Sega
hvysmsha	Heavy Smash (Asia version -4)	1993	Data East Corporation
hvysmsh	Heavy Smash (Europe version -2)	1993	Data East Corporation
hvysmshj	Heavy Smash (Japan version -2)	1993	Data East Corporation
hvyunitja	Heavy Unit (Japan, alternate ROM format)	1988	Kaneko / Taito
hvyunitj	Heavy Unit (Japan, newer)	1988	Kaneko / Taito
hvyunitjo	Heavy Unit (Japan, older)	1988	Kaneko / Taito
hvyunit	Heavy Unit (World)	1988	Kaneko / Taito
hvyunitu	Heavy Unit -U.S.A. Version- (US)	1988	Kaneko / Taito
hwchampjd	Heavyweight Champ (Japan) (bootleg of FD1094 317-0046 set)	1987	bootleg
hwchampj	Heavyweight Champ (Japan) (FD1094 317-0046)	1987	Sega
hwchamp	Heavyweight Champ (set 1)	1987	Sega
hwchampa	Heavyweight Champ (set 2)	1987	Sega
heberpop	Hebereke no Popoon (Japan)	1994	Sunsoft / Atlus
heiankyo	Heiankyo Alien	1979	Denki Onkyo
hellfire1	Hellfire (1P set)	1989	Toaplan (Taito license)
hellfire1a	Hellfire (1P set, older)	1989	Toaplan (Taito license)
hellfire	Hellfire (2P set)	1989	Toaplan (Taito license)
hellfire2a	Hellfire (2P set, older)	1989	Toaplan (Taito license)
herbiedk	Herbie at the Olympics (DK conversion)	1984	Seatongrove UK, Ltd.
hero	Hero	1984	Century Electronics / Seatongrove Ltd
herodk	Hero in the Castle of Doom (DK conversion)	1984	Seatongrove UK, Ltd. (Crown license)
herodku	Hero in the Castle of Doom (DK conversion, not encrypted)	1984	Seatongrove UK, Ltd. (Crown license)
mutantf1	Heroes (World ver EM-1)	1991	Data East Corporation
heuksun	Heuk Sun Baek Sa (Korea)	1997	Oksan / F2 System
hexpoola	Hex Pool (Senko)	1985	Senko Industries
hexpool	Hex Pool (Shinkai)	1986	Senko Industries (Shinkai Inc. license)
hexa	Hexa	199?	D.R. Korea
hexionb	Hexion (Asia ver AAA, bootleg)	1992	bootleg (Impeuropex Corp.)
hexion	Hexion (Japan ver JAB)	1992	Konami
hidnctcha	Hidden Catch (World) / Tul Lin Gu Lim Chat Ki '98 (Korea) (pcb ver 3.02)	1998	Eolith
hidnctch	Hidden Catch (World) / Tul Lin Gu Lim Chat Ki '98 (Korea) (pcb ver 3.03)	1998	Eolith
hidctch2a	Hidden Catch 2 (pcb ver 1.00) (Kor/Eng/Jpn/Chi)	1999	Eolith
hidctch2	Hidden Catch 2 (pcb ver 3.03) (Kor/Eng) (AT89c52 protected)	1999	Eolith
hidnc2k	Hidden Catch 2000 (AT89c52 protected)	1999	Eolith
hidctch3	Hidden Catch 3 (ver 1.00 / pcb ver 3.05)	2000	Eolith
hiimpactp	High Impact Football (prototype, revision0 proto 8.6 12/09/90)	1990	Williams
hiimpact1	High Impact Football (rev LA1 12/16/90)	1990	Williams
hiimpact2	High Impact Football (rev LA2 12/26/90)	1990	Williams
hiimpact3	High Impact Football (rev LA3 12/27/90)	1990	Williams
hiimpact4	High Impact Football (rev LA4 02/04/91)	1990	Williams
hiimpact	High Impact Football (rev LA5 02/15/91)	1990	Williams
hvoltage	High Voltage (World)	1985	Alpha Denshi Co.
hwrace	High Way Race	1983	Taito Corporation
chwy	Highway Chase (DECO Cassette) (US)	1980	Data East Corporation
himesiki	Himeshikibu (Japan)	1989	Hi-Soft
hipoly	Hipoly (bootleg of Hyper Olympic)	1983	bootleg
hippodrm	Hippodrome (US)	1989	Data East USA
hishouza	Hishou Zame (Japan)	1987	Toaplan / Taito Corporation
hishouzab	Hishou Zame (Japan, bootleg)	1987	bootleg
buraiken	Hissatsu Buraiken (Japan, rev. A)	1987	Capcom
hitnmiss2	Hit 'n Miss (version 2.0)	1987	Exidy
hitnmiss	Hit 'n Miss (version 3.0)	1987	Exidy
hiticej	Hit the Ice (Japan)	1990	Taito Corporation (licensed from Midway)
hitice	Hit the Ice (US)	1990	Taito Corporation (Williams license)
hiticerb	Hit the Ice (US, with riser board)	1990	Taito Corporation (Williams license)
hoccer2	Hoccer (earlier)	1983	Eastern Micro Electronics, Inc.
hoccer	Hoccer (newer)	1983	Eastern Micro Electronics, Inc.
hiryuken	Hokuha Syourin Hiryu no Ken	1985	Taiyo System (Taito license)
holeland	Hole Land (Japan)	1984	Tecfri
holeland2	Hole Land (Spain)	1984	Tecfri
holo	Holosseum (US, Rev A)	1992	Sega
homo	Homo	1987	bootleg
honeydol	Honey Doll	1995	Barko Corp.
redfoxwp2	Hong Hu Zhanji II (China, set 1)	1998	Afega
redfoxwp2a	Hong Hu Zhanji II (China, set 2)	1998	Afega
ablast	Hong Tian Lei (A-Blast) (Japan)	2000	Subsino
hook1v4	Hook (1v4, Hack)	2016	hack
hook6h	Hook (6th Emperor, Hack)	2022	hack
hookjyds	Hook (Elite Competition, Hack)	2025	hack
hookjy	Hook (Elite, Hack)	2024	hack
hookbo	Hook (Gai Gai, Hack)	2024	hack
hooknx2	Hook (Hook's Reversal II, Hack)	2022	hack
hooknx	Hook (Hook's Reversal, Hack)	2022	hack
hookdj	Hook (Item, Hack)	2025	hack
hookj	Hook (Japan)	1992	Irem
hookhd2	Hook (Pirate Wars II, Hack)	2024	hack
hookhd	Hook (Pirate Wars, Hack)	2024	hack
hookpls	Hook (Plus, Hack)	2024	hack
hookpj	Hook (POK KAI, Hack)	2024	hack
hookdszz	Hook (Summit War, Hack)	2023	hack
hooksw	Hook (SW, Hack)	2022	hack
hooksw2	Hook (SW2, Hack)	2025	hack
hookgs2	Hook (The Expendables II, Hack)	2023	hack
hookgs	Hook (The Expendables, Hack)	2022	hack
hooku	Hook (US)	1992	Irem America
hookdw	Hook (Warriors, Hack)	2016	hack
hook	Hook (World)	1992	Irem
hookx2	Hook (X2, Hack)	2018	hack
hookxr	Hook (Xin Er, Hack)	2018	hack
hookxx	Hook (XX, Hack)	2025	hack
hoops96	Hoops '96 (Europe/Asia 2.0)	1996	Data East Corporation
hoops95	Hoops (Europe/Asia 1.7)	1995	Data East Corporation
hopprobo	Hopper Robo	1983	Sega
hopmappy	Hopping Mappy	1986	Namco
horizon	Horizon (Irem)	1985	Irem
hotbubla	Hot Bubble (Korea)	1998	Afega (Pandora license)
hotbubl	Hot Bubble (Korea, with adult pictures)	1998	Afega (Pandora license)
hotchase	Hot Chase (set 1)	1988	Konami
hotchasea	Hot Chase (set 2)	1988	Konami
hotmemry11	Hot Memory (V1.1, Germany, 11/30/94)	1994	Incredible Technologies (Tuning license)
hotmemry	Hot Memory (V1.2, Germany, 12/28/94)	1994	Incredible Technologies (Tuning license)
hotminda	Hot Mind (adjustable prize, set 1)	1995	Playmark
hotmindb	Hot Mind (adjustable prize, set 2)	1995	Playmark
hotmind	Hot Mind (Hard Times hardware, set 1)	1995	Playmark
hotmindc	Hot Mind (Hard Times hardware, set 2)	1995	Playmark
hotnight	Hot Night	1994	Bulldog Amusements Inc.
hotpinbl	Hot Pinball	1995	Comad & New Japan System
hotrodja	Hot Rod (Japan, 4 Players, Floppy Based, Rev B)	1988	Sega
hotrodj	Hot Rod (Japan, 4 Players, Floppy Based, Rev C)	1988	Sega
hotrod	Hot Rod (World, 3 Players, Turbo set 1, Floppy Based)	1988	Sega
hotroda	Hot Rod (World, 3 Players, Turbo set 2, Floppy Based)	1988	Sega
hotshockb	Hot Shocker (early revision?)	1982	E.G. Felaco
hotshock	Hot Shocker	1982	E.G. Felaco (Domino license)
hstennis10	Hot Shots Tennis (V1.0)	1990	Strata / Incredible Technologies
hstennis	Hot Shots Tennis (V1.1)	1990	Strata / Incredible Technologies
hotdogst	Hotdog Storm - The First Supersonics (korea)	1996	Marble (Ace International license)
happy6100cn	Huanle Liu He Yi (Happy 6-in-1) (M68K ver. V100, ARM ver. V100CN)	2004	IGS
happy6101	Huanle Liu He Yi (Happy 6-in-1) (M68K ver. V100, ARM ver. V101CN)	2004	IGS
happy6100hk	Huanle Liu He Yi (Happy 6-in-1) (M68K ver. V100HK, ARM ver. V100HK)	2004	IGS
happy6	Huanle Liu He Yi (Happy 6-in-1) (M68K ver. V101, ARM ver. V102CN)	2004	IGS
hunchbkg	Hunchback (Galaxian hardware)	1983	Century Electronics
hunchbks	Hunchback (Scramble hardware)	1983	Century Electronics
hunchbak	Hunchback (set 1)	1983	Century Electronics
hncholms	Hunchback Olympic (Scramble hardware)	1984	Seatongrove UK, Ltd.
huncholy	Hunchback Olympic	1984	Seatongrove Ltd
wofhfh	Huo Feng Huang (Chinese bootleg of Sangokushi II)	1999	bootleg
hustle	Hustle	1977	Gremlin
hydrap	Hydra (prototype 5/14/90)	1990	Atari Games
hydra	Hydra	1990	Atari Games
hcrashc	Hyper Crash (version C)	1987	Konami
hcrash	Hyper Crash (version D)	1987	Konami
hyprduel	Hyper Duel (Japan set 1)	1993	Technosoft
hyprduel2	Hyper Duel (Japan set 2)	1993	Technosoft
hpolym84	Hyper Olympic '84	1984	Konami
hyprolymb	Hyper Olympic (bootleg, set 1)	1983	bootleg
hyprolymba	Hyper Olympic (bootleg, set 2)	1983	bootleg
hyprolyma	Hyper Olympic (bugfixed)	1983	Konami
hyprolym	Hyper Olympic	1983	Konami
hyperpacb	Hyper Pacman (bootleg)	1995	bootleg
hyperpac	Hyper Pacman	1995	SemiCom
hypersptb	Hyper Sports (bootleg)	1984	bootleg
hypsptsp	Hyper Sports Special (Japan)	1988	Konami
hyperspt	Hyper Sports	1984	Konami (Centuri license)
hsf2app	Hyper Street Fighter II Plus Plus (Asia ver.170625 Hack by yumeji)	2017	hack
hsf2jpp	Hyper Street Fighter II Plus Plus (Japan ver.170625 Hack by yumeji)	2017	hack
hsf2pp	Hyper Street Fighter II Plus Plus (USA ver.170625 Hack by yumeji)	2017	hack
hsf230b	Hyper Street Fighter II: The Anniversary Edition (30% Blood, Hack)	2004	Capcom
hsf2da	Hyper Street Fighter II: The Anniversary Edition (Asia 040202 alt Phoenix Edition) (bootleg)	2004	bootleg
hsf2d	Hyper Street Fighter II: The Anniversary Edition (Asia 040202 Phoenix Edition) (bootleg)	2004	bootleg
hsf2a	Hyper Street Fighter II: The Anniversary Edition (Asia 040202)	2004	Capcom
hsf2df	Hyper Street Fighter II: The Anniversary Edition (Difficulty Fix, Hack)	2023	hack (bankbank)
hsf2ev2	Hyper Street Fighter II: The Anniversary Edition (Easy Move v2, Hack)	2004	hack
hsf2j2	Hyper Street Fighter II: The Anniversary Edition (Japan 031222)	2004	Capcom
hsf2j1	Hyper Street Fighter II: The Anniversary Edition (Japan 040123)	2004	Capcom
hsf2j	Hyper Street Fighter II: The Anniversary Edition (Japan 040202)	2004	Capcom
hsf2	Hyper Street Fighter II: The Anniversary Edition (USA 040202)	2004	Capcom
hyxevious	Hyper Xevious (Hack, 2026-07-30)	2026	zeroco
hypernoid	Hypernoid (HB, ver. 20220224)	2022	NeoHomeBrew
hyperspc	Hyperspace (bootleg of Asteroids)	1979	bootleg (Rumiano)
imsorry	I'm Sorry (315-5110, US)	1985	Coreland / Sega
ibarao	Ibara (2005/03/22 MASTER VER..)	2005	Cave (AMI license)
ibara	Ibara (2005/03/22 MASTER VER.., '06. 3. 7 ver.)	2005	Cave (AMI license)
ibarablka	Ibara Kuro Black Label (2006/02/06 MASTER VER.)	2006	Cave (AMI license)
ibarablk	Ibara Kuro Black Label (2006/02/06. MASTER VER.)	2006	Cave (AMI license)
suchie2o	Idol Janshi Suchie-Pai II (ver 1.0)	1994	Jaleco
suchie2	Idol Janshi Suchie-Pai II (ver 1.1)	1994	Jaleco
froman2b	Idol Mahjong Final Romance 2 (Neo-Geo, bootleg of CD version)	1995	bootleg
froman2bp	Idol Mahjong Final Romance 2 (Neo-Geo, bootleg of CD version, full CD audio)	1995	bootleg
iganinju	Iga Ninjyutsuden (Japan)	1988	Jaleco
igmo	IGMO	1984	Epos Corporation
ikarijp	Ikari (Japan No Continues)	1986	SNK
ikarijpb	Ikari (Joystick hack bootleg)	1986	bootleg
ikari3u	Ikari III - The Rescue (US, Rotary Joystick)	1989	SNK
ikari3	Ikari III - The Rescue (World version 1, 8-Way Joystick)	1989	SNK
ikari3w	Ikari III - The Rescue (World, Rotary Joystick)	1989	SNK
ikari3j	Ikari Three (Japan, Rotary Joystick)	1989	SNK
ikari3k	Ikari Three (Korea, 8-Way Joystick)	1989	SNK
ikari	Ikari Warriors (US JAMMA)	1986	SNK
ikarinc	Ikari Warriors (US No Continues)	1986	SNK
ikaria	Ikari Warriors (US, set 1)	1986	SNK
ikaria2	Ikari Warriors (US, set 2)	1986	SNK
ikki	Ikki (Japan)	1985	Sun Electronics
imgfightj	Image Fight (Japan)	1988	Irem
imgfightjb	Image Fight (Japan, bootleg)	1988	Irem
imgfight	Image Fight (World)	1988	Irem
imago	Imago (cocktail set)	1984	Acom
imagoa	Imago (no cocktail set)	1983	Acom
scrambp	Impacto (Billport S.A., Spanish bootleg of Scramble)	1981	bootleg (Billport S.A.)
inthehunt	In The Hunt (Demo Version)	2025	OzzyOuzo
inthuntk	In The Hunt (Korea?)	1993	Irem
inthuntu	In The Hunt (US)	1993	Irem America
inthunt	In The Hunt (World)	1993	Irem
inyourfa	In Your Face (North America, prototype)	1991	Jaleco
indytempc	Indiana Jones and the Temple of Doom (cocktail)	1985	Atari Games
indytempd	Indiana Jones and the Temple of Doom (German)	1985	Atari Games
indytemp	Indiana Jones and the Temple of Doom (set 1)	1985	Atari Games
indytemp2	Indiana Jones and the Temple of Doom (set 2)	1985	Atari Games
indytemp3	Indiana Jones and the Temple of Doom (set 3)	1985	Atari Games
indytemp4	Indiana Jones and the Temple of Doom (set 4)	1985	Atari Games
turbobl	Indianapolis (bootleg of Turbo)	1981	bootleg
insector	Insector (prototype)	1982	Gottlieb
insectxbl	Insector X (bootleg)	1990	bootleg (Nagoya Kaihatsu)
insectxj	Insector X (Japan)	1989	Taito Corporation
insectx	Insector X (World)	1989	Taito Corporation Japan
intcup94	International Cup '94 (Ver 2.2O 1994/05/26)	1994	Taito Corporation Japan
intlaser	International Team Laser (prototype)	1987	Bally Midway
intrepidb	Intrepid (Elsys bootleg, set 1)	1984	bootleg (Elsys)
intrepidb3	Intrepid (Elsys bootleg, set 2)	1984	bootleg (Elsys)
intrepidb2	Intrepid (Loris bootleg)	1984	bootleg (Loris)
intrepid	Intrepid (set 1)	1983	Nova Games Ltd.
intrepid2	Intrepid (set 2)	1983	Nova Games Ltd.
invds	Invinco / Deep Scan	1979	Sega
invinco	Invinco	1979	Sega
iqblock	IQ-Block (V100U)	1993	IGS
irion	Irion	1983	bootleg
ironfort	Iron Fortress	1998	Eolith
ironhorsh	Iron Horse (version H)	1986	Konami
ironhors	Iron Horse (version K)	1986	Konami
itaten	Itazura Tenshi (Japan)	1984	Nichibutsu / Alice
ixion	Ixion (prototype)	1983	Sega
vshoot	J-League Soccer V-Shoot (Japan)	1994	Namco
jjsquawkb	J. J. Squawkers (bootleg)	1999	bootleg
jjsquawkb2	J. J. Squawkers (bootleg, Blandia Conversion)	1999	bootleg
jjsquawko	J. J. Squawkers (older)	1993	Athena / Able
jjsquawk	J. J. Squawkers	1993	Athena / Able
jackrabt	Jack Rabbit (set 1)	1984	Zaccaria
jackrabt2	Jack Rabbit (set 2)	1984	Zaccaria
jackrabts	Jack Rabbit (special)	1984	Zaccaria
jack	Jack the Giantkiller (set 1)	1982	Hara Industries (Cinematronics license)
jack2	Jack the Giantkiller (set 2)	1982	Hara Industries (Cinematronics license)
jack3	Jack the Giantkiller (set 3)	1982	Hara Industries (Cinematronics license)
jackalbl	Jackal (bootleg, Rotary Joystick)	1986	bootleg
jackal	Jackal (World, 8-way Joystick)	1986	Konami
jackalr	Jackal (World, Rotary Joystick)	1986	Konami
jchana	Jackie Chan - The Kung-Fu Master (rev 3?)	1995	Kaneko
jchan	Jackie Chan - The Kung-Fu Master (rev 4?)	1995	Kaneko
jchan2	Jackie Chan in Fists of Fire	1995	Kaneko
zaxxonb	Jackson	1982	bootleg
jailbrekb	Jail Break (bootleg)	1986	bootleg
jailbrek	Jail Break	1986	Konami
jammin	Jammin' (prototype)	1985	Atari Games
jjparad2	Jan Jan Paradise 2	1997	Electro Design
jjparads	Jan Jan Paradise	1996	Electro Design
chokop	Janpai Puzzle Choukou (Japan 010820 Publicity)	2001	Mitchell (Capcom license)
choko	Janpai Puzzle Choukou (Japan 010820)	2001	Mitchell (Capcom license)
janshin	Janshin Densetsu - Quest of Jongmaster	1994	Aicom
grdnstrmk	Jeon Sin - Guardian Storm (Korea)	1998	Afega
samesamecn	Jiao! Jiao! Jiao! (China, 2P set)	1990	Toaplan (Hong Kong Honest Trading license)
cultures	Jibun wo Migaku Culture School Mahjong Hen	1994	Face
jigkmgria	Jigoku Meguri (Japan)	1988	Taito Corporation
jigkmgri	Jigoku Meguri (Japan, rev 1)	1988	Taito Corporation
jin	Jin	1982	Falcon
jitsupro	Jitsuryoku!! Pro Yakyuu (Japan)	1989	Jaleco
jockeygp	Jockey Grand Prix (set 1)	2001	Sun Amusement / BrezzaSoft
jockeygpa	Jockey Grand Prix (set 2)	2001	Sun Amusement / BrezzaSoft
joemacrj	Joe & Mac Returns (Japan, Version 1.2, 1994.06.06)	1994	Data East Corporation
joemacra	Joe & Mac Returns (World, Version 1.0, 1994.05.19)	1994	Data East Corporation
joemacr	Joe & Mac Returns (World, Version 1.1, 1994.05.27)	1994	Data East Corporation
joinem	Joinem	1983	Global Corporation
jojojr2	JoJo no Kimyou na Bouken (Japan 981202)	1998	Capcom
jojojr1	JoJo no Kimyou na Bouken (Japan 990108)	1998	Capcom
jojoj	JoJo no Kimyou na Bouken (Japan 990128)	1998	Capcom
jojobajr2	JoJo no Kimyou na Bouken: Mirai e no Isan (Japan 990913)	1999	Capcom
jojobanr2	JoJo no Kimyou na Bouken: Mirai e no Isan (Japan 990913, NO CD)	1999	Capcom
jojobajr1	JoJo no Kimyou na Bouken: Mirai e no Isan (Japan 990927)	1999	Capcom
jojobanr1	JoJo no Kimyou na Bouken: Mirai e no Isan (Japan 990927, NO CD)	1999	Capcom
jojoban	JoJo no Kimyou na Bouken: Mirai e no Isan (Japan 991015, NO CD)	1999	Capcom
jojobar2	JoJo's Bizarre Adventure (Europe 990913)	1999	Capcom
jojobaner2	JoJo's Bizarre Adventure (Europe 990913, NO CD)	1999	Capcom
jojobar1	JoJo's Bizarre Adventure (Europe 990927)	1999	Capcom
jojobaner1	JoJo's Bizarre Adventure (Europe 990927, NO CD)	1999	Capcom
jojoba	JoJo's Bizarre Adventure (Europe 991015, NO CD)	1999	Capcom
jojobanrb	JoJo's Bizarre Adventure (Rainbow Edition v1.0.1 2021)	2021	hack
jojoar2	JoJo's Venture (Asia 981202)	1998	Capcom
jojonr2	JoJo's Venture (Asia 981202, NO CD)	1998	Capcom
jojoar1	JoJo's Venture (Asia 990108)	1998	Capcom
jojonr1	JoJo's Venture (Asia 990108, NO CD)	1998	Capcom
jojoa	JoJo's Venture (Asia 990128)	1998	Capcom
jojon	JoJo's Venture (Asia 990128, NO CD)	1998	Capcom
jojor2	JoJo's Venture (Europe 981202)	1998	Capcom
jojor1	JoJo's Venture (Europe 990108)	1998	Capcom
jojo	JoJo's Venture (Europe 990128)	1998	Capcom
jojour2	JoJo's Venture (USA 981202)	1998	Capcom
jojour1	JoJo's Venture (USA 990108)	1998	Capcom
jojou	JoJo's Venture (USA 990128)	1998	Capcom
jollyjgr	Jolly Jogger	1982	Taito Corporation
ltorb	Jonas Indiana and the Lost Temple of RA (HB, ver. 20050717)	2005	blastar@gmx.net
jongpute	Jongputer	1981	Alpha Denshi Co.
sotsugyok	Jor-eop Jeungmyeongseo (Korea)	1996	Mitchell
journey	Journey	1983	Bally Midway
joust	Joust (Green label)	1982	Williams
joustr	Joust (Red label)	1982	Williams
jousty	Joust (Yellow label)	1982	Williams
joyfulr	Joyful Road (Japan)	1983	SNK
joyman	Joyman	1982	hack
jrpacman	Jr. Pac-Man (11/9/83)	1983	Bally Midway
jrpacmanf	Jr. Pac-Man (speedup hack)	1983	hack
jt104	JT 104 / NinjaKun Ashura no Shou	1987	UPL (United Amusements license)
jdreddp	Judge Dredd (rev TA1 7/12/92, location test)	1993	Midway
juju	JuJu Densetsu (Japan)	1989	TAD Corporation
jujub	JuJu Densetsu (Playmark bootleg)	1990	bootleg (Playmark)
sgmastj	Jumbo Ozaki Super Masters Golf (Japan, Floppy Based, FD1094 317-0058-05b)	1989	Sega
sgmastc	Jumbo Ozaki Super Masters Golf (World, Floppy Based, FD1094 317-0058-05c)	1989	Sega
jumpbugb	Jump Bug (bootleg, set 1)	1981	bootleg
jumpbug	Jump Bug	1981	Hoei (Rock-Ola license)
jumpcoast	Jump Coaster (Taito)	1983	Kaneko (Taito license)
jumpcoas	Jump Coaster (World)	1983	Kaneko Elc. Co.
jumpcoasa	Jump Coaster	1983	Kaneko
jumpkids	Jump Kids	1993	Comad
jumpkun	Jump Kun (prototype)	1984	Kaneko
jumpshotp	Jump Shot Engineering Sample	1985	Bally Midway
jumpshot	Jump Shot	1985	Bally Midway
jumping	Jumping (set 1)	1989	bootleg
jumpinga	Jumping (set 2)	1988	bootleg (Seyutu)
jumpingi	Jumping (set 3, Imnoe PCB)	1988	bootleg (Seyutu)
jmpbreak	Jumping Break (set 1)	1999	F2 System
jmpbreaka	Jumping Break (set 2)	1999	F2 System
jcross	Jumping Cross (set 1)	1984	SNK
jcrossa	Jumping Cross (set 2)	1984	SNK
jjack	Jumping Jack	1984	Universal
jpopnics	Jumping Pop (Nics, Korean hack of Plump Pop)	1992	Nics
jumppop	Jumping Pop (set 1)	2001	ESD
jumppope	Jumping Pop (set 2)	2001	Emag Soft
jungleby	Jungle Boy (bootleg)	1982	bootleg
junglehbr	Jungle Hunt (Brazil)	1983	Taito do Brasil
jungleh	Jungle Hunt (US)	1982	Taito America Corporation
jungleha	Jungle Hunt (US, alternate set)	1982	Taito America Corp
junglekas	Jungle King (alternate sound)	1982	Taito Corporation
junglek	Jungle King (Japan)	1982	Taito Corporation
junglekj2	Jungle King (Japan, earlier)	1982	Taito Corporation
junglekj2a	Jungle King (Japan, earlier, alt)	1982	Taito Corporation
jungler	Jungler	1981	Konami
jrking	Junior King (bootleg of Donkey Kong Jr.)	1982	bootleg
junofrstg	Juno First (Gottlieb)	1983	Konami (Gottlieb license)
junofrst	Juno First	1983	Konami
jurassic99	Jurassic 99 (Cadillacs and Dinosaurs bootleg with EM78P447AP)	1993	bootleg
jparkja	Jurassic Park (Japan, Deluxe)	1993	Sega
jparkjc	Jurassic Park (Japan, Rev A, Conversion)	1993	Sega
jparkj	Jurassic Park (Japan, Rev A, Deluxe)	1993	Sega
jpark	Jurassic Park (World, Rev A)	1993	Sega
jurl	Jurl (HB, v0.3c)	2025	Tonsomo Entertainment
altbeastj1	Juuouki (set 1, Japan) (FD1094 317-0065)	1988	Sega
altbeastj3d	Juuouki (set 3, Japan) (bootleg of FD1094 317-0068 set)	1988	bootleg
altbeastj3	Juuouki (set 3, Japan) (FD1094 317-0068)	1988	Sega
altbeastj	Juuouki (set 7, Japan) (8751 317-0077)	1988	Sega
jyangoku	Jyangokushi: Haoh no Saihai (Japan 990527)	1999	Capcom
kabukizj	Kabuki-Z (Japan)	1988	Kaneko / Taito Corporation
kabukiz	Kabuki-Z (World)	1988	Kaneko / Taito Corporation Japan
kagekih	Kageki (hack)	1992	hack
kagekij	Kageki (Japan)	1988	Kaneko / Taito Corporation
kagekiu	Kageki (US)	1988	Kaneko / Taito America Corporation (Romstar license)
kageki	Kageki (World)	1988	Kaneko / Taito Corporation
yanchamr	Kaiketsu Yanchamaru (Japan)	1986	Irem
kaiserknj	Kaiser Knuckle (Ver 2.1J 1994/07/29)	1994	Taito Corporation
kaiserkn	Kaiser Knuckle (Ver 2.1O 1994/07/29)	1994	Taito Corporation Japan
kaiteids	Kaitei Daisensou (Japan)	1993	Irem
kaitein	Kaitei Takara Sagashi (Namco license)	1980	K.K. Tokki (Namco license)
kaitei	Kaitei Takara Sagashi	1980	K.K. Tokki
kamakazi3	Kamakazi III (hack of 'Super Galaxians')	1979	hack
galkamika	Kamikaze (Electrogame, Spanish bootleg of Galaxian)	1979	bootleg (Electrogame)
kamikazesp	Kamikaze (Euromatic S.A., Spanish bootleg of Scramble)	1981	bootleg (Euromatic S.A.)
kamikcab	Kamikaze Cabbie	1984	Data East Corporation
kangarooa	Kangaroo (Atari)	1982	Sun Electronics (Atari license)
kangaroob	Kangaroo (bootleg)	1982	bootleg
kangarool	Kangaroo (Löwen-Automaten)	1982	Sun Electronics (Löwen-Automaten license)
kangaroo	Kangaroo	1982	Sun Electronics
karatblzbl	Karate Blazers (bootleg with Street Smart sound hardware)	1991	bootleg
karatblzu	Karate Blazers (US)	1991	Video System Co.
karatblz	Karate Blazers (World, set 1)	1991	Video System Co.
karatblza	Karate Blazers (World, set 2)	1991	Video System Co.
karatblzt	Karate Blazers (World, Tecmo license)	1991	Video System Co. (Tecmo license)
kchamptec	Karate Champ (Tecfri bootleg)	1984	bootleg (Tecfri)
kchamp	Karate Champ (US)	1984	Data East USA
kchampvs	Karate Champ: Player Vs Player (US, set 1)	1984	Data East USA
kchampvs2	Karate Champ: Player Vs Player (US, set 2)	1984	Data East USA
kchampvs3	Karate Champ: Player Vs Player (US, set 3)	1984	Data East USA
kchampvs4	Karate Champ: Player Vs Player (US, set 4)	1984	Data East USA
karateda	Karate Dou (Arfyc bootleg)	1984	bootleg (Arfyc)
karatedo	Karate Dou (Japan)	1984	Data East Corporation
karianx	Karian Cross (Rev. 1.0)	1996	Deniam
karnovj	Karnov (Japan)	1987	Data East Corporation
karnova	Karnov (US, rev 5)	1987	Data East USA
karnov	Karnov (US, rev 6)	1987	Data East USA
karnovng	Karnov Neo Geo (HB)	2025	iq_132
karnovre	Karnov's Revenge / Fighter's History Dynamite - Revolution (Hack, v0.2)	2024	GameHackFan
karnovr	Karnov's Revenge / Fighter's History Dynamite	1994	Data East Corporation
kengoj	Ken-Go (Japan)	1991	Irem
kengo	Ken-Go (World)	1991	Irem
keroppij	Kero Kero Keroppi no Isshoni Asobou (Japan)	1993	Sammy Industries
keroppi	Kero Kero Keroppi's Let's Play Together (USA, Version 2.0)	1995	American Sammy
ketse	Ketsui: Kizuna Jigoku Tachi (2003/01/01 Master Ver - Super Easy) (hack)	2020	hack (M2)
ketb	Ketsui: Kizuna Jigoku Tachi (2003/01/01 Master Ver)	2002	Cave (AMI license)
keta	Ketsui: Kizuna Jigoku Tachi (2003/01/01 Master Ver.)	2002	Cave (AMI license)
ket1	Ketsui: Kizuna Jigoku Tachi (2003/01/01. Master Ver.) (alt rom fill)	2002	Cave (AMI license)
ket	Ketsui: Kizuna Jigoku Tachi (2003/01/01. Master Ver.)	2002	Cave (AMI license)
ketbl	Ketsui: Kizuna Jigoku Tachi (2003/01/01. Master Ver., bootleg cartridge conversion)	2002	bootleg
ketarr10	Ketsui: Kizuna Jigoku Tachi (2012/04/17 ARRANGE VER) (hack)	2012	hack (trap15)
ketarrb	Ketsui: Kizuna Jigoku Tachi (2012/04/17 BACK. VER) (hack)	2025	hack
ketarrf	Ketsui: Kizuna Jigoku Tachi (2012/04/17 FAST. VER) (hack)	2012	hack (trap15)
ketarr15	Ketsui: Kizuna Jigoku Tachi (2012/06/26 ARRANGE 1.5 VER) (hack)	2012	hack (trap15)
ketarr151	Ketsui: Kizuna Jigoku Tachi (2012/06/26 ARRANGE 1.51 VER) (hack)	2012	hack (trap15)
ketarrs15	Ketsui: Kizuna Jigoku Tachi (2012/06/27 MR.STOIC 1.5 VER) (hack)	2012	hack (trap15)
ketarrs151	Ketsui: Kizuna Jigoku Tachi (2012/06/27 MR.STOIC 1.51 VER) (hack)	2012	hack (trap15)
ketarr	Ketsui: Kizuna Jigoku Tachi (2014/07/16 ARRANGE 1.7 VER) (hack)	2014	hack (trap15)
ketikd	Ketsui: Kizuna Jigoku Tachi - IKD 2007 Special (2007/09/22 CAVEMATSURI VER.) (encrypted)	2007	Cave (AMI license)
ketmatsuri	Ketsui: Kizuna Jigoku Tachi - IKD 2007 Special (2007/09/22 CAVEMATSURI VER.)	2007	Cave (AMI license)
kickc	Kick (cocktail)	1981	Midway
kick	Kick (upright)	1981	Midway
kicknrunu	Kick and Run (US)	1986	Taito America Corp
kicknrun	Kick and Run (World)	1986	Taito Corporation
kickball	Kick Ball	1998	Seoung Youn
kickboy	Kick Boy	1983	Nichibutsu
kickgoal	Kick Goal (set 1)	1995	TCH / Proyesel
kickgoala	Kick Goal (set 2)	1995	TCH / Proyesel
kickoff	Kick Off: Jaleco Cup (Japan)	1988	Jaleco
kickridr	Kick Rider	1984	Universal
kikstart	Kick Start: Wheelie King	1984	Taito Corporation
kicker	Kicker	1985	Konami
kikcubicb	Kickle Cubele	1988	bootleg
kickman	Kickman (upright)	1981	Midway
kidnikiu	Kid Niki - Radical Ninja (US)	1986	Irem (Data East USA license)
kidniki	Kid Niki - Radical Ninja (World)	1986	Irem
horekidb	Kid no Hore Hore Daisakusen (bootleg set 1)	1987	bootleg
horekidb3	Kid no Hore Hore Daisakusen - Neo Geo Conversion (HB)	1987-2022	Nichibutsu - iq_132
horekid	Kid no Hore Hore Daisakusen	1987	Nichibutsu
kikikai	KiKi KaiKai	1986	Taito Corporation
kingballj	King & Balloon (Japan)	1980	Namco
kingball	King & Balloon (US)	1980	Namco
kingofbj	King of Boxer (Japan)	1985	Woodplace Inc.
kingofb	King of Boxer (World)	1985	Woodplace Inc.
kof98bsc	King of Fighters '98 - Dream Match Never Ends (Boss Chinese Edition, Hack)	2023	hack
kof98plc	King of Fighters '98 - Dream Match Never Ends (Plus Chinese Edition, Hack)	2023	hack
kog	King of Gladiator (bootleg of The King of Fighters '97)	1997	bootleg
kogplus	King of Gladiator Plus (The King of Fighters '97 bootleg)	1997	bootleg
kotm	King of the Monsters (set 1)	1991	SNK
kotmh	King of the Monsters (set 2)	1991	SNK
kotm2	King of the Monsters 2 - The Next Thing (NGM-039 ~ NGH-039)	1992	SNK
kotm2a	King of the Monsters 2 - The Next Thing (older)	1992	SNK
kotm2p	King of the Monsters 2 - The Next Thing (prototype)	1992	SNK
kingdmgp	Kingdom Grandprix	1994	Raizing / Eighting
kirameki	Kirameki Star Road (Ver 2.10J 1997/08/29)	1997	Taito Corporation
kittenk	Kitten Kaboodle	1988	Konami
kizuna	Kizuna Encounter - Super Tag Battle / Fu'un Super Tag Battle	1996	SNK
klaxd2	Klax (Germany, version 2)	1990	Atari Games
klaxj3	Klax (Japan, version 3)	1990	Atari Games
klaxj4	Klax (Japan, version 4)	1990	Atari Games
klax4	Klax (version 4)	1990	Atari Games
klax5	Klax (version 5)	1990	Atari Games
klax	Klax (version 6)	1990	Atari Games
klondkp	KlonDike+	1999	Eolith
knightb	Knight Boy (bootleg of KiKi KaiKai, set 1)	1986	bootleg
knightsch	Knight's Chance (HB)	2014	Neobitz
kngtmare	Knightmare (prototype)	1983	Gottlieb
knightsb	Knights of the Round (bootleg with 2xMSM5205, set 1)	1991	bootleg
knightsb3	Knights of the Round (bootleg with 2xMSM5205, set 2)	1991	bootleg
knightsb4	Knights of the Round (bootleg with YM2151 + 2xMSM5205)	1991	bootleg
knightsb5	Knights of the Round (bootleg, Japan 911127)	1991	bootleg
knightsh2	Knights of the Round (bootleg, World 911127 alt)	1991	bootleg
knightsb2	Knights of the Round (bootleg, World 911127)	1991	bootleg
knightct	Knights of the Round (Count, Hack)	2016	hack
knightsh	Knights of the Round (hack)	1991	hack
knightsc	Knights of the Round (hack, Chinese Translation)	2006	hack
knightsja	Knights of the Round (Japan 911127, B-Board 89625B-1)	1991	Capcom
knightsj	Knights of the Round (Japan 911127, B-Board 91634B-2)	1991	Capcom
knightsp	Knights of the Round (Plus, Hack)	2016	hack
knightsu	Knights of the Round (USA 911127)	1991	Capcom
knights	Knights of the Round (World 911127)	1991	Capcom
kovbl	Knights of Valour / San Guo Zhan Ji / Sangoku Senki (Bootleg, V112CN?)	199?	bootleg
kov111	Knights of Valour / San Guo Zhan Ji / Sangoku Senki (ver. 111, Japanese Board)	1999	IGS
kov115	Knights of Valour / San Guo Zhan Ji / Sangoku Senki (ver. 115)	1999	IGS
kov	Knights of Valour / San Guo Zhan Ji / Sangoku Senki (ver. 117, Hong Kong)	1999	IGS
kov114	Knights of Valour / Sanguo Zhan Ji / Sangoku Senki (ver. 114, Hong Kong)	1999	IGS
kov2dzxx	Knights of Valour 2 - Dou Zhuan Xing Xuan (Hack, ver.110)	2021	hack
kov2100	Knights of Valour 2 / Sanguo Zhan Ji 2 / Sangoku Senki 2 (ver. 100, 100, 100HK)	2000	IGS
kov2101	Knights of Valour 2 / Sanguo Zhan Ji 2 / Sangoku Senki 2 (ver. 101, 101, 100HK)	2000	IGS
kov2102	Knights of Valour 2 / Sanguo Zhan Ji 2 / Sangoku Senki 2 (ver. 102, 101, 100HK)	2000	IGS
kov21022	Knights of Valour 2 / Sanguo Zhan Ji 2 / Sangoku Senki 2 (ver. 102, 102, 100HK)	2000	IGS
kov2103	Knights of Valour 2 / Sanguo Zhan Ji 2 / Sangoku Senki 2 (ver. 103, 101, 100HK)	2000	IGS
kov2104	Knights of Valour 2 / Sanguo Zhan Ji 2 / Sangoku Senki 2 (ver. 104, 102, 100HK)	2000	IGS
kov2106	Knights of Valour 2 / Sanguo Zhan Ji 2 / Sangoku Senki 2 (ver. 106, 102, 100HK)	2000	IGS
kov2	Knights of Valour 2 / Sanguo Zhan Ji 2 / Sangoku Senki 2 (ver. 107, 102, 100HK)	2000	IGS
kov2nl_300hk	Knights of Valour 2 New Legend (V300, Hong Kong)	2008	IGS
kov2nl_300jp	Knights of Valour 2 New Legend (V300, Japan)	2008	IGS
kov2nl_300	Knights of Valour 2 New Legend (V300, Overseas)	2008	IGS
kov2nl_300tw	Knights of Valour 2 New Legend (V300, Taiwan)	2008	IGS
kov2nl_301hk	Knights of Valour 2 New Legend (V301, Hong Kong)	2008	IGS
kov2nl_301jp	Knights of Valour 2 New Legend (V301, Japan)	2008	IGS
kov2nl_301	Knights of Valour 2 New Legend (V301, Overseas)	2008	IGS
kov2nl_301tw	Knights of Valour 2 New Legend (V301, Taiwan)	2008	IGS
kov2nl_302hk	Knights of Valour 2 New Legend (V302, Hong Kong)	2008	IGS
kov2nl_302jp	Knights of Valour 2 New Legend (V302, Japan)	2008	IGS
kov2nl	Knights of Valour 2 New Legend (V302, Overseas)	2008	IGS
kov2nl_302tw	Knights of Valour 2 New Legend (V302, Taiwan)	2008	IGS
kov2nld_300	Knights of Valour 2 New Legend / Sanguo Zhan Ji 2 Hengsao Qianjun (V300, Decrypted)	2008	IGS
kov2nld_301	Knights of Valour 2 New Legend / Sanguo Zhan Ji 2 Hengsao Qianjun (V301, Decrypted)	2008	IGS
kov2nld	Knights of Valour 2 New Legend / Sanguo Zhan Ji 2 Hengsao Qianjun (V302, Decrypted)	2008	IGS
kov2pemp	Knights of Valour 2 Plus - Extend Magic Plus (Hack)	2020	Hack
kov2p200	Knights of Valour 2 Plus - Nine Dragons / Sanguo Zhan Ji 2 Qunxiong Zhengba / Sanguo Zhan Ji 2 Feilong Zai Tian / Sangoku Senki Busyou Souha (ver. M200XX, 200, 100CN)	2001	IGS
kov2p202	Knights of Valour 2 Plus - Nine Dragons / Sanguo Zhan Ji 2 Qunxiong Zhengba / Sanguo Zhan Ji 2 Feilong Zai Tian / Sangoku Senki Busyou Souha (ver. M202XX, 200, 100CN)	2001	IGS
kov2p203	Knights of Valour 2 Plus - Nine Dragons / Sanguo Zhan Ji 2 Qunxiong Zhengba / Sanguo Zhan Ji 2 Feilong Zai Tian / Sangoku Senki Busyou Souha (ver. M203XX, 200, 100CN)	2001	IGS
kov2p204	Knights of Valour 2 Plus - Nine Dragons / Sanguo Zhan Ji 2 Qunxiong Zhengba / Sanguo Zhan Ji 2 Feilong Zai Tian / Sangoku Senki Busyou Souha (ver. M204XX, 200, 100CN)	2001	IGS
kov2p	Knights of Valour 2 Plus - Nine Dragons / Sanguo Zhan Ji 2 Qunxiong Zhengba / Sanguo Zhan Ji 2 Feilong Zai Tian / Sangoku Senki Busyou Souha (ver. M205XX, 200, 100CN)	2001	IGS
kov2pshjz	Knights of Valour 2 Plus - Shuang Han Jiu Zhou (Hack)	202?	hack
kov2pshpd	Knights of Valour 2 Plus - Xie Feng Tian Chi (Hack)	2019-12-16	Hack
kov3_100	Knights of Valour 3 (V100, China)	2011	IGS (Huatong license)
kov3_101	Knights of Valour 3 (V101, China)	2011	IGS (Huatong license)
kov3_102	Knights of Valour 3 (V102, China)	2011	IGS (Huatong license)
kov3	Knights of Valour 3 (V104, China)	2011	IGS (Huatong license)
kov3d_100	Knights of Valour 3 / Sanguo Zhan Ji 3 (V100, China, Hong kong, Taiwan, Decrypted)	2011	IGS (Huatong license)
kov3d_101	Knights of Valour 3 / Sanguo Zhan Ji 3 (V101, China, Hong kong, Taiwan, Decrypted)	2011	IGS (Huatong license)
kov3d_102	Knights of Valour 3 / Sanguo Zhan Ji 3 (V102, China, Hong kong, Taiwan, Decrypted)	2011	IGS
kov3d	Knights of Valour 3 / Sanguo Zhan Ji 3 (V104, China, Hong kong, Taiwan, Decrypted)	2011	IGS (Huatong license)
kovplusq	Knights of Valour Plus - New Biography of Heroes (V120)	2021	Hack
kovplus20tx	Knights of Valour Plus - Qun Xiong Luan Wu 2020	2023	hack
kovplusbl	Knights of Valour Plus / San Guo Zhan Ji - Zeng Zong Plus/ Sangoku Senki Masamune Plus (bootleg, V117CN?)	199?	bootleg
kovplus	Knights of Valour Plus / San Guo Zhan Ji - Zheng Zong Plus / Sangoku Senki Masamune Plus (ver. 119, set 1)	1999	IGS
kovplusa	Knights of Valour Plus / San Guo Zhan Ji - Zheng Zong Plus / Sangoku Senki Masamune Plus (ver. 119, set 2)	1999	IGS
kovp12em	Knights of Valour Plus 2012 - Nightmare	2022	hack
kovp12dw	Knights of Valour Plus 2012 - Warriors	2023	hack
kovsh100	Knights of Valour Super Heroes / San Guo Zhan Ji - Feng Yun Zai Qi / Sangoku Senki Super Heroes (ver. 100, CN)	1999	IGS
kovsh101	Knights of Valour Super Heroes / San Guo Zhan Ji - Feng Yun Zai Qi / Sangoku Senki Super Heroes (ver. 101, CN)	1999	IGS
kovsh102	Knights of Valour Super Heroes / San Guo Zhan Ji - Feng Yun Zai Qi / Sangoku Senki Super Heroes (ver. 102, CN)	1999	IGS
kovsh103	Knights of Valour Super Heroes / San Guo Zhan Ji - Feng Yun Zai Qi / Sangoku Senki Super Heroes (ver. 103, CN)	1999	IGS
kovsh	Knights of Valour Super Heroes / San Guo Zhan Ji - Feng Yun Zai Qi / Sangoku Senki Super Heroes (ver. 104, CN)	1999	IGS
kovytzy	Knights of Valour Super Heroes / San Guo Zhan Ji - Yi Tong Zhong Yuan / Sangoku Senki Super Heroes (SANGO EX+) (ver. 201 'Yitong Zhongyuan', China)	1999	IGS
kovytzyce	Knights of Valour Super Heroes / Yi Tong Zhong Yuan Qing Ban (2020-A, hack)	2020-07-21	Hack
kovytzyws	Knights of Valour Super Heroes / Yi Tong Zhong Yuan Wu Shuang Ban (2019-0, hack)	2018	Hack
kovshpzqhl	Knights of Valour Super Heroes Plus (The Best Firepower In 2020, 2020-02-06)	2020	Hack
kovshpqszltw	Knights of Valour Super Heroes Plus (The Road to Survival True King Tian Wang, ver. 500)	2020-01-03	Hack
kovshpqszl	Knights of Valour Super Heroes Plus (The Road to Survival True King, ver. 500)	2018	Hack
kovshp100	Knights of Valour Super Heroes Plus / San Guo Zhan Ji - Luan Shi Xiao Xiong (ver. 100)	2004	IGS
kovshp	Knights of Valour Super Heroes Plus / San Guo Zhan Ji - Luan Shi Xiao Xiong (ver. 101)	2004	IGS
kovshp101	Knights of Valour Super Heroes Plus / San Guo Zhan Ji - Luan Shi Xiao Xiong (ver. 101, Chinese Board)	2004	IGS
kovshbl	Knights of Valour Superheroes / Sangoku Senki Superheroes (bootleg, V104CN)	1999	bootleg
kovshdf	Knights of Valour Superheroes / Sangoku Senki Superheroes - Dungeons & Warriors (Hack)	2009	hack
kovshmg	Knights of Valour Superheroes / Sangoku Senki Superheroes - Muggle Legend (Hack)	2020	hack
kovshszl	Knights of Valour Superheroes / Sangoku Senki Superheroes - The Road Beyond the Gods (Hack)	2021	hack
knockout	Knock Out!! (bootleg, set 1)	1982	bootleg? (KKK)
kbashk	Knuckle Bash (Korean PCB)	1993	Toaplan / Taito
kbashp	Knuckle Bash (location test)	1993	Toaplan / Taito
kbash2	Knuckle Bash 2 (bootleg)	1999	bootleg
kbash	Knuckle Bash	1993	Toaplan / Atari
knckheadj	Knuckle Heads (Japan)	1992	Namco
knckheadjp	Knuckle Heads (Japan, Prototype?)	1992	Namco
knckhead	Knuckle Heads (World)	1992	Namco
kncljoe	Knuckle Joe (set 1)	1985	Seibu Kaihatsu (Taito license)
kncljoea	Knuckle Joe (set 2)	1985	Seibu Kaihatsu (Taito license)
koikois2	Koi Koi Shimasho 2 - Super Real Hanafuda (Japan)	1997	Visco
rockragej	Koi no Hotrock (Japan)	1986	Konami
eto	Kokontouzai Eto Monogatari (Japan)	1994	Visco
etoa	Kokontouzai Eto Monogatari (Japan, prototype?)	1994	Visco
konami88	Konami '88	1988	Konami
konamigt	Konami GT	1985	Konami
rf2b	Konami RF2 - Red Fighter (Bubble System)	1985	Konami
rf2	Konami RF2 - Red Fighter	1985	Konami
kontest	Konami Test Board (GX800, Japan)	1987?	Konami
pingpong	Konami's Ping-Pong	1985	Konami
konek	Konek-Gorbunok	198?	Terminal
kong	Kong (Donkey Kong conversion on Galaxian hardware)	198?	Taito do Brasil
korokoro	Koro Koro Quest (Japan)	1999	Takumi
korosuke	Korosuke Roller (Japan)	1981	Alpha Denshi Co. / Kural Electric, Ltd.
myangel	Kosodate Quiz My Angel (Japan)	1996	MOSS / Namco
myangel2	Kosodate Quiz My Angel 2 (Japan)	1997	MOSS / Namco
kot	Kot-Rybolov (Terminal)	198?	Terminal
kouyakyu	Koukou Yakyuu, The (Japan)	1985	Alpha Denshi Co.
legofair	Koukuu Kihei Monogatari - The Legend of Air Cavalry (Japan)	1988	SNK
strahlj	Koutetsu Yousai Strahl (Japan set 1)	1992	UPL
strahlja	Koutetsu Yousai Strahl (Japan set 2)	1992	UPL
strahl	Koutetsu Yousai Strahl (World)	1992	UPL
kroozr	Kozmik Kroozr	1982	Bally Midway
kozure	Kozure Ookami (Japan)	1987	Nichibutsu
kram	Kram (rev 1)	1982	Taito America Corporation
krama	Kram	1982	Taito America Corporation
krzybowl	Krazy Bowl	1994	American Sammy
krull	Krull	1983	Gottlieb
sandscrpb	Kuai Da Shizi Huangdi (China?, Revised Hardware)	1992	Face
kuhga	Kuhga - Operation Code 'Vapor Trail' (Japan revision 3)	1989	Data East Corporation
kungfub	Kung-Fu Master (bootleg set 1)	1984	bootleg
kungfub2	Kung-Fu Master (bootleg set 2)	1984	bootleg
kungfub3	Kung-Fu Master (bootleg set 3)	1984	bootleg
kungfumd	Kung-Fu Master (US)	1984	Irem (Data East USA license)
kungfum	Kung-Fu Master (World)	1984	Irem
kungfub3s	Kung-Fu Senjyo (bootleg, Spanish)	1984	bootleg
kungfut	Kung-Fu Taikun (set 1)	1984	Seibu Kaihatsu
kungfuta	Kung-Fu Taikun (set 2)	1984	Seibu Kaihatsu
kurikintj	Kuri Kinton (Japan)	1988	Taito Corporation
kurikintu	Kuri Kinton (US)	1988	Taito America Corporation
kurikintw	Kuri Kinton (US, World Games license)	1988	Taito Corporation (World Games, Inc. license)
kurikint	Kuri Kinton (World)	1988	Taito Corporation Japan
kurikinta	Kuri Kinton (World, prototype)	1988	Taito Corporation Japan
ksayakyu	Kusayakyuu	1985	Taito Corporation
brkthruj	Kyohkoh-Toppa (Japan)	1986	Data East Corporation
kyrosj	Kyros no Yakata (Japan)	1986	Alpha Denshi Co.
kyros	Kyros	1987	Alpha Denshi Co. (World Games Inc. license)
dadandrn	Kyukyoku Sentai Dadandarn (ver JAA)	1993	Konami
ktigera	Kyukyoku Tiger (Japan, 2 player alternate)	1987	Toaplan / Taito Corporation
ktiger	Kyukyoku Tiger (Japan, 2 player cooperative)	1989	Toaplan / Taito Corporation
ktiger2	Kyukyoku Tiger II (Ver 2.1J 1995/11/30)	1995	Taito Corporation
kyukaidk	Kyuukai Douchuuki (Japan, new version (Rev B))	1990	Namco
kyukaidko	Kyuukai Douchuuki (Japan, old version)	1990	Namco
divebomb	Kyuukoukabakugekitai - Dive Bomber Squad (Japan, prototype)	1989	Konami
lagirl	LA Girl	1992	bootleg
labyrunr	Labyrinth Runner (Japan)	1987	Konami
labyrunrf	Labyrinth Runner (World Ver. F)	1987	Konami
labyrunrk	Labyrinth Runner (World Ver. K)	1987	Konami
ladybugg	Lady Bug (bootleg on Galaxian hardware, unencrypted)	1983	bootleg
ladybugb	Lady Bug (bootleg)	1981	bootleg
ladybug	Lady Bug	1981	Universal
ladyfrog	Lady Frog	1990	Mondial Games
ladykill	Lady Killer	1993	Yanyaka (Mitchell license)
ladymstr	Lady Master of Kung Fu (rev 1)	1985	Kaneko / Taito
ladymstra	Lady Master of Kung Fu	1985	Kaneko / Taito
landbrkb	Land Breaker (World) / Miss Tang Ja Ru Gi (Korea) (pcb ver 1.0) (AT89c52 protected)	1999	Eolith
landbrk	Land Breaker (World) / Miss Tang Ja Ru Gi (Korea) (pcb ver 3.02)	1999	Eolith
landbrka	Land Breaker (World) / Miss Tang Ja Ru Gi (Korea) (pcb ver 3.03) (AT89c52 protected)	1999	Eolith
landmakrhe	Land Maker (English Translation Hack)	2023	hack (ywy)
landmakrj	Land Maker (Ver 2.01J 1998/06/01)	1998	Taito Corporation
landmakr	Land Maker (Ver 2.02O 1998/06/02)	1998	Taito Corporation
landmakrp	Land Maker (Ver 2.02O 1998/06/02, prototype)	1998	Taito Corporation
lsasquad	Land Sea Air Squad / Riku Kai Kuu Saizensen	1986	Taito
lans2004	Lansquenet 2004 (bootleg of Shock Troopers - 2nd Squad)	1998	bootleg
lvgirl94	Las Vegas Girl (Girl '94)	1994	Comad
lghostj	Laser Ghost (Japan) (FD1094 317-0164)	1990	Sega
lghostud	Laser Ghost (US) (bootleg of FD1094 317-0165 set)	1990	bootleg
lghostu	Laser Ghost (US) (FD1094 317-0165)	1990	Sega
lghostd	Laser Ghost (World) (bootleg of FD1094 317-0166 set)	1990	bootleg
lghost	Laser Ghost (World) (FD1094 317-0166)	1990	Sega
lasso	Lasso	1982	SNK
lastduelb	Last Duel (bootleg)	1988	bootleg
lastduelj	Last Duel (Japan)	1988	Capcom
lastduel	Last Duel (US New Ver.)	1988	Capcom
lastduelo	Last Duel (US Old Ver.)	1988	Capcom
lastfortea	Last Fortress - Toride (China, Rev A)	1994	Metro
lastforte	Last Fortress - Toride (China, Rev C)	1994	Metro
lastfortg	Last Fortress - Toride (Germany)	1994	Metro
lastfort	Last Fortress - Toride (Japan, VG420 PCB)	1994	Metro
lastfortj	Last Fortress - Toride (Japan, VG460 PCB)	1994	Metro
lastfortk	Last Fortress - Toride (Korea)	1994	Metro
lasthope	Last Hope (bootleg AES to MVS conversion, no coin support)	2005	NG:DEV.TEAM
lhcdb	Last Hope CD Beta (Neo CD conversion)	2007	NG:Dev.Team
lastkma	Last KM (ver 1.0.0227, checksum 747a7443, prototype)	1995	Gaelco / Zeus
lastkm	Last KM (ver 1.0.0275, checksum 13bff751, prototype)	1995	Gaelco / Zeus
lastmisnj	Last Mission (Japan)	1986	Data East Corporation
lastmisnu5	Last Mission (US revision 5)	1986	Data East USA
lastmisnu6	Last Mission (US revision 6)	1986	Data East USA
lastmisn	Last Mission (World revision 8)	1986	Data East Corporation
lresortp	Last Resort (prototype)	1992	SNK
lresort	Last Resort	1992	SNK
kyustrkr	Last Striker / Kyuukyoku no Striker	1989	East Technology
lastsurvd	Last Survivor (Japan) (bootleg of FD1094 317-0083 set)	1989	bootleg
lastsurv	Last Survivor (Japan) (FD1094 317-0083)	1989	Sega
lazybug	Lazy Bug	1981	David Widel
bagnardi	Le Bagnard (Itisa, Spain)	1983	Valadon Automation (Itisa license)
bagnardio	Le Bagnard (Itisa, Spain, older)	1982	Valadon Automation (Itisa license)
bagnard	Le Bagnard (set 1)	1982	Valadon Automation
bagnarda	Le Bagnard (set 2)	1982	Valadon Automation
leadang	Lead Angle (Japan)	1988	Seibu Kaihatsu
lbowling	League Bowling (NGM-019 ~ NGH-019)	1990	SNK
ledstorm	Led Storm (US)	1988	Capcom
leds2011u	Led Storm Rally 2011 (US)	1988	Capcom
leds2011	Led Storm Rally 2011 (World)	1988	Capcom
fitegolfu	Lee Trevino's Fighting Golf (US, Ver 2, set 1)	1988	SNK
fitegolfua	Lee Trevino's Fighting Golf (US, Ver 2, set 2)	1988	SNK
fitegolf	Lee Trevino's Fighting Golf (World?)	1988	SNK
loht_ms	Legend of Hero Tonma (Gaelco bootleg, Modular System)	1989	bootleg (Gaelco / Ervisa)
lohtj	Legend of Hero Tonma (Japan)	1989	Irem
lohtb2	Legend of Hero Tonma (Japan, bootleg with i8751)	1989	bootleg
lohtb	Legend of Hero Tonma (Playmark unprotected bootleg)	1989	bootleg (Playmark)
loht	Legend of Hero Tonma (World)	1989	Irem
lohtb3	Legend of Hero Tonma (World, bootleg with i8751)	1997	bootleg
legendoh	Legend of Heroes	2000	Limenko
lomakai	Legend of Makai (World)	1988	Jaleco
legendos	Legend of Success Joe / Ashita no Joe Densetsu	1991	SNK / Wave
lwingsb	Legendary Wings (bootleg)	1986	bootleg
lwingsa	Legendary Wings (US)	1986	Capcom
lwings	Legendary Wings (US, rev. C)	1986	Capcom
legend	Legend	1986	Kyugo / Sega
legendb	Legion (bootleg of Legend)	1986	bootleg
legion	Legion - Spinner-87 (World ver 2.03)	1987	Nichibutsu
legionnaj	Legionnaire (Japan)	1992	TAD Corporation
legionnau	Legionnaire (US)	1992	TAD Corporation (Fabtek license)
legionna	Legionnaire (World)	1992	TAD Corporation
bgareggabla	Leishen Chuan / Thunder Deity Biography (Chinese hack of Battle Garegga)	1997	bootleg (Melody)
lemmings	Lemmings (US prototype)	1991	Data East USA
crshrace	Lethal Crash Race / Bakuretsu Crash Race (set 1)	1993	Video System Co.
crshrace2	Lethal Crash Race / Bakuretsu Crash Race (set 2)	1993	Video System Co.
crshrace2a	Lethal Crash Race / Bakuretsu Crash Race (set 2, alternate sound ROM)	1993	Video System Co.
lethaleneaa	Lethal Enforcers (ver EAA, 09/09/92 09:44)	1992	Konami
lethaleneab	Lethal Enforcers (ver EAB, 10/14/92 19:53)	1992	Konami
lethalenead	Lethal Enforcers (ver EAD, 11/11/92 10:52)	1992	Konami
lethaleneae	Lethal Enforcers (ver EAE, 11/19/92 16:24)	1992	Konami
lethalenua	Lethal Enforcers (ver UAA, 08/17/92 21:38)	1992	Konami
lethalenub	Lethal Enforcers (ver UAB, 09/01/92 11:12)	1992	Konami
lethalen	Lethal Enforcers (ver UAE, 11/19/92 15:04)	1992	Konami
lethalenux	Lethal Enforcers (ver unknown, US, 08/06/92 15:11, hacked/proto?)	1992	Konami
lethalth	Lethal Thunder (World)	1991	Irem
levers	Levers	1983	Rock-Ola
liblrabl	Libble Rabble	1983	Namco
liberate	Liberation	1984	Data East Corporation
lifefrcej	Lifeforce (Japan)	1987	Konami
lifefrce	Lifeforce (US)	1986	Konami
lightbrj	Light Bringer (Ver 2.1J 1994/02/18)	1993	Taito Corporation
lightbr	Light Bringer (Ver 2.2O 1994/04/08)	1993	Taito Corporation Japan
lgtnfghta	Lightning Fighters (Asia)	1990	Konami
lgtnfghtu	Lightning Fighters (US)	1990	Konami
lgtnfght	Lightning Fighters (World)	1990	Konami
ltswords	Lightning Swords (World)	1991	Irem
shangonleeh	Limited Edition Hang-On (Enhanced Edition v2.0.2)	2014	hack (Chris White)
shangonle	Limited Edition Hang-On	1991	Sega
loffirejd	Line of Fire / Bakudan Yarou (Japan) (bootleg of FD1094 317-0134 set)	1989	bootleg
loffirej	Line of Fire / Bakudan Yarou (Japan) (FD1094 317-0134)	1989	Sega
loffireud	Line of Fire / Bakudan Yarou (US) (bootleg of FD1094 317-0135 set)	1989	bootleg
loffireu	Line of Fire / Bakudan Yarou (US) (FD1094 317-0135)	1989	Sega
loffired	Line of Fire / Bakudan Yarou (World) (bootleg of FD1094 317-0136 set)	1989	bootleg
loffire	Line of Fire / Bakudan Yarou (World) (FD1094 317-0136)	1989	Sega
linkypip	Linky Pipe	1998	Eolith
liquidku	Liquid Kids (US)	1990	Taito America Corporation
liquidk	Liquid Kids (World)	1990	Taito Corporation Japan
lithero	Little Hero	1987	bootleg
littlerb	Little Robin	1994	TCH
livequiz	Live Quiz Show	1999	Andamiro
lizardhunt	Lizard Hunt (unprotected, checksum 25A83609)	1994	Gaelco
lizwiz	Lizard Wizard	1985	Techstar (Sunn license)
lockonph	Lock On (Philko)	1991	Philko
clocknchj	Lock'n'Chase (DECO Cassette) (Japan)	1981	Data East Corporation
clocknch	Lock'n'Chase (DECO Cassette) (US)	1981	Data East Corporation
lnc	Lock'n'Chase	1981	Data East Corporation
lockonc	Lock-On (rev. C)	1986	Tatsumi
lockon	Lock-On (rev. E)	1986	Tatsumi
locoboot	Loco-Motion (bootleg)	1982	bootleg
locomotn	Loco-Motion	1982	Konami (Centuri license)
ldrun	Lode Runner (set 1)	1984	Irem (licensed from Broderbund)
ldruna	Lode Runner (set 2)	1984	Irem (licensed from Broderbund, Digital Controls Inc. license)
loderndfa	Lode Runner - The Dig Fight (ver. A)	2000	Psikyo
loderndf	Lode Runner - The Dig Fight (ver. B)	2000	Psikyo
ldrun2	Lode Runner II - The Bungeling Strikes Back	1984	Irem (licensed from Broderbund)
ldrun3j	Lode Runner III - Majin no Fukkatsu (Japan, rev. A)	1985	Irem (licensed from Broderbund)
ldrun3jc	Lode Runner III - Majin no Fukkatsu (Japan, rev. C)	1985	Irem (licensed from Broderbund)
ldrun3	Lode Runner III - The Golden Labyrinth	1985	Irem (licensed from Broderbund)
ldrun4	Lode Runner IV - Teikoku Karano Dasshutsu (Japan)	1986	Irem (licensed from Broderbund)
logicpro	Logic Pro (Japan)	1996	Deniam
logicpr2	Logic Pro 2 (Japan)	1997	Deniam
looper	Looper	1982	Orca
looptris	Looptris (HB, v. 20211226)	2021	Blastar
looptrsp	Looptris Plus (HB, ver. 20221224)	2022	Blastar
lordgunu	Lord of Gun (USA)	1994	IGS
lordgun	Lord of Gun (World)	1994	IGS
losttomb	Lost Tomb (easy)	1982	Stern Electronics
losttombh	Lost Tomb (hard)	1982	Stern Electronics
lostwrldo	Lost Worlds (Japan Old Ver.)	1988	Capcom
lostwrld	Lost Worlds (Japan)	1988	Capcom
lotlot	Lot Lot	1985	Irem (licensed from Tokuma Shoten)
lottofun	Lotto Fun	1987	HAR Management
janjans1	Lovely Pop Mahjong JangJang Shimasho (Japan)	1996	Visco
janjans2	Lovely Pop Mahjong JangJang Shimasho 2 (Japan)	2000	Visco
loverboy	Lover Boy	1983	G.T Enterprise Inc
kovlsqho	Luan Shi Quan Huang Te Bie Ban (bootleg of Knights of Valour Super Heroes Plus, V112CN)	2009	bootleg (WDF)
kovlsyxqszl	Luan Shi Ying Xiong - Qiu Sheng Zhi Lu (hack of Knights of Valour Super Heroes Plus, ver. 500)	2018	Hack
kovlsyxqxzl	Luan Shi Ying Xiong - Qun Xiong Zhu Lu (hack of Knights of Valour Super Heroes Plus, ver. 500)	2018	Hack
kovlsyxqxzlp	Luan Shi Ying Xiong - Qun Xiong Zhu Lu Plus (hack of Knights of Valour Super Heroes Plus, ver. 500)	2018	Hack
kovshpd3dw	Luan Shi Ying Xiong - Qun Xiong Zhu Lu Wu Shuang Edition (Hack, ver. 500)	2020-12-18	Hack
luckywldj	Lucky & Wild (Japan)	1992	Namco
luckywld	Lucky & Wild	1992	Namco
luckboomh	Lucky Boom (Hard Times hardware)	1996	Playmark
luckboom	Lucky Boom	1996	Playmark
cluckypo	Lucky Poker (DECO Cassette) (US)	1981	Data East Corporation
luctoday	Lucky Today	1980	Sigma
lunarba1	Lunar Battle (prototype, earlier)	1982	Atari
lunarbat	Lunar Battle (prototype, later)	1982	Atari
llander1	Lunar Lander (rev 1)	1979	Atari
llander	Lunar Lander (rev 2)	1979	Atari
luplup10	Lup Lup Puzzle / Zhuan Zhuan Puzzle (version 1.05 / 981214)	1999	Omega System (Adko license)
luplup29	Lup Lup Puzzle / Zhuan Zhuan Puzzle (version 2.9 / 990108)	1999	Omega System
luplup	Lup Lup Puzzle / Zhuan Zhuan Puzzle (version 3.0 / 990128)	1999	Omega System
mia2	M.I.A. - Missing in Action (version S)	1989	Konami
mia	M.I.A. - Missing in Action (version T)	1989	Konami
miaj	M.I.A.: Missing in Action (Japan, version R)	1989	Konami
machbrkr	Mach Breakers (World, MB2)	1995	Namco
machbrkrj	Mach Breakers - Numan Athletics 2 (Japan, MB1)	1995	Namco
mach9	Mach-9 (bootleg of Vulgus)	1984	bootleg (Itisa)
machomou	Macho Mouse	1982	Techstar
macross2k	Macross II (Korea)	1993	Banpresto
macrossp	Macross Plus	1996	MOSS / Banpresto
madcrash	Mad Crasher	1984	SNK
madcrush	Mad Crusher (Japan)	1984	SNK
maddonna	Mad Donna (Tuning, set 1)	1995	Promat (Tuning license)
madgearj	Mad Gear (Japan)	1989	Capcom
madgear	Mad Gear (US)	1989	Capcom
madmotor	Mad Motor (prototype, set 1)	1989	Mitchell
madmotora	Mad Motor (prototype, set 2)	1989	Mitchell
mplanetsuk	Mad Planets (UK)	1983	Gottlieb (Taitel license)
mplanets	Mad Planets	1983	Gottlieb
madshark	Mad Shark	1993	Allumer
magmax	Mag Max (set 1)	1985	Nichibutsu
magmaxa	Mag Max (set 2)	1985	Nichibutsu
mbrush	Magic Brush (bootleg of Crush Roller)	1981	bootleg (Olympia)
magicbubc	Magic Bubble (Adult version, YS-0211 PCB)	199?	Yun Sung
magicbuba	Magic Bubble (Adult version, YS1302 PCB, set 1)	199?	Yun Sung
magicbubb	Magic Bubble (Adult version, YS1302 PCB, set 2)	199?	Yun Sung
magicbub	Magic Bubble	199?	Yun Sung
magipur	Magic Purple	1996	Unico
magicstk	Magic Sticks	1995	Playmark
mswordj	Magic Sword: Heroic Fantasy (Japan 900623)	1990	Capcom
mswordu	Magic Sword: Heroic Fantasy (USA 900725)	1990	Capcom
mswordr1	Magic Sword: Heroic Fantasy (World 900623)	1990	Capcom
msword	Magic Sword: Heroic Fantasy (World 900725)	1990	Capcom
mcatadvj	Magical Cat Adventure (Japan)	1993	Wintechno
mcatadv	Magical Cat Adventure	1993	Wintechno
mgcrystlj	Magical Crystals (Japan, 92/01/13)	1991	Kaneko (Atlus license)
mgcrystlo	Magical Crystals (World, 91/12/10)	1991	Kaneko
mgcrystl	Magical Crystals (World, 92/01/10)	1991	Kaneko
magdrop	Magical Drop (Japan, Version 1.1, 1995.06.21)	1995	Data East Corporation
magdrop3bh	Magical Drop III (Secret Character Hack)	1997	hack
magdrop3te	Magical Drop III Tournament Edition	2022	hack (bankbank)
magdrop3	Magical Drop III	1997	Data East Corporation
magdrop2	Magical Drop II	1996	Data East Corporation
magdropp	Magical Drop Plus 1 (Japan, Version 2.1, 1995.09.12)	1995	Data East Corporation
magerror	Magical Error wo Sagase	1994	Technosoft / Jaleco
mpumpkin	Magical Pumpkin: Puroland de Daibouken (Japan 960712)	1996	Capcom
magicbal	Magicball Fighting (Korea)	1994	SemiCom
maglordh	Magician Lord (NGH-005)	1990	Alpha Denshi Co.
maglord	Magician Lord (NGM-005)	1990	Alpha Denshi Co.
maglordacfh	Magician Lord - Again Changes from Hell (Hack, English v1.0.0)	2025	Boomchil
maglordfacfh	Magician Lord - Again Changes from Hell (Hack, French v1.0.0)	2025	Boomchil
magixb	Magix / Rock (no copyright message)	1995	Yun Sung
magix	Magix / Rock	1995	Yun Sung
akiss	Mahjong Angel Kiss (ver 1.0)	1995	Jaleco
mjgtaste	Mahjong G-Taste	2002	Psikyo
mgakuen2	Mahjong Gakuen 2 Gakuen-chou no Fukushuu	1989	Face
mgakuen	Mahjong Gakuen	1988	Yuga
hotgmcki	Mahjong Hot Gimmick Integral (Japan)	2001	Psikyo
hypreact	Mahjong Hyper Reaction (Japan)	1995	Sammy
hypreac2	Mahjong Hyper Reaction 2 (Japan)	1997	Sammy
mahretsu	Mahjong Kyo Retsuden (NGM-004 ~ NGH-004)	1990	SNK
mjkjidai	Mahjong Kyou Jidai (Japan)	1986	Sanritsu
mjnquest	Mahjong Quest (Japan)	1990	Taito Corporation
mjnquestb	Mahjong Quest (Japan, No Nudity)	1990	Taito Corporation
mahoudai	Mahou Daisakusen (Japan)	1993	Raizing (Able license)
gunhohki	Mahou Keibitai Gun Hohki (Japan)	1992	Irem
mainsnk	Main Event (1984)	1984	SNK
mstadium	Main Stadium (Japan)	1989	Konami
majest12j	Majestic Twelve - The Space Invaders Part IV (Japan)	1990	Taito Corporation
majest12ub	Majestic Twelve - The Space Invaders Part IV (US, earlier code base)	1990	Taito America Corporation
majest12ua	Majestic Twelve - The Space Invaders Part IV (US, revised code)	1990	Taito America Corporation
majest12u	Majestic Twelve - The Space Invaders Part IV (US, revised code, Rev 1)	1990	Taito America Corporation
mhavocp	Major Havoc (prototype)	1983	Atari
mhavoc2	Major Havoc (rev 2)	1983	Atari
mhavoc	Major Havoc (rev 3)	1983	Atari
mhavocrv	Major Havoc - Return to Vax	2006	hack (JMA)
mjleague	Major League	1985	Sega
majtitlej	Major Title (Japan)	1990	Irem
majtitle	Major Title (World)	1990	Irem
majtitl2j	Major Title 2 (Japan)	1992	Irem
majtitl2	Major Title 2 (World, set 1)	1992	Irem
majtitl2a	Major Title 2 (World, set 1, alt sound CPU)	1992	Irem
majtitl2b	Major Title 2 (World, set 2)	1992	Irem
majuu	Majuu no Ohkoku	1987	Konami
makaiden	Makai Densetsu (Japan)	1988	Jaleco
makaimur	Makaimura (Japan revision A?)	1985	Capcom
makaimurbbl	Makaimura (Japan revision B bootleg)	1985	bootleg
makaimurb	Makaimura (Japan revision B)	1985	Capcom
makaimurc	Makaimura (Japan revision C)	1985	Capcom
makaimurg	Makaimura (Japan revision G)	1985	Capcom
makknight	Makaimura - Knight Artoria Edition	2026	GoodLuckTrying
makmaiden	Makaimura - Maiden Artoria Edition	2026	GoodLuckTrying
maketrax	Make Trax (US set 1)	1981	Alpha Denshi Co. / Kural (Williams license)
maketrxb	Make Trax (US set 2)	1981	Alpha Denshi Co. / Kural (Williams license)
makyosen	Makyou Senshi (Japan)	1987	Data East Corporation
manpac	Man-Pac	2020-2024	hack (Screw)
mangchi	Mang-Chi	2000	Afega
cmanhat	Manhattan (DECO Cassette) (Japan)	1981	Data East Corporation
manhatan	Manhattan 24 Bunsyo (Japan)	1986	Konami
maniach	Mania Challenge (set 1)	1986	Technos Japan (Taito America license)
maniach2	Mania Challenge (set 2)	1986	Technos Japan (Taito America license)
maniacsqb	Maniac Square (protected, version 1.0, checksum CF2D)	1996	Gaelco
maniacsqa	Maniac Square (protected, version 1.0, checksum DEEE)	1996	Gaelco
maniacsq	Maniac Square (unprotected, version 1.0, checksum BB73)	1996	Gaelco
maniacsqc	Maniac Square (unprotected, version 1.0, checksum BEAE)	1996	Gaelco
maniacsp	Maniac Square (ver 1.0, checksum b602, prototype)	1992	Gaelco
manybloc	Many Block	1991	Bee-Oh
mappyj	Mappy (Japan)	1983	Namco
mappy	Mappy (US)	1983	Namco
marble	Marble Madness (set 1)	1984	Atari Games
marble2	Marble Madness (set 2)	1984	Atari Games
marble3	Marble Madness (set 3)	1984	Atari Games
marble4	Marble Madness (set 4)	1984	Atari Games
marble5	Marble Madness (set 5 - LSI Cartridge)	1984	Atari Games
marblmd2	Marble Madness II (prototype)	1991	Atari Games
mmaze	Marchen Maze (Japan)	1988	Namco
mmaze2	Marchen Maze (Japan, hack?)	1988	Namco
marineb	Marine Boy	1982	Orca
mariner	Mariner	1981	Amenip
mariobl	Mario Bros. (bootleg on Ambush Hardware, set 1)	1983	bootleg
mariobla	Mario Bros. (bootleg on Ambush Hardware, set 2)	1983	bootleg
marioja	Mario Bros. (Japan, older)	1983	Nintendo
marioj	Mario Bros. (Japan, Revision C)	1983	Nintendo
mario	Mario Bros. (US, Revision E)	1983	Nintendo of America
mariof	Mario Bros. (US, Revision F)	1983	Nintendo of America
mariog	Mario Bros. (US, Revision G)	1983	Nintendo of America
markham	Markham	1983	Sun Electronics
mmatrixa	Mars Matrix: Hyper Solid Shooting (Asia 000412)	2000	Takumi (Capcom license)
mmatrixj	Mars Matrix: Hyper Solid Shooting (Japan 000412)	2000	Takumi (Capcom license)
mmatrixd	Mars Matrix: Hyper Solid Shooting (USA 000412 Phoenix Edition) (bootleg)	2000	bootleg
mmatrix	Mars Matrix: Hyper Solid Shooting (USA 000412)	2000	Takumi (Capcom license)
mars	Mars	1981	Artic
mtlchampa	Martial Champion (ver AAA)	1993	Konami
mtlchamp1	Martial Champion (ver EAA)	1993	Konami
mtlchamp	Martial Champion (ver EAB)	1993	Konami
mtlchampj	Martial Champion (ver JAA)	1993	Konami
mtlchampu1	Martial Champion (ver UAD)	1993	Konami
mtlchampu	Martial Champion (ver UAE)	1993	Konami
marmatcp	Martial Masters - Community Patch (Hack)	20??	Hack
marmatsc	Martial Masters - Secret Characters (Hack)	2017	Hack
martmast102c	Martial Masters / Xing Yi Quan (ver. 102, 101, 101CN)	2001	IGS
martmast103c	Martial Masters / Xing Yi Quan (ver. 103, 102, 101CN)	2001	IGS
martmast104c	Martial Masters / Xing Yi Quan (ver. 104, 102, 101CN)	2001	IGS
martmast	Martial Masters / Xing Yi Quan (ver. 104, 102, 102US)	2001	IGS
marvland	Marvel Land (Japan)	1989	Namco
marvlandup	Marvel Land (US, prototype)	1989	Namco
msha	Marvel Super Heroes (Asia 951024)	1995	Capcom
mshbh	Marvel Super Heroes (Boss Hack)	1995	Yumeji
mshbr1	Marvel Super Heroes (Brazil 951024)	1995	Capcom
mshb	Marvel Super Heroes (Brazil 951117)	1995	Capcom
msh	Marvel Super Heroes (Europe 951024)	1995	Capcom
mshh	Marvel Super Heroes (Hispanic 951117)	1995	Capcom
mshjr1	Marvel Super Heroes (Japan 951024)	1995	Capcom
mshj	Marvel Super Heroes (Japan 951117)	1995	Capcom
mshud	Marvel Super Heroes (USA 951024 Phoenix Edition) (bootleg)	1995	bootleg
mshu	Marvel Super Heroes (USA 951024)	1995	Capcom
mshvsfa1	Marvel Super Heroes Vs. Street Fighter (Asia 970620)	1997	Capcom
mshvsfa	Marvel Super Heroes Vs. Street Fighter (Asia 970625)	1997	Capcom
mshvsfbh	Marvel Super Heroes Vs. Street Fighter (Boss Hack)	1997	Yumeji
mshvsfb1	Marvel Super Heroes Vs. Street Fighter (Brazil 970625)	1997	Capcom
mshvsfb	Marvel Super Heroes Vs. Street Fighter (Brazil 970827)	1997	Capcom
mshvsfcph	Marvel Super Heroes Vs. Street Fighter (Coop, Hack)	2024	hack (bankbank)
mshvsfem	Marvel Super Heroes Vs. Street Fighter (Easy Moves, Hack)	2009	hack
mshvsf	Marvel Super Heroes Vs. Street Fighter (Europe 970625)	1997	Capcom
mshvsfh	Marvel Super Heroes Vs. Street Fighter (Hispanic 970625)	1997	Capcom
mshvsfj2	Marvel Super Heroes Vs. Street Fighter (Japan 970625)	1997	Capcom
mshvsfj1	Marvel Super Heroes Vs. Street Fighter (Japan 970702)	1997	Capcom
mshvsfj	Marvel Super Heroes Vs. Street Fighter (Japan 970707)	1997	Capcom
mshvsfu1d	Marvel Super Heroes Vs. Street Fighter (USA 970625 Phoenix Edition) (bootleg)	1997	bootleg
mshvsfu1	Marvel Super Heroes Vs. Street Fighter (USA 970625)	1997	Capcom
mshvsfu	Marvel Super Heroes Vs. Street Fighter (USA 970827)	1997	Capcom
mvscar1	Marvel Vs. Capcom: Clash of Super Heroes (Asia 980112)	1998	Capcom
mvsca	Marvel Vs. Capcom: Clash of Super Heroes (Asia 980123)	1998	Capcom
mvscbh	Marvel Vs. Capcom: Clash of Super Heroes (Boss Hack)	1998	0 DAY-S[EGCG]
mvscb	Marvel Vs. Capcom: Clash of Super Heroes (Brazil 980123)	1998	Capcom
mvscem	Marvel Vs. Capcom: Clash of Super Heroes (Easy Moves, Hack)	2009	hack
mvscr1	Marvel Vs. Capcom: Clash of Super Heroes (Europe 980112)	1998	Capcom
mvsc	Marvel Vs. Capcom: Clash of Super Heroes (Europe 980123)	1998	Capcom
mvsch	Marvel Vs. Capcom: Clash of Super Heroes (Hispanic 980123)	1998	Capcom
mvscjr1	Marvel Vs. Capcom: Clash of Super Heroes (Japan 980112)	1998	Capcom
mvscjsing	Marvel Vs. Capcom: Clash of Super Heroes (Japan 980123) (Single PCB)	1998	Capcom
mvscj	Marvel Vs. Capcom: Clash of Super Heroes (Japan 980123)	1998	Capcom
mvscur1	Marvel Vs. Capcom: Clash of Super Heroes (USA 971222)	1998	Capcom
mvscud	Marvel Vs. Capcom: Clash of Super Heroes (USA 980123 Phoenix Edition) (bootleg)	1998	bootleg
mvscu	Marvel Vs. Capcom: Clash of Super Heroes (USA 980123)	1998	Capcom
marvins	Marvin's Maze	1983	SNK
masao	Masao	1983	bootleg
kamenrid	Masked Riders Club Battle Race / Kamen Rider Club Battle Racer	1993	Banpresto
mastboyod	Master Boy (1987, Z80 hardware)	1987	Gaelco
mastboyo	Master Boy (1987, Z80 hardware, Covielsa, set 1)	1987	Gaelco (Covielsa license)
mastboyoa	Master Boy (1987, Z80 hardware, Covielsa, set 2)	1987	Gaelco (Covielsa license)
mastboyob	Master Boy (1987, Z80 hardware, Ichi-Funtel, set 1)	1987	Gaelco (Ichi-Funtel license)
mastboyoc	Master Boy (1987, Z80 hardware, Ichi-Funtel, set 2)	1987	Gaelco (Ichi-Funtel license)
masterwj	Master of Weapon (Japan)	1989	Taito Corporation
masterwu	Master of Weapon (US)	1989	Taito America Corporation
masterw	Master of Weapon (World)	1989	Taito Corporation Japan
mastfury	Master's Fury	1996	Unico
matmania	Mat Mania	1985	Technos Japan (Taito America license)
matchitb	Match It (bootleg)	1989	bootleg
matchit2	Match It II	1993	Tamtex
matchit	Match It	1989	Tamtex
matrimbl	Matrimelee / Shin Gouketsuji Ichizoku Toukon (bootleg)	2003	bootleg
matrim	Matrimelee / Shin Gouketsuji Ichizoku Toukon (NGM-2660 ~ NGH-2660)	2003	Noise Factory / Atlus
matrimbh	Matrimelee ~ Shin Gouketsuji Ichizoku Toukon (Hack, Enable Hidden Characters V2)	20??	Creamymami[EGCG]
maxrpm	Max RPM (ver 2)	1986	Bally Midway
mayday	Mayday (set 1)	1980	Hoei
maydaya	Mayday (set 2)	1980	Hoei
maydayb	Mayday (set 3)	1980	Hoei
mazebl	Maze (Trog rev LA4 3/11/91 bootleg)	1990	bootleg
mazeinv	Maze Invaders (prototype)	1981	Atari
mofflott	Maze of Flott (Japan)	1989	Taito Corporation
mazingerj	Mazinger Z (Japan)	1994	Banpresto / Dynamic Pl. Toei Animation
mazinger	Mazinger Z (World)	1994	Banpresto / Dynamic Pl. Toei Animation
mechattj	Mechanized Attack (Japan)	1989	SNK
mechattu	Mechanized Attack (US)	1989	SNK
mechattu1	Mechanized Attack (US, Version 1, Single Player)	1989	SNK
mechatt	Mechanized Attack (World)	1989	SNK
megablstj	Mega Blast (Japan)	1989	Taito Corporation
megablstu	Mega Blast (US)	1989	Taito America Corporation
megablst	Mega Blast (World)	1989	Taito Corporation Japan
megaforcu	Mega Force (US)	1985	Tehkan (Video Ware license)
megaforc	Mega Force (World)	1984	Tehkan
megaman2a	Mega Man 2: The Power Fighters (Asia 960708)	1996	Capcom
megaman2h	Mega Man 2: The Power Fighters (Hispanic 960712)	1996	Capcom
megamn2d	Mega Man 2: The Power Fighters (USA 960708 Phoenix Edition) (bootleg)	1996	bootleg
megaman2	Mega Man 2: The Power Fighters (USA 960708)	1996	Capcom
megamana	Mega Man: The Power Battle (CPS1, Asia 951006)	1995	Capcom
megaman	Mega Man: The Power Battle (CPS1, USA 951006)	1995	Capcom
mmancp2ur2	Mega Man: The Power Battle (CPS2, USA 950925, SAMPLE Version)	1995	Capcom
mmancp2ur1	Mega Man: The Power Battle (CPS2, USA 950926, SAMPLE Version)	1995	Capcom
mmancp2u	Mega Man: The Power Battle (CPS2, USA 951006, SAMPLE Version)	1995	Capcom
megaphx	Mega Phoenix	1991	Dinamic / Inder
mtwins	Mega Twins (World 900619)	1990	Capcom
megazonea	Mega Zone (unknown version 1)	1983	Konami (Interlogic / Kosuka license)
megazoneb	Mega Zone (unknown version 2)	1983	Konami
megazoneh	Mega Zone (version H)	1983	Konami (Kosuka license)
megazonei	Mega Zone (version I)	1983	Konami
megazonej	Mega Zone (version J)	1983	Konami (Interlogic / Kosuka license)
megazone	Mega Zone (version L)	1983	Konami
megadon	Megadon	1982	Epos Corporation (Photar Industries license)
megrescu	Megumi Rescue	1987	Sega / Exa
meijinsn	Meijinsen (set 1)	1986	SNK
meijinsna	Meijinsen (set 2)	1986	SNK
kikcubic	Meikyu Jima (Japan)	1988	Irem
meikyuh	Meikyuu Hunter G (Japan)	1987	Data East Corporation
meikyuhbl	Meikyuu Hunter G (Japan, bootleg)	1987	bootleg
myqbert	Mello Yello Q*bert	1982	Gottlieb
meosism	Meosis Magic (Japan)	1996?	Sammy
mercenario	Mercenario (bootleg of Commando)	1985	bootleg
mercsur1	Mercs (USA 900302)	1990	Capcom
mercsu	Mercs (USA 900608)	1990	Capcom
mercs	Mercs (World 900302)	1990	Capcom
merlinmm	Merlins Money Maze	1986	Zilec-Zenitone
metafox	Meta Fox	1989	Jordan I.S. / Seta
metalbj	Metal Black (Japan)	1991	Taito Corporation
metalb	Metal Black (World)	1991	Taito Corporation Japan
metalba	Metal Black (World, single PCB)	1991	Taito Corporation Japan
metlclsh	Metal Clash (Japan)	1985	Data East Corporation
metlfrzr	Metal Freezer (Japan)	1989	Seibu Kaihatsu
metlhawkj	Metal Hawk (Japan, Rev F)	1988	Namco
metlhawk	Metal Hawk (Rev C)	1988	Namco
metlsavr	Metal Saver	1994	First Amusement
mslug1v2	Metal Slug - Super Vehicle-001 (1v2 Mode, Hack)	2023	hack
mslugfs	Metal Slug - Super Vehicle-001 (Firepower Showdown, Hack)	2024	hack
mslugdg	Metal Slug - Super Vehicle-001 (Multifunction, Hack)	2018	hack
mslugdyf2	Metal Slug - Super Vehicle-001 (Origins Item Random v2, Hack)	2025	Alice
msqyfc1	Metal Slug - Super Vehicle-001 (Origins Item Random, Hack)	2024	Alice
mslugqy	Metal Slug - Super Vehicle-001 (Origins, Hack)	2025	AKS & Sakura
mslugfc2	Metal Slug - Super Vehicle-001 (Random Item & Powerful Enemy Defense, Hack)	2024	Alice
mslugfc1	Metal Slug - Super Vehicle-001 (Random Item, Hack)	2024	Alice
mslug	Metal Slug - Super Vehicle-001	1996	Nazca
ms21v2	Metal Slug 2 - Super Vehicle-001/II (1v2 Mode, Hack)	2019	hack
mslug2r	Metal Slug 2 - Super Vehicle-001/II (Enemy Remix, Hack)	2014	hack
mslug2eg	Metal Slug 2 - Super Vehicle-001/II (Extraction Green Turbo, Hack)	2021	hack
mslug2fm	Metal Slug 2 - Super Vehicle-001/II (Friendly Fire FC2, Hack)	2021	hack
mslug2dg	Metal Slug 2 - Super Vehicle-001/II (Multifunction, Hack)	2017	hack
mslug2	Metal Slug 2 - Super Vehicle-001/II (NGM-2410 ~ NGH-2410)	1998	SNK
mslug2dd	Metal Slug 2 - Super Vehicle-001/II (Starlight, Hack)	2022	hack
mslug2ct	Metal Slug 2 - Super Vehicle-001/II (Survival, Hack)	2018	hack
mslug2p	Metal Slug 2 - Super Vehicle-001/II (Weapon Storage, Hack)	2015	hack
mslug2unity	Metal Slug 2 - Super Vehicle-001/II Unity (Added Timer Ver. 2021-01-22)	2021	hack
mslug2t	Metal Slug 2 Turbo (NGM-9410) (hack)	2015	hack (trap15)
ms31v2	Metal Slug 3 (1v2 Mode, Hack)	2019	hack
mslug3eb	Metal Slug 3 (Blue, Hack)	2014	hack
ms3dbpls	Metal Slug 3 (Double Enemy, Hack)	2024	hack
mslug3c	Metal Slug 3 (Enemy Remix, Hack)	2019	hack
mslug3v	Metal Slug 3 (Enhanced Violence, Hack)	2012	hack
mslug3i	Metal Slug 3 (Firepower Enhance, Hack)	2021	hack
mslug3fd	Metal Slug 3 (Fully Decrypted)	2000	SNK
mslug3ki	Metal Slug 3 (Komorebi, Hack)	2022	hack
mslug3lw	Metal Slug 3 (Last Bullet Remix, Hack)	2023	hack
mslug3cqt	Metal Slug 3 (Legend TD v6.0, Hack)	2025	AKS & Sakura
mslug3cq	Metal Slug 3 (Legend, Hack)	2024	hack
mslug3cqz	Metal Slug 3 (Legendary Journey v5.0, Hack)	2025	AKS & Sakura
mslug3cqi	Metal Slug 3 (Legendary Unlimited Fire v7.5, Hack)	2025	hack (AKS & Sakura)
mslug3g	Metal Slug 3 (Multifunction, Hack)	2022	hack
mslug3h	Metal Slug 3 (NGH-2560)	2000	SNK
mslug3	Metal Slug 3 (NGM-2560)	2000	SNK
mslug3a	Metal Slug 3 (NGM-2560, earlier)	2000	SNK
mslug3gw	Metal Slug 3 (Onimusha Samanosuke, Hack)	2018	hack
mslug3ps	Metal Slug 3 (Pigeon Slug, Hack)	2023	hack
mslug3sd	Metal Slug 3 (Shop, Hack)	2017	hack
mslug3se	Metal Slug 3 (Special, Hack)	2022	hack
mslug3dd	Metal Slug 3 (Starlight, Hack)	2022	hack
mslug3sc	Metal Slug 3 (Survival, Hack)	2023	hack
mslug3zh	Metal Slug 3 (Vehicle Summon, Hack)	2017	hack
mslug3unity	Metal Slug 3 Unity (Added Timer Ver. 2021-02-13)	2021	hack
mslug3x	Metal Slug 3X - Complete Collection (Hack)	2022	WillNie
ms41v2	Metal Slug 4 (1v2 Mode, Hack)	2019	hack
mslug4a	Metal Slug 4 (20th Anniversary, Hack)	2021	hack
mslug4c	Metal Slug 4 (Enemy Remix, Hack)	2020	hack
mslug4fd	Metal Slug 4 (Fully Decrypted)	2002	Mega / Noise Factory / Playmore
mslug4ki	Metal Slug 4 (Komorebi, Hack)	2022	hack
mslug4lq	Metal Slug 4 (Last Bullet Remix - Without body armor, Hack)	2023	hack
mslug4lw	Metal Slug 4 (Last Bullet Remix, Hack)	2023	hack
mslug4cqi	Metal Slug 4 (Legendary Unlimited Fire v7.0, Hack)	2025	AKS & Sakura
mslug4dg	Metal Slug 4 (Multifunction, Hack)	2017	hack
mslug4h	Metal Slug 4 (NGH-2630)	2002	Mega / Noise Factory / Playmore
mslug4	Metal Slug 4 (NGM-2630)	2002	Mega / Noise Factory / Playmore
mslug4ar	Metal Slug 4 (Random Ammunition, Hack)	2023	hack
mslug4dd	Metal Slug 4 (Starlight, Hack)	2022	hack
mslug4q	Metal Slug 4 (The Longest Battle, Hack)	2022	hack
ms4plus	Metal Slug 4 Plus (bootleg)	2002	bootleg
mslug4unity	Metal Slug 4 Unity (Added Timer Ver. 2021-01-30)	2021	hack
ms51v2	Metal Slug 5 (1v2 Mode, Hack)	2019	hack
mslug5ae	Metal Slug 5 (20th Anniversary, Hack)	2024	hack
mslug5b	Metal Slug 5 (bootleg, set 1)	2003	bootleg
mslug5b2	Metal Slug 5 (bootleg, set 2)	2003	bootleg
mslug5bs	Metal Slug 5 (Boss Battles, Hack)	2024	hack
mslug5mg	Metal Slug 5 (Devil Enemy Remix, Hack)	2019	hack
ms5esr	Metal Slug 5 (Double Enemy, Hack)	2023	hack
mslug5db	Metal Slug 5 (Enemy Enhance, Hack)	2022	hack
mslug5c	Metal Slug 5 (Enemy Remix, Hack)	2019	hack
mslug5ex	Metal Slug 5 (Extend v1.2, Hack)	2022	hack
mslug5f	Metal Slug 5 (Fierce Battle, Hack)	2015	hack
mslug5fd	Metal Slug 5 (Fully Decrypted)	2003	SNK Playmore
ms5pcb	Metal Slug 5 (JAMMA PCB)	2003	SNK Playmore
mslug5ki	Metal Slug 5 (Komorebi, Hack)	2022	hack
mslug5cqi	Metal Slug 5 (Legendary Unlimited Fire v7.5, Hack)	2025	AKS & Sakura
mslug5dg	Metal Slug 5 (Multifunction, Hack)	2017	hack
mslug5w	Metal Slug 5 (New Battle, Hack)	2015	hack
mslug5h	Metal Slug 5 (NGH-2680)	2003	SNK Playmore
mslug5	Metal Slug 5 (NGM-2680)	2003	SNK Playmore
mslug5nd	Metal Slug 5 (Not Encrypted)	2003	SNK Playmore
ms5plush	Metal Slug 5 (Plus, Hack)	2019	hack
mslug5ar	Metal Slug 5 (Random Ammunition, Hack)	2025	hack
ms5sgf	Metal Slug 5 (Remake FC2, Hack)	2021	hack
mslug5dd	Metal Slug 5 (Starlight, Hack)	2022	hack
mslug5sg	Metal Slug 5 (Stone Turtle, Hack)	2024	hack
mslug5sc	Metal Slug 5 (Survival, Hack)	2023	hack
mslug5es	Metal Slug 5 (The Longest Battle, Hack)	2023	hack
mslug5zh	Metal Slug 5 (Vehicle Summon, Hack)	2018	hack
mslug5x	Metal Slug 5 (X, Hack)	2022	hack
ms5plus	Metal Slug 5 Plus (bootleg)	2003	bootleg
mslug5unity	Metal Slug 5 Unity (Added Timer Ver. 2021-04-23)	2021	hack
mslug3b6	Metal Slug 6 (bootleg of Metal Slug 3)	2000	bootleg
mslugunity	Metal Slug Unity (Added Timer Ver. 2021-02-05)	2021	hack
msx1v2	Metal Slug X - Super Vehicle-001 (1v2 Mode, Hack)	2019	hack
msx2r1v2	Metal Slug X - Super Vehicle-001 (2R 1v2 Mode, Hack)	2020	hack
msx2reb	Metal Slug X - Super Vehicle-001 (2R Blue, Hack)	2020	hack
mslugx2r	Metal Slug X - Super Vehicle-001 (2R, Hack)	2020	hack
msxsrf	Metal Slug X - Super Vehicle-001 (AzStar Soda Remix FC2, Hack)	2021	hack
mslugxeb	Metal Slug X - Super Vehicle-001 (Blue, Hack)	2016	hack
mslugxc2	Metal Slug X - Super Vehicle-001 (Enemy Remix, Hack)	2013	hack
mslugxlb	Metal Slug X - Super Vehicle-001 (Extreme Space, Hack)	2015	hack
mslugxif	Metal Slug X - Super Vehicle-001 (Infinite Firepower, Hack)	2021	hack
mslugxcq	Metal Slug X - Super Vehicle-001 (Legend, Hack)	2024	hack
mslugxcqi	Metal Slug X - Super Vehicle-001 (Legendary Unlimited Fire v7.5, Hack)	2025	hack (AKS & Sakura)
mslugxc1	Metal Slug X - Super Vehicle-001 (Multi Vehicle, Hack)	2013	hack
mslugxdg	Metal Slug X - Super Vehicle-001 (Multifunction, Hack)	2023	hack
mslugx	Metal Slug X - Super Vehicle-001 (NGM-2500 ~ NGH-2500)	1999	SNK
mslugxxb	Metal Slug X - Super Vehicle-001 (Soldier Version, Hack)	2025	hack
mslugxdd	Metal Slug X - Super Vehicle-001 (Starlight, Hack)	2022	hack
mslugxsc	Metal Slug X - Super Vehicle-001 (Survival, Hack)	2023	hack
mslugxsv	Metal Slug X - Super Vehicle-001 (Unbounded, Hack)	2021	hack
mslugxxr	Metal Slug X - Super Vehicle-001 (Warriors, Hack)	2021	hack
mslugxunity	Metal Slug X - Super Vehicle-001 Unity (Added Timer Ver. 2021-01-23)	2021	hack
msisaac	Metal Soldier Isaac II	1985	Taito Corporation
metmqstr	Metamoqester (World)	1995	Banpresto / Pandorabox
metamrpha	Metamorphic Force (ver AAA)	1993	Konami
metamrphe	Metamorphic Force (ver EAA - alternate)	1993	Konami
metamrph	Metamorphic Force (ver EAA)	1993	Konami
metamrphj	Metamorphic Force (ver JAA)	1993	Konami
metamrphu	Metamorphic Force (ver UAA)	1993	Konami
meteorbl	Meteor (bootleg of Asteroids)	1979	bootleg
meteorho	Meteor (Hoei bootleg of Asteroids)	1979	bootleg (Hoei)
meteorite	Meteorite (Proel bootleg of Asteroids)	1979	bootleg (Proel)
meteorts	Meteorites (VGG bootleg of Asteroids)	1979	bootleg (VGG)
metrocrs	Metro-Cross (set 1)	1985	Namco
metrocrsa	Metro-Cross (set 2)	1985	Namco
mexico86	Mexico 86 (bootleg of Kick and Run, set 1)	1986	bootleg
mwalkbl2	Michael Jackson's Moonwalker (bootleg)	1990	bootleg
mwalkjd	Michael Jackson's Moonwalker (Japan) (bootleg of FD1094/8751 317-0157 set)	1990	bootleg
mwalkj	Michael Jackson's Moonwalker (Japan) (FD1094/8751 317-0157)	1990	Sega
mwalkud	Michael Jackson's Moonwalker (US) (bootleg of FD1094/8751 317-0158 set)	1990	bootleg
mwalku	Michael Jackson's Moonwalker (US) (FD1094/8751 317-0158)	1990	Sega
mwalkd	Michael Jackson's Moonwalker (World) (bootleg of FD1094/8751 317-0159 set)	1990	bootleg
mwalk	Michael Jackson's Moonwalker (World) (FD1094/8751 317-0159)	1990	Sega
micon2	Micon-Kit Part II	1978	SNK
midresj	Midnight Resistance (Japan)	1989	Data East Corporation
midresu	Midnight Resistance (US)	1989	Data East USA
midres	Midnight Resistance (World, set 1)	1989	Data East Corporation
midres2	Midnight Resistance (World, set 2)	1989	Data East Corporation
midnight	Midnight Wanderers: Quest for the Chariot (HB, Demo)	2026	Z-Team
mightguy	Mighty Guy	1986	Nichibutsu
mimonscr	Mighty Monkey (bootleg on Scramble hardware)	1982	bootleg
mimonsco	Mighty Monkey (bootleg on Super Cobra hardware)	1982	bootleg
mimonscra	Mighty Monkey (Kaina Games, bootleg on Scramble hardware)	1982	bootleg (Kaina Games)
mimonkey	Mighty Monkey	1982	Universal Video Games
mwarr	Mighty Warriors (24/1)	199?	Elettronica Video-Games
mpanga	Mighty! Pang (Asia 001010)	2000	Mitchell (Capcom license)
mpangr1	Mighty! Pang (Europe 000925)	2000	Mitchell (Capcom license)
mpang	Mighty! Pang (Europe 001010)	2000	Mitchell (Capcom license)
mpangjd	Mighty! Pang (Japan 001011 Phoenix Edition) (bootleg)	2000	bootleg
mpangj	Mighty! Pang (Japan 001011)	2000	Mitchell (Capcom license)
mpangu	Mighty! Pang (USA 001010)	2000	Mitchell (Capcom license)
mikiehs	Mikie (High School Graffiti)	1984	Konami
mikie	Mikie	1984	Konami
gtmr2a	Mille Miglia 2: Great 1000 Miles Rally (95/04/04)	1995	Kaneko
gtmr2	Mille Miglia 2: Great 1000 Miles Rally (95/05/24)	1995	Kaneko
milliped	Millipede	1982	Atari
minasan	Minasan no Okagesamadesu! Dai Sugoroku Taikai (MOM-001 ~ MOH-001)	1990	Monolith Corp.
minefld	Minefield	1983	Stern Electronics
mineswpr4	Minesweeper (4-Player)	1977	Amutech
mineswpr	Minesweeper	1977	Amutech
minivadr	Mini Vaders	1990	Taito Corporation
mmonkeyj	Minky Monkey (Japan)	1982	Technos Japan / Roller Tron
mmonkey	Minky Monkey	1982	Technos Japan / Roller Tron
mirage	Mirage Youjuu Mahjongden (Japan)	1994	Mitchell
mirninja	Mirai Ninja (Japan, set 1)	1988	Namco
mirninjaa	Mirai Ninja (Japan, set 2)	1988	Namco
mirax	Mirax (set 1)	1985	Current Technology, Inc.
miraxa	Mirax (set 2)	1985	Current Technology, Inc.
miraxb	Mirax (set 3)	1985	Current Technology, Inc.
msbingo	Miss Bingo	1994	Min Corp.
missb2	Miss Bubble II	1996	Alpha Co.
missmw96	Miss Mister World '96 (Nude)	1996	Comad
mspackpls	Miss Packman Plus	1983	hack
mspacmanbgd	Miss Pukman ('Made in Greece' Datamat bootleg)	1992	bootleg (Datamat)
mspuzzleg	Miss Puzzle (Clone of Gumbo)	1994	Min Corp.
mspuzzlea	Miss Puzzle (Nudes, less explicit)	1994	Min Corp.
mspuzzleb	Miss Puzzle (Nudes, more explicit)	1994	Min Corp.
mspuzzle	Miss Puzzle	1994	Min Corp.
missw96	Miss World '96 (Nude) (C-3000A PCB, set 1)	1996	Comad
missw96a	Miss World '96 (Nude) (C-3000A PCB, set 2)	1996	Comad
missw96b	Miss World '96 (Nude) (C-3000A PCB, set 3)	1996	Comad
missw96c	Miss World '96 (Nude) (C-3000B PCB)	1996	Comad
missw02d	Miss World 2002 (Daigom license)	2002	Daigom
missw02	Miss World 2002	2002	Comad
missile1	Missile Command (rev 1, A035467-02 PCBs)	1980	Atari
missile2	Missile Command (rev 2, A035467-02/04 PCBs)	1980	Atari
missile	Missile Command (rev 3, A035467-02/04 PCBs)	1980	Atari
m660b	Mission 660 (bootleg)	1986	bootleg
m660j	Mission 660 (Japan)	1986	Wood Place Co. Ltd. (Taito Corporation license)
m660	Mission 660 (US)	1986	Wood Place Co. Ltd. (Taito America Corporation license)
misncrfta	Mission Craft (version 2.4)	2000	Sun
misncrft	Mission Craft (version 2.7)	2000	Sun
cmissnx	Mission-X (DECO Cassette) (US)	1982	Data East Corporation
mrviking	Mister Viking (315-5041)	1984	Sega
mrvikingj	Mister Viking (315-5041, Japan)	1984	Sega
quiz18k	Miyasu Nonki no Quiz 18-Kin	1992	EIM
mizubaku	Mizubaku Daibouken (Japan)	1990	Taito Corporation
msgundam1	Mobile Suit Gundam (Japan)	1993	Banpresto / Allumer
gundamex	Mobile Suit Gundam EX Revue	1994	Banpresto
gdfs	Mobile Suit Gundam Final Shooting (Japan)	1995	Banpresto
msgundam	Mobile Suit Gundam	1993	Banpresto / Allumer
moegonta	Moeyo Gonta!! (Japan)	1993	Yanyaka
moguchan	Mogu Chan (bootleg?)	1982	Orca (Eastern Commerce Inc. license)
mogura	Mogura Desse (Japan)	1991	Konami
mole	Mole Attack	1982	Yachiyo Electronics
momokob	Momoko 120% (bootleg)	1986	bootleg
momokoe	Momoko 120% (English text)	1986	Jaleco
momoko	Momoko 120% (Japanese text)	1986	Jaleco
monymony	Money Money (set 1)	1983	Zaccaria
monymony2	Money Money (set 2)	1983	Zaccaria
miexchng	Money Puzzle Exchanger / Money Idol Exchanger	1997	Face
headonch	Monita to Rimoko no Head On Channel (prototype, hack)	1994	hack
ngmontst	Monitor Test Patterns Tool (v1.3)	2022	M.Priewe / NeoHomeBrew
monkeyd	Monkey Donkey	1981	bootleg
mmagic	Monkey Magic	1979	Nintendo
monkelf	Monky Elf (Korean bootleg of Avenging Spirit)	1990	bootleg
monsterb2	Monster Bash (2 board version)	1982	Sega
monsterb	Monster Bash	1982	Sega
mmaulers	Monster Maulers (ver EAA)	1993	Konami
mslider	Monster Slider (Japan)	1997	Visco / Datt Japan
mstworld	Monsters World (bootleg of Super Pang)	1994	bootleg (TCH)
moonal2b	Moon Alien Part 2 (older version)	1980	Namco / Nichibutsu
moonal2	Moon Alien Part 2	1980	Namco / Nichibutsu
moonaln	Moon Alien	1979	Namco / Nichibutsu (Karateco license?)
mooncrs4	Moon Crest (bootleg of Moon Cresta)	1980	bootleg (SG-Florence)
mooncrgx	Moon Cresta (bootleg on Galaxian hardware)	1980	bootleg
mooncrsb	Moon Cresta (bootleg set 1)	1980	bootleg
mooncrs2	Moon Cresta (bootleg set 2)	1980	bootleg
mooncrs3	Moon Cresta (bootleg set 3)	1980	bootleg (Jeutel)
mooncrs5	Moon Cresta (bootleg set 4)	1980	bootleg
mooncrecm	Moon Cresta (Centromatic Spanish bootleg)	1980	bootleg (Centromatic)
mooncreg	Moon Cresta (Electrogame S.A. Spanish bootleg, set 1)	1980	bootleg (Electrogame S.A.)
mooncreg2	Moon Cresta (Electrogame S.A. Spanish bootleg, set 2)	1980	bootleg (Electrogame S.A.)
mooncrstg	Moon Cresta (Gremlin)	1980	Nichibutsu (Gremlin license)
mooncrstuk	Moon Cresta (Nichibutsu UK)	1980	Nichibutsu UK
mooncrstuku	Moon Cresta (Nichibutsu UK, unencrypted)	1980	Nichibutsu UK
mooncrstu	Moon Cresta (Nichibutsu USA, encrypted)	1980	Nichibutsu USA
mooncrstuu	Moon Cresta (Nichibutsu USA, unencrypted)	1980	Nichibutsu USA
mooncrst	Moon Cresta (Nichibutsu)	1980	Nichibutsu
mooncrsto	Moon Cresta (Nichibutsu, old rev)	1980	Nichibutsu
mooncptc	Moon Cresta (Petaco S.A. Spanish bootleg)	1980?	bootleg (Petaco S.A.)
mooncrstso	Moon Cresta (SegaSA / Sonic)	1980	bootleg (Sonic)
mpatrolw	Moon Patrol (Williams)	1982	Irem (Williams license)
mpatrol	Moon Patrol	1982	Irem
moonqsr	Moon Quasar	1980	Nichibutsu
mranger	Moon Ranger (bootleg of Moon Patrol)	1982	bootleg
mshuttlej	Moon Shuttle (Japan set 1)	1981	Nichibutsu
mshuttlej2	Moon Shuttle (Japan set 2)	1981	Nichibutsu
mshuttlea	Moon Shuttle (US, version A)	1981	Nichibutsu
mshuttle	Moon Shuttle (US? set 1)	1981	Nichibutsu
mshuttle2	Moon Shuttle (US? set 2)	1981	Nichibutsu
mooncmw	Moon War (bootleg of Moon Cresta)	198?	bootleg
moonwarp	Moon War (prototype on Frenzy hardware)	1981	Stern Electronics
moonwara	Moonwar (older)	1981	Stern Electronics
moonwar	Moonwar	1981	Stern Electronics
moremorp	More More Plus	1999	SemiCom / Exit
moremore	More More	1999	SemiCom / Exit
quizhuhu	Moriguchi Hiroko no Quiz de Hyuu!Hyuu! (Ver 2.2J 1995/05/25)	1995	Taito Corporation
mknifty666	Mortal Kombat (Nifty Kombo 666, hack)	1992	hack
mknifty	Mortal Kombat (Nifty Kombo, hack)	1992	hack
mkprot4	Mortal Kombat (prototype, rev 4.0 07/14/92)	1992	Midway
mkprot8	Mortal Kombat (prototype, rev 8.0 07/21/92)	1992	Midway
mkprot9	Mortal Kombat (prototype, rev 9.0 07/28/92)	1992	Midway
mkla1	Mortal Kombat (rev 1.0 08/09/92)	1992	Midway
mkla2	Mortal Kombat (rev 2.0 08/18/92)	1992	Midway
mkla3	Mortal Kombat (rev 3.0 08/31/92)	1992	Midway
mkla4	Mortal Kombat (rev 4.0 09/28/92)	1992	Midway
mkr4	Mortal Kombat (rev 4.0 T-Unit 02/11/93)	1992	Midway
mk	Mortal Kombat (rev 5.0 T-Unit 03/19/93)	1992	Midway
mkyturboe	Mortal Kombat (Turbo 3.0 08/31/92, hack)	1992	hack
mkyturbo	Mortal Kombat (Turbo 3.1 09/09/93, hack)	1992	hack
mktturbo	Mortal Kombat (Turbo Ninja T-Unit 03/19/93, hack)	1992	hack
mkyawdim	Mortal Kombat (Yawdim bootleg, set 1)	1992	bootleg (Yawdim)
mkyawdim2	Mortal Kombat (Yawdim bootleg, set 2)	1992	bootleg (Yawdim)
mkyawdim3	Mortal Kombat (Yawdim bootleg, set 3)	1992	bootleg (Yawdim)
mkyawdim4	Mortal Kombat (Yawdim bootleg, set 4)	1992	bootleg (Yawdim)
mkyawdim5	Mortal Kombat (Yawdim bootleg, set 5)	1992	bootleg (Yawdim)
mkyawdim6	Mortal Kombat (Yawdim bootleg, set 6)	1992	bootleg (Yawdim)
mk3p40	Mortal Kombat 3 (rev 1 chip label p4.0)	1994	Midway
mk3r10	Mortal Kombat 3 (rev 1.0)	1994	Midway
mk3r20	Mortal Kombat 3 (rev 2.0)	1994	Midway
mk3	Mortal Kombat 3 (rev 2.1)	1994	Midway
mk2r11	Mortal Kombat II (rev L1.1)	1993	Midway
mk2r14	Mortal Kombat II (rev L1.4)	1993	Midway
mk2r20	Mortal Kombat II (rev L2.0)	1993	Midway
mk2r21	Mortal Kombat II (rev L2.1)	1993	Midway
mk2r30	Mortal Kombat II (rev L3.0)	1993	Midway
mk2	Mortal Kombat II (rev L3.1)	1993	Midway
mk2r31e	Mortal Kombat II (rev L3.1, European)	1993	Midway
mk2r32e	Mortal Kombat II (rev L3.2, European)	1993	Midway
mk2r42	Mortal Kombat II (rev L4.2, hack)	1993	hack
mk2r91	Mortal Kombat II (rev L9.1, hack)	1993	hack
mk2chal	Mortal Kombat II Challenger (hack)	1993	hack
mk2p	Mortal Kombat II Plus (Beta 2, Hack)	1993	hack
mk2ute	Mortal Kombat II Ultimate Tournament Edition (hack, V5.0.053)	2014	hack
mkplus	Mortal Kombat Plus (Hack, BUILD 5.0.0741)	2020	Paul
mortalr	Mortal Race	1995	New Dream Games
mosaicf2	Mosaic (F2 System)	1999	F2 System
mosaica	Mosaic (Fuuki)	1990	Space (Fuuki license)
mosaic	Mosaic	1990	Space
motorace	MotoRace USA	1983	Irem (Williams license)
motos	Motos	1985	Namco
mototoura	MotoTour / Zippy Race (Assa version of Tecfri license)	1983	Irem (Tecfri license / Assa)
mototour	MotoTour / Zippy Race (Tecfri license)	1983	Irem (Tecfri license)
mouncrst	Moune Creste (Jeutel French bootleg of Moon Cresta)	1980?	bootleg (Jeutel)
msgogo	Mouse Shooter GoGo	1995	Metro
mtrapb	Mouse Trap (bootleg)	1981	bootleg
mtrap4g	Mouse Trap (German, version 4)	1981	Exidy
mtrap2	Mouse Trap (version 2)	1981	Exidy
mtrap3	Mouse Trap (version 3)	1981	Exidy
mtrap4	Mouse Trap (version 4)	1981	Exidy
mtrapb2	Mouse Trap (version 4, bootleg)	1981	bootleg
mtrap	Mouse Trap (version 5)	1981	Exidy
mouserc	Mouser (Cosmos)	1983	UPL (Cosmos license)
mouser	Mouser	1983	UPL
mspacmanbgf	Mr Pac-Turbo ('Made in Greece' Fermin bootleg)	1988	bootleg (Fermin)
mrdig	Mr. Dig	2000	Sun
mrdobl	Mr. Do! (bootleg)	1982	bootleg
mrdofix	Mr. Do! (bugfixed)	1982	Universal (Taito license)
mrdofabr	Mr. Do! (Fabremar bootleg)	1982	bootleg (Fabremar)
mrdoy	Mr. Do! (prototype)	1982	Universal
mrdot	Mr. Do! (Taito)	1982	Universal (Taito license)
douni	Mr. Do! vs. Unicorns (Japan)	1983	Universal
mrdo	Mr. Do!	1982	Universal
docastleo	Mr. Do's Castle (older)	1983	Universal
docastle2	Mr. Do's Castle (set 2)	1983	Universal
dowild	Mr. Do's Wild Ride	1984	Universal
docastle	Mr. Do's Castle (set 1)	1983	Universal
mrdu	Mr. Du!	1982	bootleg
mrgoemon	Mr. Goemon (Japan)	1986	Konami
mrheli	Mr. HELI no Daibouken (Japan)	1987	Irem
mrjong	Mr. Jong (Japan)	1983	Kiwako
mrkicker	Mr. Kicker (F-E1-16-010 PCB)	2001	SemiCom
mrkougb2	Mr. Kougar (bootleg)	1983	bootleg
mrkougar2	Mr. Kougar (earlier)	1983	ATW
mrkougb	Mr. Kougar (German bootleg)	1984	bootleg (Gross)
mrkougar	Mr. Kougar	1984	ATW
mrlo	Mr. Lo!	1982	bootleg
mrtnt	Mr. TNT	1983	Techstar (Telko license)
donight	Mr.Do's Nightmare (hack by Krazy Ivan)	2013	Krazy Ivan
mrsdyna	Mrs. Dynamite	1982	Universal
mspactwin	Ms Pac Man Twin (Argentina, set 1)	1992	hack (Susilu)
mspactwina	Ms Pac Man Twin (Argentina, set 2)	1992	hack (Susilu)
mspacmat	Ms. Pac Attack	1981	hack
mspacmanbg	Ms. Pac-Man ('Made in Greece' bootleg, set 1)	198?	bootleg
mspacmanbg2	Ms. Pac-Man ('Made in Greece' bootleg, set 2)	1997	bootleg
mspacmanbgc	Ms. Pac-Man ('Made in Greece' Enavi bootleg)	1992	bootleg (Enavi)
mspacmbe	Ms. Pac-Man (bootleg, encrypted)	1981	bootleg
mspacmab	Ms. Pac-Man (bootleg, set 1)	1981	bootleg
mspacmab2	Ms. Pac-Man (bootleg, set 2)	1981	bootleg
mspacmab3	Ms. Pac-Man (bootleg, set 3)	1981	bootleg
mspacmab4	Ms. Pac-Man (bootleg, set 4)	1981	bootleg
mspacmab5	Ms. Pac-Man (bootleg, set 5)	1981	bootleg
mspacmane	Ms. Pac-Man (Elmac bootleg, earlier)	1983	bootleg (Elmac)
mspacmane2	Ms. Pac-Man (Elmac bootleg, later)	1984	bootleg (Elmac)
mspacmanbi	Ms. Pac-Man (Impeuropex bootleg)	1993	bootleg (Impeuropex)
mspacmanlai	Ms. Pac-Man (Leisure and Allied bootleg)	1982	bootleg (Leisure and Allied)
mspacmbmc	Ms. Pac-Man (Marti Colls bootleg)	1982	bootleg (Marti Colls)
mspacmap	Ms. Pac-Man (Patched)	2007	Hack (Don Hodges)
mspacmnf	Ms. Pac-Man (speedup hack)	1981	hack
msheartb	Ms. Pac-Man Heart Burn	1989	hack (Two-Bit Score)
mspacpls	Ms. Pac-Man Plus	1981?	hack
20pacgalr0	Ms. Pac-Man/Galaga - 20th Anniversary Class of 1981 Reunion (V1.00)	2000	Namco / Cosmodog
20pacgalr1	Ms. Pac-Man/Galaga - 20th Anniversary Class of 1981 Reunion (V1.01)	2000	Namco / Cosmodog
20pacgalr2	Ms. Pac-Man/Galaga - 20th Anniversary Class of 1981 Reunion (V1.02)	2000	Namco / Cosmodog
20pacgalr3	Ms. Pac-Man/Galaga - 20th Anniversary Class of 1981 Reunion (V1.03)	2000	Namco / Cosmodog
20pacgalr4	Ms. Pac-Man/Galaga - 20th Anniversary Class of 1981 Reunion (V1.04)	2000	Namco / Cosmodog
20pacgal	Ms. Pac-Man/Galaga - 20th Anniversary Class of 1981 Reunion (V1.08)	2000	Namco / Cosmodog
mspacman	Ms. Pac-Man	1981	Midway / General Computer Corporation
mschamps	Ms. Pacman Champion Edition / Super Zola-Puc Gal	1995	hack
mschamp	Ms. Pacman Champion Edition / Zola-Puc Gal	1992	hack
rocktrv2	MTV Rock-N-Roll Trivia (Part 2)	1986	Triumph Software Inc.
mmpork	Muchi Muchi Pork! (2007/ 4/17 MASTER VER.)	2007	Cave (AMI license)
mugsmash	Mug Smashers	1990?	Electronic Devices Italy / 3D Games England
semibase	MuHanSeungBu (SemiCom Baseball) (Korea)	1997	SemiCom / DMD
nmg5	Multi 5 / New Multi Game 5 (set 1)	1998	Yun Sung
nmg5a	Multi 5 / New Multi Game 5 (set 2, censored)	1998	Yun Sung
nmg5e	Multi 5 / New Multi Game 5 (set 3, earlier)	1997	Yun Sung
multchmpk	Multi Champ (Korea, older)	1998	ESD
multchmpa	Multi Champ (World, older)	1998	ESD
multchmp25	Multi Champ (World, ver. 2.5)	1999	ESD
multchmp	Multi Champ (World, ver. 9.6)	1999	ESD
mchampdx	Multi Champ Deluxe (ver. 0106, 06/01/2000)	2000	ESD
mchampdxb	Multi Champ Deluxe (ver. 1114, 14/11/1999)	1999	ESD
mchampdxa	Multi Champ Deluxe (ver. 1126, 26/11/1999)	1999	ESD
multi96	Multi Game '96 (Italy)	1996	Barko Corp.
mltiwars	Multi Wars (bootleg of UniWar S)	1980	bootleg (Gayton Games)
mnchmobl	Munch Mobile (US)	1983	SNK (Centuri license)
mbombrdj	Muscle Bomber Duo: Heat Up Warriors (Japan 931206)	1993	Capcom
mbombrd	Muscle Bomber Duo: Ultimate Team Battle (World 931206)	1993	Capcom
mbomberj	Muscle Bomber: The Body Explosion (Japan 930713)	1993	Capcom
musclem	Muscle Master	1997	Inter Geo
mushisamb	Mushihime-Sama (2004/10/12 MASTER VER)	2004	Cave (AMI license)
mushisama	Mushihime-Sama (2004/10/12 MASTER VER.)	2004	Cave (AMI license)
mushisam	Mushihime-Sama (2004/10/12.MASTER VER.)	2004	Cave (AMI license)
futariblj	Mushihime-Sama Futari Black Label (2007/12/11 BLACK LABEL VER)	2007	Cave (AMI license)
futaribl	Mushihime-Sama Futari Black Label - Another Ver (2009/11/27 INTERNATIONAL BL)	2007	Cave (AMI license)
futari10	Mushihime-Sama Futari Ver 1.0 (2006/10/23 MASTER VER.)	2006	Cave (AMI license)
futari15a	Mushihime-Sama Futari Ver 1.5 (2006/12/8 MASTER VER 1.54)	2006	Cave (AMI license)
futari15	Mushihime-Sama Futari Ver 1.5 (2006/12/8.MASTER VER. 1.54.)	2006	Cave (AMI license)
matsuri15	Mushihime-Sama Matsuri Ver 1.5 (2011/5/23 CAVEMATSURI VER1.5)	2011	Cave (AMI license)
musicbal	Music Ball	1988	Tecfri / Desystem S.A.
shoottv	Must Shoot TV (prototype)	199?	Incredible Technologies
mustachei	Mustache Boy (Italy)	1987	Seibu Kaihatsu (International Games license)
mustache	Mustache Boy (Japan)	1987	Seibu Kaihatsu (March license)
alibabab	Mustafa and 40 Thieves (bootleg)	1982	bootleg
mutantf2	Mutant Fighter (World ver EM-2)	1991	Data East Corporation
mutantf3	Mutant Fighter (World ver EM-3)	1991	Data East Corporation
mutantf4	Mutant Fighter (World ver EM-4)	1991	Data East Corporation
mutantf	Mutant Fighter (World ver EM-5)	1991	Data East Corporation
mnightj	Mutant Night (Japan)	1987	UPL (Kawakus license)
mnight	Mutant Night	1987	UPL
mutnat	Mutation Nation (NGM-014 ~ NGH-014)	1992	SNK
mvpjd	MVP (set 1, Japan) (bootleg of FD1094 317-0142 set)	1989	bootleg
mvpj	MVP (set 1, Japan) (FD1094 317-0142)	1989	Sega
mvpd	MVP (set 2, US) (bootleg of FD1094 317-0143 set)	1989	bootleg
mvp	MVP (set 2, US) (FD1094 317-0143)	1989	Sega
mx5000r	MX5000 (version R)	1987	Konami
mx5000	MX5000 (version U)	1987	Konami
myherobl	My Hero (bootleg, 315-5132 encryption)	1985	bootleg
myhero	My Hero (US, not encrypted)	1985	Coreland / Sega
mystston	Mysterious Stones - Dr. John's Adventure	1984	Technos Japan
myststonoi	Mysterious Stones - Dr. Kick in Adventure (Itisa PCB)	1984	Technos Japan
myststono	Mysterious Stones - Dr. Kick in Adventure	1984	Technos Japan
mysticrib	Mystic Riders (bootleg?)	1992	Irem
mysticri	Mystic Riders (World)	1992	Irem
mystwarraa	Mystic Warriors (ver AAA)	1993	Konami
mystwarra	Mystic Warriors (ver AAB)	1993	Konami
mystwarr	Mystic Warriors (ver EAA)	1993	Konami
mystwarrj	Mystic Warriors (ver JAA)	1993	Konami
mystwarru	Mystic Warriors (ver UAA)	1993	Konami
nsub	N-Sub (upright)	1980	Sega
nycaptor	N.Y. Captor (rev 2)	1985	Taito
nam1975	NAM-1975 (NGM-001 ~ NGH-001)	1990	SNK
namenayo	Namennayo (Japan)	1982	Cat's
naname	Naname de Magic! (Japan)	1994	Atlus
narc1	Narc (rev 1.80)	1988	Williams
narc2	Narc (rev 2.00)	1988	Williams
narc3	Narc (rev 3.20)	1988	Williams
narc4	Narc (rev 4.00)	1988	Williams
narc6	Narc (rev 6.00)	1988	Williams
narc	Narc (rev 7.00)	1988	Williams
nastar	Nastar (World)	1988	Taito Corporation Japan
nastarw	Nastar Warrior (US)	1988	Taito America Corporation
natodefa	NATO Defense (alternate mazes)	1982	Pacific Novelty
natodef	NATO Defense	1982	Pacific Novelty
naughtyba	Naughty Boy (bootleg, set 1)	1982	bootleg
naughtybb	Naughty Boy (bootleg, set 2)	1982	bootleg
naughtybc	Naughty Boy (Cinematronics)	1982	Jaleco (Cinematronics license)
naughtyb	Naughty Boy	1982	Jaleco
nmouse	Naughty Mouse (set 1)	1981	Amenip (Palcom Queen River)
nmouseb	Naughty Mouse (set 2)	1981	Amenip Nova Games Ltd.
navarone	Navarone	1980	Namco
nbahangtl11	NBA Hangtime (ver L1.1 4/16/96)	1996	Midway
nbahangtl12	NBA Hangtime (ver L1.2 8/29/96)	1996	Midway
nbahangt	NBA Hangtime (ver L1.3 10/10/96)	1996	Midway
nbahangtm11	NBA Hangtime (ver M1.1 4/16/96)	1996	Midway
nbahangtm12	NBA Hangtime (ver M1.2 8/29/96)	1996	Midway
nbahangtm13	NBA Hangtime (ver M1.3 10/10/96)	1996	Midway
nbajamp1	NBA Jam (proto v 1.01 1/23/93)	1993	Midway
nbajamp2	NBA Jam (proto v 2.00 1/24/93)	1993	Midway
nbajamr1	NBA Jam (rev 1.00 2/1/93)	1993	Midway
nbajamr2	NBA Jam (rev 2.00 2/10/93)	1993	Midway
nbajam	NBA Jam (rev 3.01 4/07/93)	1993	Midway
nbajamre	NBA Jam Rewind (Hack, v1.1)	2022	hack
nbajamse502	NBA JAM Special Edition (T-Unit, rev 5.02 4/26/25)	2025	hack (Team Jam)
nbajamse	NBA Jam Special Edition (Wolf-Unit, rev 5.05 12/23/25)	2025	hack (Team Jam)
nbajamten	NBA Jam Tournament Edition (Nani Edition, rev 5.2 8/11/95, prototype)	1995	Midway
nbajamtep2	NBA Jam Tournament Edition (proto 2.00 12/17/93)	1993	Midway
nbajamte1	NBA Jam Tournament Edition (rev 1.00 1/17/94)	1994	Midway
nbajamte2a	NBA Jam Tournament Edition (rev 2.0 1/28/94)	1994	Midway
nbajamte2	NBA Jam Tournament Edition (rev 2.1 2/06/94)	1994	Midway
nbajamte3a	NBA Jam Tournament Edition (rev 3.0 2/26/94)	1994	Midway
nbajamte3	NBA Jam Tournament Edition (rev 3.0 3/04/94)	1994	Midway
nbajamte4	NBA Jam Tournament Edition (rev 4.0 3/03/94)	1994	Midway
nbajamte	NBA Jam Tournament Edition (rev 4.0 3/23/94)	1994	Midway
nbamhtp	NBA Maximum Hangtime (ver L0.9 10/30/96)	1996	Midway
nbamhtl10	NBA Maximum Hangtime (ver L1.0 11/08/96)	1996	Midway
nbamht	NBA Maximum Hangtime (ver L1.03 06/09/97)	1996	Midway
nbamhtm10	NBA Maximum Hangtime (ver M1.0 11/08/96)	1996	Midway
nbajamr4j	NBA Rewind 4 Jam (protection hack, v1.2)	2023	hack
nbamhtx	NBA Super Maximum Hangtime (Custom Rebuild 07/02/26)	2026	hack
cnebula	Nebula (DECO Cassette) (UK)	1981	Data East Corporation
nebulrayj	Nebulas Ray (Japan, NR1)	1994	Namco
nebulray	Nebulas Ray (World, NR2)	1994	Namco
nebulbee	Nebulous Bee	1981	bootleg
neckneck	Neck-n-Neck (v1.2)	1992	Bundra Games / Incredible Technologies
kuniokunb	Nekketsu Kouha Kunio-kun (Japan bootleg)	1986	bootleg
kuniokun	Nekketsu Kouha Kunio-kun (Japan)	1986	Technos Japan
nkdodge	Nekketsu Koukou Dodgeball Bu (Japan)	1987	Technos Japan
nkdodgeb	Nekketsu Koukou Dodgeball Bu (Japan, bootleg)	1987	bootleg
nemesis	Nemesis (ROM version)	1985	Konami
nemesisuk	Nemesis (World?, ROM version)	1985	Konami
nemoj	Nemo (Japan 901120, 88622B-3 ROM board)	1990	Capcom
nemoja	Nemo (Japan 901120, 89625B-1 ROM board)	1990	Capcom
nemor1	Nemo (World 901109)	1990	Capcom
nemo	Nemo (World 901130)	1990	Capcom
neo2048	Neo 2048 (HB)	2021	Nicole Express
neo2500	Neo 2500 Demo	2004	blastar@gmx.net
nblktiger	Neo Black Tiger (HB, Demo)	2020	OzzyOuzo
neobombe	Neo Bomberman	1997	Hudson
neocstlv	Neo CastleVania (HB, Demo)	2004	Barf/BarfHappy
neodrift	Neo Drift Out - New Technology	1996	Visco
ngfrog	Neo Frog Feast (HB)	2006	Rastersoft
neocdz	Neo Geo CDZ system	1996	SNK
neomrdo	Neo Mr. Do!	1996	Visco
neonopon	Neo No Panepon (HB, beta)	20??	blastar@gmx.net
neopang	Neo Pang (HB)	2010	CeL
neoponga	Neo Pong (HB, v1.0)	2002	Neo Dev Corporation
neopong	Neo Pong (HB, v1.1)	2002	Neo Dev Corporation
nsmb	Neo Super Mario Bros (HB, Demo v0.01)	2020	OzzyOuzo
syscheck	Neo System Check (ver 1.0b)	????	blastar@gmx.net
neothndr	Neo Thunder (HB)	2012	Sebastian Mihai
turfmastsc	Neo Turf Masters / Big Tournament Golf: Scotland Course (Hack, v1.10)	2026	dericmiller
turfmast	Neo Turf Masters / Big Tournament Golf	1996	Nazca
neocup98	Neo-Geo Cup '98 - The Road to the Victory	1998	SNK
neotet	NeoGeo 2-Player Tetris (HB)	2013	Crim/Stephen
neo3ddmo	NeoGeo 3D! (HB, Demo)	2012	Oxygene
ngcdtdd0	NeoGeo/CD Jump & Run Techdemo Dez 2020 (HB, ver. 20201212)	2020	Blastar
neotris	NeoTRIS (HB, Free Beta 2, ver. 202009)	2020	Chipsonsteroids
netwars	Net Wars	1983	Orca (Esco Trading Co license)
quiztou	Nettou! Gekitou! Quiztou!! (Japan)	1993	Namco
newapunk	New Atomic Punk - Global Quest (US)	1992	Irem America
newxpang	New Cross Pang (set 1)	1999	F2 System
newxpanga	New Cross Pang (set 2)	1999	F2 System
newfanta	New Fantasia (1994 copyright)	1994	Comad & New Japan System
newfant	New Fantasia (1995 copyright)	1995	Comad & New Japan System
nhidctch	New Hidden Catch (World) / New Tul Lin Gu Lim Chat Ki '98 (Korea) (pcb ver 3.02)	1999	Eolith
3in1semi	New HyperMan (3-in-1 with Cookie & Bibi & HyperMan) (set 1)	1998	SemiCom / XESS
3in1semia	New HyperMan (3-in-1 with Cookie & Bibi & HyperMan) (set 2)	1998	SemiCom / XESS
newpuckx	New Puck-X	1980	hack
nrallyx	New Rally X	1981	Namco
newsin7	New Sinbad 7 (set 1)	1983	ATW USA, Inc.
nsplashkr	New Splash (ver. 1.4, checksum A26032A3, Korea, set 1)	1992	Gaelco / OMK Software (Windial license)
nsplashkra	New Splash (ver. 1.4, checksum A26032A3, Korea, set 2)	1992	Gaelco / OMK Software (Windial license)
newtangl	New Tropical Angel	1983	Irem
nzteamp	New Zero Team (Plus, Hack)	2018	hack
nzeroteam	New Zero Team (V33 SYSTEM TYPE_B hardware)	1997	Seibu Kaihatsu
nzeroteamb	New Zero Team (V33 SYSTEM TYPE_B hardware, Haoyunlai Trading Company license)	1997	Seibu Kaihatsu (Haoyunlai Trading Company license)
nzeroteama	New Zero Team (V33 SYSTEM TYPE_B hardware, Zhongguo Shantou Yihuang license)	1997	Seibu Kaihatsu (Zhongguo Shantou Yihuang license)
newpuc2	Newpuc2 (set 1)	1980	hack
newpuc2b	Newpuc2 (set 2)	1980	hack
news	News (set 1)	1993	Poby / Virus
newsa	News (set 2)	1993	Poby
nextcent	Next Century (bootleg of Defender)	1981	bootleg (Petaco)
nextfase	Next Fase (bootleg of Phoenix)	1981	bootleg (Petaco S.A.)
ngem2k	NGEM2K (HB, beta 2006-01-18)	2006	homebrew
ngftdemo	NGF Transparency (HB, Demo)	2012	CeL/redarmor.net
openice	NHL Open Ice: 2 on 2 Challenge (rev 1.21)	1995	Midway
openicea	NHL Open Ice: 2 on 2 Challenge (rev 1.2A)	1995	Midway
nibbler6	Nibbler (rev 6)	1982	Rock-Ola
nibblerp	Nibbler (rev 6, Pioneer Balloon conversion)	1982	Rock-Ola
nibbler7	Nibbler (rev 7)	1982	Rock-Ola
nibbler8	Nibbler (rev 8)	1982	Rock-Ola
nibblero	Nibbler (rev 8, Olympia)	1983	Rock-Ola (Olympia license)
nibbler	Nibbler (rev 9, set 1)	1982	Rock-Ola
nibblera	Nibbler (rev 9, set 2)	1982	Rock-Ola
nitedrvr	Night Driver	1976	Atari
nslasherj	Night Slashers (Japan Rev 1.2, DE-0397-0 PCB)	1994	Data East Corporation
nslasher	Night Slashers (Korea Rev 1.3, DE-0397-0 PCB)	1994	Data East Corporation
nslashers	Night Slashers (Over Sea Rev 1.2, DE-0397-0 PCB)	1994	Data East Corporation
nslasheru	Night Slashers (US Rev 1.2, DE-0395-1 PCB)	1994	Data East Corporation
cnightst	Night Star (DECO Cassette) (US) (set 1)	1983	Data East Corporation
cnightst2	Night Star (DECO Cassette) (US) (set 2)	1983	Data East Corporation
nightstrj	Night Striker (Japan)	1989	Taito Corporation
nightstru	Night Striker (US)	1989	Taito America Corporation
nightstr	Night Striker (World)	1989	Taito Corporation Japan
vhunt2te	Night Warriors 2: Darkstalkers Revenge (Hack, English RC1)	2026	Strygo
nwarra	Night Warriors: Darkstalkers' Revenge (Asia 950302)	1995	Capcom
nwarrb	Night Warriors: Darkstalkers' Revenge (Brazil 950403)	1995	Capcom
nwarr	Night Warriors: Darkstalkers' Revenge (Europe 950316)	1995	Capcom
nwarrh	Night Warriors: Darkstalkers' Revenge (Hispanic 950403)	1995	Capcom
nwarrud	Night Warriors: Darkstalkers' Revenge (USA 950406 Phoenix Edition) (bootleg)	1995	bootleg
nwarru	Night Warriors: Darkstalkers' Revenge (USA 950406)	1995	Capcom
nitdbl	Nightmare in the Dark (bootleg)	2001	bootleg
nitd	Nightmare in the Dark	2000	Eleven / Gavaking
ninja	Ninja (315-5102)	1985	Sega
nbbatmanu	Ninja Baseball Bat Man (US)	1993	Irem America
nbbatman	Ninja Baseball Bat Man (World)	1993	Irem
nbbat1v2	Ninja Baseball Batman (1v2, Hack)	2020	hack
nbbat1v4	Ninja Baseball Batman (1v4, Hack)	2020	hack
nbbat1v8	Ninja Baseball Batman (1v8, Hack)	2020	hack
nbbatmano	Ninja Baseball Batman (One Key Edition, Hack)	2020	hack
nbbatmbh	Ninja Baseball Batman (Transform, Hack)	2016	hack
nbbatmx2	Ninja Baseball Batman (X2, Hack)	2018	hack
ninclown	Ninja Clowns (27 oct 91)	1991	Strata / Incredible Technologies
ncombath	Ninja Combat (NGH-009)	1990	Alpha Denshi Co.
ncombat	Ninja Combat (NGM-009)	1990	Alpha Denshi Co.
ncommand	Ninja Commando	1992	Alpha Denshi Co.
ninjemak	Ninja Emaki (US)	1986	Nichibutsu
gaiden	Ninja Gaiden (US)	1988	Tecmo
kazan	Ninja Kazan (World)	1988	Jaleco
ninjamasha	Ninja Master's - Haoh-ninpo-cho (Plus)	1996	007325
ninjamas	Ninja Master's - Haoh-ninpo-cho	1996	ADK / SNK
nprinces	Ninja Princess (315-5051, 64k Ver. bootleg?)	1985	bootleg?
nprincesb	Ninja Princess (315-5051?, 128k Ver. bootleg?)	1985	bootleg?
nprinceso	Ninja Princess (315-5098, 128k Ver.)	1985	Sega
nprincesu	Ninja Princess (64k Ver. not encrypted)	1985	Sega
ryukendn	Ninja Ryukenden (Japan, set 1)	1989	Tecmo
ryukendna	Ninja Ryukenden (Japan, set 2)	1989	Tecmo
ryukendnb	Ninja Ryukenden (Japan, set 3)	1989	Tecmo
nspirit	Ninja Spirit (World)	1988	Irem
ninjakd2	Ninja-Kid II / NinjaKun Ashura no Shou (set 1)	1987	UPL
ninjakd2a	Ninja-Kid II / NinjaKun Ashura no Shou (set 2, bootleg?)	1987	UPL
ninjakd2b	Ninja-Kid II / NinjaKun Ashura no Shou (set 3, bootleg?)	1987	UPL
ninjakd2c	Ninja-Kid II / NinjaKun Ashura no Shou (set 4)	1987	UPL
ninjakun	Ninjakun Majou no Bouken	1984	UPL (Taito license)
nitrobal	Nitro Ball (World, set 1)	1992	Data East Corporation
nitrobala	Nitro Ball (World, set 2)	1992	Data East Corporation
nitrobalb	Nitro Ball (World, set 3)	1992	Data East Corporation
nob	Noboranka (Japan)	1986	Coreland / Data East Corporation
nobb	Noboranka (Japan, bootleg)	1986	bootleg (Game Electronics)
nostj	Nostradamus (Japan)	1993	Face
nostk	Nostradamus (Korea)	1993	Face
nost	Nostradamus	1993	Face
nostromo	Nostromo	198?	bootleg
nouryokup	Nouryoku Koujou Iinkai (prototype)	1995	Tecmo
nouryoku	Nouryoku Koujou Iinkai	1995	Tecmo
nova2001	Nova 2001 (Japan)	1983	UPL
nova2001h	Nova 2001 (Japan, hack?)	1983	UPL
nova2001u	Nova 2001 (US)	1983	UPL (Universal license)
numanathj	Numan Athletics (Japan)	1993	Namco
numanath	Numan Athletics (World)	1993	Namco
nunchaku	Nunchackun	1985	Kaneko / Taito
nyanpani	Nyan Nyan Panic (Japan)	1988	Konami
cocean1a	Ocean to Ocean (Medal) (DECO Cassette MD) (No.10/Ver.1,Japan)	1981	Data East Corporation
cocean6b	Ocean to Ocean (Medal) (DECO Cassette MD) (No.10/Ver.6,US)	1981	Data East Corporation
oedfighta	Oedo Fight (Japan, Bloodless version)	1994	Kaneko
oedfight	Oedo Fight (Japan, Bloodshed version)	1994	Kaneko
offensiv	Offensive (Spanish bootleg of Scramble)	1981	bootleg (Video Dens)
ohmygod	Oh My God! (Japan)	1993	Atlus
oisipuzl	Oishii Puzzle Ha Irimasenka	1993	Sunsoft / Atlus
olibug	Oli Bug (bootleg of Jump Bug)	1982	bootleg
olibochu	Oli-Boo-Chu (USA)	1981	Irem (GDI license)
omegab	Omega (bootleg?)	19??	bootleg?
omegaa	Omega (earlier)	1986	Nihon System
omegaf	Omega Fighter (set 1)	1989	UPL
omegafa	Omega Fighter (set 2)	1989	UPL
omegafs	Omega Fighter Special	1989	UPL
omegrace	Omega Race (set 1)	1981	Midway
omegrace2	Omega Race (set 2)	1981	Midway
omegrace3	Omega Race (set 3, 7/27)	1981	Midway
omega	Omega	1986	Nihon System
omni	Omni	19??	bootleg (Videa System)
onetwoe	One + Two (earlier)	1997	Barko
onetwo	One + Two	1997	Barko
oneshot	One Shot One Kill	1996	Promat
nmaster	Oni - The Ninja Master (Japan)	1995	Banpresto / Pandorabox
onna34roa	Onna Sanshirou - Typhoon Gal (bootleg)	1985	bootleg
onna34ro	Onna Sanshirou - Typhoon Gal (rev 1)	1985	Taito
ooparts	OOPArts (prototype, joystick hack)	1992	hack
coozumou	Oozumou - The Grand Sumo (DECO Cassette) (Japan)	1984	Data East Corporation
opaopa	Opa Opa (MC-8123, 317-0042)	1987	Sega
opaopan	Opa Opa (Rev A, unprotected)	1987	Sega
opwolfb	Operation Bear (bootleg of Operation Wolf)	1987	bootleg (Bear Corporation Korea)
othunderj	Operation Thunderbolt (Japan)	1988	Taito Corporation
othunderjsc	Operation Thunderbolt (Japan, SC)	1988	Taito Corporation
othunderua	Operation Thunderbolt (US)	1988	Taito America Corporation
othunderu	Operation Thunderbolt (US, rev 1)	1988	Taito America Corporation
othundero	Operation Thunderbolt (World)	1988	Taito Corporation Japan
othunder	Operation Thunderbolt (World, rev 1)	1988	Taito Corporation Japan
opwolfj	Operation Wolf (Japan, rev 2)	1987	Taito Corporation
opwolfjsc	Operation Wolf (Japan, SC)	1987	Taito Corporation
opwolfu	Operation Wolf (US, rev 2)	1987	Taito America Corporation
opwolf	Operation Wolf (World, rev 2, set 1)	1987	Taito Corporation Japan
opwolfa	Operation Wolf (World, rev 2, set 2)	1987	Taito Corporation Japan
opwolf3j	Operation Wolf 3 (Japan)	1994	Taito Corporation
opwolf3u	Operation Wolf 3 (US)	1994	Taito America Corporation
opwolf3	Operation Wolf 3 (World)	1994	Taito Corporation Japan
orbitron	Orbitron	1982	Comsoft (Signatron USA license)
orbs	Orbs (10/7/94 prototype?)	1994	American Sammy
ordynej	Ordyne (Japan)	1988	Namco
ordyneje	Ordyne (Japan, English Version)	1988	Namco
ordyne	Ordyne (World)	1988	Namco
orlegend105k	Oriental Legend / Xiyou Shi E Zhuan (ver. 105, Korean Board)	1997	IGS
orlegend105t	Oriental Legend / Xiyou Shi E Zhuan (ver. 105, Taiwanese Board)	1997	IGS
orlegend111c	Oriental Legend / Xiyou Shi E Zhuan (ver. 111, Chinese Board)	1997	IGS
orlegend111k	Oriental Legend / Xiyou Shi E Zhuan (ver. 111, Korean Board)	1997	IGS
orlegend111t	Oriental Legend / Xiyou Shi E Zhuan (ver. 111, Taiwanese Board)	1997	IGS
orlegendc	Oriental Legend / Xiyou Shi E Zhuan (ver. 112, Chinese Board)	1997	IGS
orlegende	Oriental Legend / Xiyou Shi E Zhuan (ver. 112, set 1)	1997	IGS
orlegendea	Oriental Legend / Xiyou Shi E Zhuan (ver. 112, set 2)	1997	IGS
orlegend	Oriental Legend / Xiyou Shi E Zhuan (ver. 126)	1997	IGS
orlegendca	Oriental Legend / Xiyou Shi E Zhuan (ver. ???, Chinese Board)	1997	IGS
oldsplus203	Oriental Legend 2 (Korea) / Xiyou Shi E Zhuan Qunmo Luanwu (World, China, Japan, Hong Kong, Taiwan) (ver. 203) [Oriental Ex]	2004	IGS
oldsplus	Oriental Legend 2 (Korea) / Xiyou Shi E Zhuan Qunmo Luanwu (World, China, Japan, Hong Kong, Taiwan) (ver. 205) [Oriental Ex]	2004	IGS
oldsplusok	Oriental Legend 2 (One Key Edition, Hack)	2021	Hack
orleg2_101hk	Oriental Legend 2 (V101, Hong Kong)	2007	IGS
orleg2_101jp	Oriental Legend 2 (V101, Japan)	2007	IGS
orleg2_101	Oriental Legend 2 (V101, Overseas)	2007	IGS
orleg2_101tw	Oriental Legend 2 (V101, Taiwan)	2007	IGS
orleg2_103hk	Oriental Legend 2 (V103, Hong Kong)	2007	IGS
orleg2_103jp	Oriental Legend 2 (V103, Japan)	2007	IGS
orleg2_103	Oriental Legend 2 (V103, Overseas)	2007	IGS
orleg2_103tw	Oriental Legend 2 (V103, Taiwan)	2007	IGS
orleg2_104hk	Oriental Legend 2 (V104, Hong Kong)	2007	IGS
orleg2_104jp	Oriental Legend 2 (V104, Japan)	2007	IGS
orleg2	Oriental Legend 2 (V104, Overseas)	2007	IGS
orleg2_104tw	Oriental Legend 2 (V104, Taiwan)	2007	IGS
orleg2d_101	Oriental Legend 2 / Xi You Shi E Zhuan 2 (V101, Decrypted)	2007	IGS (Huatong license)
orleg2d_103	Oriental Legend 2 / Xi You Shi E Zhuan 2 (V103, Decrypted)	2007	IGS (Huatong license)
orleg2d	Oriental Legend 2 / Xi You Shi E Zhuan 2 (V104, Decrypted)	2007	IGS (Huatong license)
oldsdsgl	Oriental Legend Special - Da Sheng Gui Lai (Hack)	2020	Hack
olds100	Oriental Legend Special / Xiyou Shi E Zhuan Super (ver. 100, set 1)	1998	IGS
olds100a	Oriental Legend Special / Xiyou Shi E Zhuan Super (ver. 100, set 2)	1998	IGS
olds	Oriental Legend Super / Xiyou Shi E Zhuan Super (ver. 101, Korean Board)	1998	IGS
zerofxz	Oriental Legend ZERO (Hack)	2019	Hack
orius	Orius (ver UAA)	1991	Konami
osman	Osman (World)	1996	Mitchell
ottopz	Otto Project PZ (hack)	2014	Scott Lawrence
ogonsiro	Ougon no Shiro (Japan)	1986	Allumer / Taito Corporation
outrunb	Out Run (bootleg)	1986	bootleg
outrundxa	Out Run (deluxe sitdown earlier version)	1986	Sega
outrundxeha	Out Run (deluxe sitdown) (Enhanced Edition v1.0.3)	2013	hack (Chris White)
outrundxeh	Out Run (deluxe sitdown) (Enhanced Edition v2.0.3)	2020	hack (Chris White)
outrundx	Out Run (deluxe sitdown)	1986	Sega
outrundxj	Out Run (Japan, deluxe sitdown) (FD1089A 317-0019)	1986	Sega
outrunra	Out Run (sitdown/upright, Rev A)	1986	Sega
outrunm	Out Run (sitdown/upright, Rev B) (added music)	2016	cmonkey
outruneha	Out Run (sitdown/upright, Rev B) (Enhanced Edition v1.1.0)	2014	hack (Chris White)
outrunehb	Out Run (sitdown/upright, Rev B) (Enhanced Edition v2.0.2)	2017	hack (Chris White)
outruneh	Out Run (sitdown/upright, Rev B) (Enhanced Edition v2.0.3)	2020	hack (Chris White)
outrun	Out Run (sitdown/upright, Rev B)	1986	Sega
outzoneh	Out Zone (harder)	1990	Toaplan
outzonea	Out Zone (old set)	1990	Toaplan
outzoneb	Out Zone (older set)	1990	Toaplan
outzonec	Out Zone (oldest set)	1990	Toaplan
outzonecv	Out Zone (Zero Wing TP-015 PCB conversion)	1990	Toaplan
outzone	Out Zone	1990	Toaplan
orunnersj	OutRunners (Japan)	1992	Sega
orunnersu	OutRunners (US)	1992	Sega
orunners	OutRunners (World)	1992	Sega
overtop	Over Top	1996	ADK
ozmawars	Ozma Wars (set 1)	1979	SNK
ozmawars2	Ozma Wars (set 2)	1979	SNK
ozmawars3	Ozma Wars (set 3)	1979	SNK
ozon1	Ozon I	1983	Proma
p47acesa	P-47 Aces (ver 1.0)	1995	Jaleco
p47aces	P-47 Aces (ver 1.1)	1995	Jaleco
p47j	P-47: The Freedom Fighter (Japan)	1988	Jaleco
p47je	P-47: The Freedom Fighter (Japan, Export)	1988	Jaleco
p47a	P-47: The Freedom Fighter (World)	1988	Jaleco
p47	P-47: The Phantom Fighter (World)	1988	Jaleco
pgemeni	P-GeMeni (060123)	2006	blastar@gmx.net
pow	P.O.W. - Prisoners of War (US version 1)	1988	SNK
powa	P.O.W. - Prisoners of War (US version 1, mask ROM sprites)	1988	SNK
pacnpal2	Pac & Pal (older)	1983	Namco
pacnpal	Pac & Pal	1983	Namco
pacmanfm	Pac Man (FAMARE S.A. bootleg of Puck Man)	1980	bootleg (FAMARE S.A.)
pacmanug	Pac Man (U.Games bootleg of Puck Man)	1980	bootleg (U.Games)
pacminer	Pac Manic Miner Man	2012	Jim Bagley
pnc	Pac'n'Chase (Hack)	1981	Data East Corporation
pacgal	Pac-Gal (set 1)	1981	hack
paclandm2	Pac-Land (Bally-Midway)	1984	Namco (Bally Midway license)
paclandj	Pac-Land (Japan new)	1984	Namco
paclandjo	Pac-Land (Japan old)	1984	Namco
paclandjo2	Pac-Land (Japan older)	1984	Namco
paclandm	Pac-Land (Midway)	1984	Namco (Bally Midway license)
pacland	Pac-Land (World)	1984	Namco
pacnchmp	Pac-Man & Chomp Chomp	1983	Namco
pacmanbl	Pac-Man (bootleg on Galaxian hardware, set 1)	1981	bootleg
pacmanbla	Pac-Man (bootleg on Galaxian hardware, set 2)	1981	bootleg
pacmanblb	Pac-Man (bootleg on Moon Alien 'AL-10A1' hardware)	1981	bootleg
pacmanblc	Pac-Man (Calfesa, Spanish bootleg on Galaxian hardware)	1981	bootleg (Calfesa)
pacheart	Pac-Man (Hearts)	1981	hack
pacmanjpm	Pac-Man (JPM bootleg)	1981	bootleg (JPM)
pacman	Pac-Man (Midway)	1980	Namco (Midway license)
pacmod	Pac-Man (Midway, harder)	1981	Namco (Midway license)
pacmanf	Pac-Man (Midway, speedup hack)	1980	hack
pacmanmr	Pac-Man (Model Racing bootleg)	1981	bootleg (Model Racing)
pacmanp	Pac-Man (Patched)	2007	Hack (Don Hodges)
pacmanso	Pac-Man (SegaSA / Sonic)	1980	Namco (Sonic license)
pacmanblv	Pac-Man (Video Dens, Spanish bootleg on Galaxian hardware, set 1)	1981	bootleg (Video Dens)
pacmanvg	Pac-Man (Video Game SA bootleg)	1980	bootleg (Video Game SA)
25pacmano	Pac-Man - 25th Anniversary Edition (Rev 2.00)	2005	Namco / Cosmodog
25pacman	Pac-Man - 25th Anniversary Edition (Rev 3.00)	2006	Namco / Cosmodog
pacplus	Pac-Man Plus	1982	Namco (Midway license)
pacmaniao	Pac-Mania (111187 sound program)	1987	Namco
pacmaniaj	Pac-Mania (Japan)	1987	Namco
pacmania	Pac-Mania	1987	Namco
sxyreact	Pachinko Sexy Reaction (Japan)	1998	Sammy
sxyreac2	Pachinko Sexy Reaction 2 (Japan)	1999	Sammy
packbangp	Pack'n Bang Bang (prototype)	1994	Kaneko
packbang	Pack'n Bang Bang	1994	Kaneko
packetman	Packetman (bootleg)	1980	bootleg
clubpacm	Pacman Club / Club Lambada (Argentina)	1989	hack (Miky SRL)
pacupacu	Pacu Pacu (GlobalHack)	2025	Tardis Remakes
pacuman	Pacu-Man (Spanish bootleg of Puck Man)	1980	bootleg (Recreativos Franco S.A.)
paddle2	Paddle 2 (bootleg on Block hardware)	1988	bootleg
paddlema	Paddle Mania	1988	SNK
samsho4k	Paewang Jeonseol / Legend of a Warrior (Korean censored Samurai Shodown IV)	1996	SNK
paintrlr	Paint Roller (bootleg of Crush Roller)	1981	bootleg
paintlad	Painted Lady (ver. 1.3, checksum E7BEEEFA, North America)	1992	Gaelco / OMK Software
painter	Painter (hack of Crush Roller)	1984	hack (Monshine Ent. Co.)
pairsa	Pairs (V1, 09/07/94)	1994	Strata / Incredible Technologies
pairs	Pairs (V1.2, 09/30/94)	1994	Strata / Incredible Technologies
pairlove	Pairs Love	1991	Athena / Nihon System
pairsred	Pairs Redemption (V1.0, 10/25/94)	1994	Strata / Incredible Technologies
pajaroes	Pajaro del Espacio (Spanish bootleg of UniWar S)	1980	bootleg (PSV S.A.)
palamedj	Palamedes (Japan)	1990	Taito Corporation
palamed	Palamedes (US)	1990	Hot-B Co., Ltd.
pandajump	Panda Jump (set 1)	2022	Ben Larson
pandajump2	Panda Jump (set 2)	2022	Ben Larson
pandoras	Pandora's Palace	1984	Konami / Interlogic
pangb	Pang (bootleg, set 1)	1989	bootleg
pangbold	Pang (bootleg, set 2)	1989	bootleg
pangb2	Pang (bootleg, set 4)	1989	bootleg
pangbold2	Pang (bootleg, set 5)	1990	bootleg
pangbold3	Pang (bootleg, set 6)	1989	bootleg
pang	Pang (World)	1989	Mitchell
pangpang	Pang Pang	1994	Dong Gue La Mi Ltd.
pangpomsm	Pang Pom's (Mitchell)	1992	Metro (Mitchell license)
pangpomsn	Pang Pom's (Nova)	1992	Nova
pangpoms	Pang Pom's	1992	Metro
pang3b	Pang! 3 (bootleg, set 1)	1995	bootleg
pang3b2	Pang! 3 (bootleg, set 2)	1995	bootleg
pang3b3	Pang! 3 (bootleg, set 3)	1995	bootleg
pang3b4	Pang! 3 (bootleg, set 4)	1995	bootleg
pang3b5	Pang! 3 (bootleg, set 5)	1995	bootleg
pang3b6	Pang! 3 (bootleg, set 6)	1995	Mitchell
pang3b7	Pang! 3 (bootleg, set 7)	1995	Mitchell
pang3r1	Pang! 3 (Europe 950511)	1995	Mitchell
pang3r1a	Pang! 3 (Europe 950511, alt)	1995	Mitchell
pang3	Pang! 3 (Europe 950601)	1995	Mitchell
pang3j	Pang! 3: Kaitou Tachi no Karei na Gogo (Japan 950511)	1995	Mitchell
panicbom	Panic Bomber	1994	Eighting / Hudson
panicstr	Panic Street (Japan)	1999	Kaneko
panzer	Panzer (bootleg of Spectar)	1980	bootleg (Proel)
paprazzi	Paparazzi	1996	Yun Sung
paperboyp	Paperboy (prototype)	1983	Atari Games
paperboyr1	Paperboy (rev 1)	1984	Atari Games
paperboyr2	Paperboy (rev 2)	1984	Atari Games
paperboy	Paperboy (rev 3)	1984	Atari Games
pturn	Parallel Turn	1984	Jaleco
parodiusa	Parodius Da!: Shinwa kara Owarai e (Asia)	1990	Konami
parodiusj	Parodius Da!: Shinwa kara Owarai e (Japan)	1990	Konami
parodius	Parodius Da!: Shinwa kara Owarai e (World, set 1)	1990	Konami
parodiuse	Parodius Da!: Shinwa kara Owarai e (World, set 2)	1990	Konami
prtytime	Party Time: Gonta the Diver II / Ganbare! Gonta!! 2 (World Release)	1995	Mitchell
pasha2	Pasha Pasha 2	1998	Dong Sung
ppchamp	Pasha Pasha Champ Mini Game Festival (Korea, set 1)	1997	Dongsung / Para
ppchampa	Pasha Pasha Champ Mini Game Festival (Korea, set 2)	1997	Dongsung / Para
passshtjd	Passing Shot (Japan, 4 Players) (bootleg of FD1094 317-0070 set)	1988	bootleg
passshtj	Passing Shot (Japan, 4 Players) (FD1094 317-0070)	1988	Sega
passsht16a	Passing Shot (Japan, 4 Players, System 16A) (FD1094 317-0071)	1988	Sega
passshtd	Passing Shot (World, 2 Players) (bootleg of FD1094 317-0080 set)	1988	bootleg
passsht	Passing Shot (World, 2 Players) (FD1094 317-0080)	1988	Sega
passshtad	Passing Shot (World, 4 Players) (bootleg of FD1094 317-0074 set)	1988	bootleg
passshta	Passing Shot (World, 4 Players) (FD1094 317-0074)	1988	Sega
pass	Pass	1992	Oksan
pastelis	Pastel Island (Japan, prototype)	1993	Visco
patapata	Pata Pata Panic	1993	Atlus
peekaboo	Peek-a-Boo! (Japan, ver. 1.1)	1993	Jaleco
peekaboou	Peek-a-Boo! (North America, ver 1.0)	1993	Jaleco
peggle	Peggle (Joystick, v1.0)	1991	Strata / Incredible Technologies
pegglet	Peggle (Trackball, v1.0)	1991	Strata / Incredible Technologies
penfan	Penfan Girls - Step1. Mild Mind (set 1)	1999	Eolith
penfana	Penfan Girls - Step1. Mild Mind (set 2)	1999	Eolith
pengojb	Pengo (Japan, 315-5007 type, rev A)	1982	Sega
pengoja	Pengo (Japan, 315-5010 type, rev C)	1982	Sega
pengojbl	Pengo (Japan, bootleg)	1982	bootleg
pengoj	Pengo (Japan, not encrypted)	1982	Sega
pengoa	Pengo (World, 315-5010 type, set 1)	1982	Sega
pengob	Pengo (World, 315-5010 type, set 2)	1982	Sega
pengoc	Pengo (World, 315-5010 type, set 3)	1982	Sega
pengo	Pengo (World, not encrypted, rev A)	1982	Sega
pengadvb	Penguin Adventure (bootleg of MSX version, encrypted)	1988	bootleg (Screen)
penbros	Penguin Brothers (Japan)	2000	Subsino
pkunwarj	Penguin-Kun Wars (Japan, set 1)	1985	UPL
pkunwarja	Penguin-Kun Wars (Japan, set 2)	1985	UPL
pkunwar	Penguin-Kun Wars (US)	1985	UPL
penta	Penta (bootleg)	1982	bootleg (Grinbee Shouji)
pepper27	Pepper II (version 7)	1982	Exidy
pepper2	Pepper II (version 8)	1982	Exidy
perestrof	Perestroika Girls (Fuuki license)	1993	Promat (Fuuki license)
perestro	Perestroika Girls	1994	Promat
pbillrdsa	Perfect Billiard (MC-8123, 317-5008)	1987	Nihon System (Sega license)
pbillrd	Perfect Billiard	1987	Nihon System (United Artists license)
psoldier	Perfect Soldiers (Japan)	1993	Irem
perfrman	Performan (Japan)	1985	Toaplan / Data East Corporation
perfrmanu	Performan (US)	1985	Toaplan / Data East USA
pestplce	Pest Place	1983	bootleg
peterpak	Peter Pack Rat	1984	Atari Games
ppan	Peter Pan (bootleg of Hook)	1992	bootleg
cppicf	Peter Pepper's Ice Cream Factory (DECO Cassette) (US) (set 1)	1984	Data East Corporation
cppicf2	Peter Pepper's Ice Cream Factory (DECO Cassette) (US) (set 2)	1984	Data East Corporation
pettanp	Pettan Pyuu (Japan)	1984	Sun Electronics
phantasm	Phantasm (Japan)	1990	Jaleco
phantom	Phantom (bootleg of Spectar)	1980	bootleg (Proel)
phantoma	Phantomas (bootleg of Spectar)	1980	bootleg (Jeutel)
pheliosj	Phelios (Japan)	1988	Namco
phelios	Phelios	1988	Namco
phoenix	Phoenix (Amstar, set 1)	1980	Amstar
phoenix2	Phoenix (Amstar, set 2)	1980	Amstar
phoenixass	Phoenix (Assa, Spanish bootleg, set 1)	1981	bootleg (Assa)
phoenixass2	Phoenix (Assa, Spanish bootleg, set 2)	1981	bootleg (Assa)
phoenixbl	Phoenix (bootleg)	1981	bootleg
phoenixa	Phoenix (Centuri, set 1)	1980	Amstar (Centuri license)
phoenixb	Phoenix (Centuri, set 2)	1980	Amstar (Centuri license)
phoenixdal	Phoenix (D&L bootleg)	1980	bootleg (D&L)
phoenixgu	Phoenix (G. Universal Video bootleg)	1981	bootleg? (G. Universal Video)
phoenixc2	Phoenix (G.G.I. Corporation, set 1)	1981	bootleg (G.G.I. Corporation)
phoenixc3	Phoenix (G.G.I. Corporation, set 2)	1981	bootleg (G.G.I. Corporation)
phoenixc4	Phoenix (G.G.I. Corporation, set 3)	1981	bootleg (G.G.I. Corporation)
phoenixha	Phoenix (Hellomat Automaten bootleg)	1981	bootleg (Hellomat Automaten)
phoenixi	Phoenix (IDI bootleg)	1981	bootleg (IDI)
phoenixc	Phoenix (Irecsa / G.G.I. Corporation)	1981	bootleg? (Irecsa / G.G.I. Corporation)
phoenixs	Phoenix (Sonic, Spanish bootleg)	1981	bootleg (Sonic)
phoenix3	Phoenix (T.P.N. bootleg)	1980	bootleg (T.P.N.)
phoenixj	Phoenix (Taito Japan)	1980	Amstar (Taito Japan license)
phoenixt	Phoenix (Taito)	1980	Amstar (Taito license)
phoenxp2	Phoenix Part 2	1981	bootleg
photof	Photo Finish (bootleg?)	1991	Jaleco / Casio
photoy2k102j	Photo Y2K / Chaoji Bi Yi Bi / Dajia Lai Zhao Cha / Real and Fake (ver. 102, Japanese Board)	1999	IGS
photoy2k103j	Photo Y2K / Chaoji Bi Yi Bi / Dajia Lai Zhao Cha / Real and Fake (ver. 103, Japanese Board)	1999	IGS
photoy2k104	Photo Y2K / Chaoji Bi Yi Bi / Dajia Lai Zhao Cha / Real and Fake (ver. 104)	1999	IGS
photoy2k	Photo Y2K / Chaoji Bi Yi Bi / Dajia Lai Zhao Cha / Real and Fake (ver. 105)	1999	IGS
py2k2	Photo Y2K 2 / Chaoji Bi Yi Bi 2 / Dajia Lai Zhao Cha 2 / Real and Fake 2 Photo Y2K (M101XX 05/25/01 11:02:54)	2001	IGS
py2k2100	Photo Y2K 2 / Chaoji Bi Yi Bi 2 / Dajia Lai Zhao Cha 2 / Real and Fake 2 Photo Y2K (ver. 100, Japanese Board)	2000	IGS
phozon	Phozon (Japan)	1983	Namco
phozons	Phozon (Sidam)	1983	Namco (Sidam license)
pickin	Pickin'	1983	Valadon Automation
pignewta	Pig Newton (version A)	1983	Sega
pignewt	Pig Newton (version C)	1983	Sega
pigskinb	Pigskin 621AD (rev 1.1 6/05/90)	1990	Midway
pigskin	Pigskin 621AD (rev 1.1K 8/01/90)	1990	Midway
pigskina	Pigskin 621AD (rev 2.0 7/06/90)	1990	Midway
pbaction	Pinball Action (set 1)	1985	Tehkan
pbaction2	Pinball Action (set 2, encrypted)	1985	Tehkan
pbaction3	Pinball Action (set 3, encrypted)	1985	Tehkan
pbaction4	Pinball Action (set 4, encrypted)	1985	Tehkan
pbactiont	Pinball Action (Tecfri license)	1985	Tehkan (Tecfri license)
pinbos	Pinbo (bootleg)	1985	bootleg (Strike)
pinbo	Pinbo (set 1)	1984	Jaleco
pinboa	Pinbo (set 2)	1984	Jaleco
ppmast93	Ping Pong Masters '93	1993	Electronic Devices S.R.L.
pinkswtsb	Pink Sweets: Ibara Sorekara (2006/04/06 MASTER VER.)	2006	Cave (AMI license)
pinkswtsa	Pink Sweets: Ibara Sorekara (2006/04/06 MASTER VER...)	2006	Cave (AMI license)
pinkswts	Pink Sweets: Ibara Sorekara (2006/04/06 MASTER VER....)	2006	Cave (AMI license)
pinkswtsx	Pink Sweets: Ibara Sorekara (2006/xx/xx MASTER VER.)	2006	Cave (AMI license)
pinkswtssc	Pink Sweets: Suicide Club (2017/10/31 SUICIDECLUB VER., bootleg)	2017	bootleg (Four Horsemen)
pballoonr	Pioneer Balloon (Rock-Ola license)	1982	SNK (Rock-Ola license)
pballoon	Pioneer Balloon	1982	SNK
pipedrmj	Pipe Dream (Japan)	1990	Video System Co.
pipedrmt	Pipe Dream (Taiwan)	1990	Video System Co.
pipedrmu	Pipe Dream (US)	1990	Video System Co.
pipedrm	Pipe Dream (World)	1990	Video System Co.
pipibibsp	Pipi & Bibis / Whoopee!! (prototype)	1991	Toaplan
whoopee	Pipi & Bibis / Whoopee!! (Teki Paki hardware)	1991	Toaplan
pipibibs	Pipi & Bibis / Whoopee!! (Z80 sound cpu, set 1)	1991	Toaplan
pipibibsa	Pipi & Bibis / Whoopee!! (Z80 sound cpu, set 2)	1991	Toaplan
piranhah	Piranha (hack)	1981	hack
piranhao	Piranha (older)	1981	GL (US Billiards license)
piranha	Piranha	1981	GL (US Billiards license)
piratpet	Pirate Pete	1982	Taito America Corporation
higemaru	Pirate Ship Higemaru	1984	Capcom
pirates	Pirates (set 1)	1994	NIX
piratesb	Pirates (set 2)	1995	NIX
piscesb	Pisces (bootleg)	19??	bootleg
pisces	Pisces	19??	Subelectro
pistoldm	Pistol Daimyo no Bouken (Japan)	1990	Namco
pitnrunb	Pit & Run - F-1 Race (location test?)	1984	Taito Corporation
pitnrun	Pit & Run - F-1 Race (rev 1)	1984	Taito Corporation
pitnruna	Pit & Run - F-1 Race	1984	Taito Corporation
pitfight3	Pit Fighter (rev 3)	1990	Atari Games
pitfight	Pit Fighter (rev 9)	1990	Atari Games
pitapat	Pitapat Puzzle (set 1)	1997	F2 System
pitapata	Pitapat Puzzle (set 2)	1997	F2 System
pitfall2	Pitfall II (315-5093)	1985	Sega
pitfall2a	Pitfall II (315-5093, Flicky Conversion)	1985	Sega
pitfall2u	Pitfall II (not encrypted)	1985	Sega
pkscram	PK Scramble	1993	Cosmo Electronics Corporation
pprobe	Planet Probe (prototype?)	1985	Crux / Kyugo?
plgirls2b	Play Girls 2 (bootleg)	1993	bootleg
plgirls2	Play Girls 2 (Europe)	1993	Hot-B Co., Ltd.
plgirls2j	Play Girls 2 (Japan)	1993	Hot-B Co., Ltd.
plgirls	Play Girls	1992	Hot-B Co., Ltd.
playball	PlayBall! (prototype)	1983	Williams
pgoal	Pleasure Goal / Futsal - 5 on 5 Mini Soccer (NGM-219)	1996	Saurus
pleiadbl	Pleiads (bootleg set 1)	1981	bootleg
pleiadsb2	Pleiads (bootleg set 2)	1981	bootleg (ESG)
pleiadce	Pleiads (Centuri)	1981	Tehkan (Centuri license)
pleiadss	Pleiads (Famaresa, Spanish bootleg)	1981	bootleg (Famaresa)
pleiadsgmp	Pleiads (GMP Games)	1981	bootleg (GMP Games)
pleiadsi	Pleiads (Irecsa, set 1)	1981	Tehkan (Irecsa license)
pleiadsia	Pleiads (Irecsa, set 2)	1981	Tehkan (Irecsa license)
pleiadsn	Pleiads (Niemer S.A.)	1981	bootleg (Niemer S.A.)
pleiads	Pleiads (Tehkan)	1981	Tehkan
plottingu	Plotting (US)	1989	Taito America Corporation
plotting	Plotting (World set 1)	1989	Taito Corporation Japan
plottinga	Plotting (World set 2, protected)	1989	Taito Corporation Japan
plottingb	Plotting (World set 3, earliest version)	1989	Taito Corporation Japan
plumppop	Plump Pop (Japan)	1987	Taito Corporation
plusalph	Plus Alpha	1989	Jaleco
pnickj	Pnickies (Japan 940608)	1994	Compile (Capcom license)
pnyaaa	Pochi and Nyaa (Ver 2.00)	2003	Aiky / Taito
pnyaa	Pochi and Nyaa (Ver 2.02)	2003	Aiky / Taito
pfghtj	Pocket Fighter (Japan 970904)	1997	Capcom
pfghtsc	Pocket Fighter (Simplified Chinese plot translation, Hack)	2025	killme
pcktgal	Pocket Gal (Japan)	1987	Data East Corporation
pcktgalb	Pocket Gal (Yada East bootleg)	1987	bootleg
pcktgalba	Pocket Gal / unknown card game	1987	bootleg
pcktgal2	Pocket Gal 2 (English)	1989	Data East Corporation
pcktgal2j	Pocket Gal 2 (Japanese)	1989	Data East Corporation
pktgaldxa	Pocket Gal Deluxe (Asia v3.00)	1992	Data East Corporation
pktgaldx	Pocket Gal Deluxe (Europe v3.00)	1992	Data East Corporation
pktgaldxj	Pocket Gal Deluxe (Japan v3.00)	1993	Data East Corporation (Nihon System license)
pgalvip	Pocket Gals V.I.P (set 1)	1996	ACE International / Afega
pgalvipa	Pocket Gals V.I.P (set 2)	1997	<unknown>
ptblank	Point Blank (World, GN2 Rev B, set 1)	1994	Namco
ptblanka	Point Blank (World, GN2 Rev B, set 2)	1994	Namco
poittoc	Poitto! (revision C)	1993	Metro / Able Corp.
poitto	Poitto! (revision D)	1993	Metro / Able Corp.
pokrdice	Poker Dice (V1.7)	1991	Strata / Incredible Technologies
pkladiesla	Poker Ladies (Leprechaun ver. 401)	1989	Leprechaun
pkladiesl	Poker Ladies (Leprechaun ver. 510)	1989	Leprechaun
pkladies	Poker Ladies	1989	Mitchell
poknight	Poker Night (HB)	199?	Jeff Kurtz
pokonyan	Pokonyan! Balloon (Japan 940322)	1994	Capcom
polluxn	Pollux (Japan, NTC license, distributed by Atlus)	1991	Dooyong (NTC / Atlus license)
pollux	Pollux (set 1)	1991	Dooyong
polluxa	Pollux (set 2)	1991	Dooyong
polluxa2	Pollux (set 3)	1991	Dooyong
pompingw	Pomping World (Japan)	1989	Mitchell
ponpokov	Ponpoko (Venture Line)	1982	Sigma Enterprises Inc. (Venture Line license)
ponpoko	Ponpoko	1982	Sigma Enterprises Inc.
poosho	Poosho Poosho	1999	F2 System
pootan	Pootan	1982	bootleg
pooyans	Pooyan (Stern Electronics)	1982	Konami (Stern Electronics license)
pooyan	Pooyan	1982	Konami
popbounc	Pop 'n Bounce / Gapporin	1997	Video System Co.
popbingo	Pop Bingo	1996	Dooyong
popflamen	Pop Flamer (bootleg on Naughty Boy PCB)	1982	Jaleco
popflameb	Pop Flamer (hack?)	1982	Jaleco
popflamea	Pop Flamer (not protected)	1982	Jaleco
popflame	Pop Flamer (protected)	1982	Jaleco
popnpopu	Pop'n Pop (Ver 2.07A 1998/02/09)	1997	Taito Corporation
popnpopj	Pop'n Pop (Ver 2.07J 1998/02/09)	1997	Taito Corporation
popnpop	Pop'n Pop (Ver 2.07O 1998/02/09)	1997	Taito Corporation
popspops	Pop's Pop's	1999	Afega
popeyebl	Popeye (bootleg set 1)	1982	bootleg
popeyeb3	Popeye (bootleg set 3)	1982	bootleg
popeyej	Popeye (Japan)	1982	Nintendo
popeyejo	Popeye (Japan, Older)	1982	Nintendo
popeyeu	Popeye (revision D not protected)	1982	Nintendo
popeye	Popeye (revision D)	1982	Nintendo
popeyef	Popeye (revision F)	1982	Nintendo
popeyeman	Popeye-Man	1981	hack
pop_hh	Popper (bootleg of Hard Head)	1989	bootleg
popper	Popper	1983	Omori Electric Co., Ltd.
porky	Porky	1985	Shinkai Inc. (Magic Electronics Inc. license)
porter	Port Man (bootleg on Moon Cresta hardware)	1982	bootleg
portmanj	Port Man (Japan)	1982	Taito Corporation
portman	Port Man	1982	Taito Corporation (Nova Games Ltd. license)
potopoto	Poto Poto (Japan, Rev A)	1994	Sega
poundforj	Pound for Pound (Japan)	1990	Irem
poundforu	Pound for Pound (US)	1990	Irem America
poundfor	Pound for Pound (World)	1990	Irem
powerbal	Power Balls	1994	Playmark
pdriftja	Power Drift (Japan, Rev A)	1988	Sega
pdriftjb	Power Drift (Japan, Rev B)	1988	Sega
pdriftj	Power Drift (Japan, Rev C)	1988	Sega
pdrifta	Power Drift (World)	1988	Sega
pdrifte	Power Drift (World, earlier)	1988	Sega
pdrift	Power Drift (World, Rev A)	1988	Sega
powerdrv	Power Drive	1986	Bally Midway
powernbr	Power Instinct (Brasil, v1.0, Hack)	2006	hack (NeoGeo BR Team)
powerins	Power Instinct (USA)	1993	Atlus
powerinsa	Power Instinct (USA, bootleg set 1)	1993	bootleg
powerinsb	Power Instinct (USA, bootleg set 2)	1993	bootleg
powerinsc	Power Instinct (USA, bootleg set 3)	1993	bootleg (Electronic Devices)
powerinspu	Power Instinct (USA, prototype)	1993	Atlus
pwrinst2k	Power instinct 2 (Korea, Ver. 94/04/08)	1994	Atlus
pwrinst2	Power Instinct 2 (US, Ver. 94.04.08, set 1)	1994	Atlus
pwrinst2a	Power Instinct 2 (US, Ver. 94.04.08, set 2)	1994	Atlus
pspikesb	Power Spikes (bootleg)	1991	bootleg
pspikesc	Power Spikes (China, bootleg)	1991	bootleg
pspikesba	Power Spikes (Italian bootleg)	1991	bootleg (Playmark?)
pspikesk	Power Spikes (Korea)	1991	Video System Co.
pspikesu	Power Spikes (US)	1991	Video System Co.
pspikes	Power Spikes (World)	1991	Video System Co.
pspikes2	Power Spikes II (NGM-068)	1994	Video System Co.
psurge	Power Surge	1988	Vision Electronics
pubball	Power Up Baseball (prototype)	1996	Midway / Incredible Technologies
pwheelsj	Power Wheels (Japan, Rev 2, Linkable)	1991	Taito Corporation
pgearr1	Powered Gear: Strategic Variant Armor Equipment (Japan 940916)	1994	Capcom
pgear	Powered Gear: Strategic Variant Armor Equipment (Japan 941024)	1994	Capcom
pbillianb	Prebillian (bootleg)	1987	bootleg (Game Corp.)
pbillian	Prebillian	1986	Kaneko / Taito
preisle2	Prehistoric Isle 2	1999	Yumekobo / Saurus
prehisleu	Prehistoric Isle in 1930 (US)	1989	SNK
prehisleb	Prehistoric Isle in 1930 (World, bootleg)	1989	bootleg
prehisle	Prehistoric Isle in 1930 (World, set 1)	1989	SNK
prehislea	Prehistoric Isle in 1930 (World, set 2)	1989	SNK
sailmndf	Pretty Soldier Sailor Moon (Apex Infinity, Hack)	2026	hack
sailormnffj	Pretty Soldier Sailor Moon (Fighting For Justice, Hack)	2022	Zombie Master
sailmnwx	Pretty Soldier Sailor Moon (Infinite, Hack)	2026	hack
sailmnyg	Pretty Soldier Sailor Moon (Moonlight, Hack)	2026	hack
sailormnrot	Pretty Soldier Sailor Moon (Reign of Terror, Hack)	2022	Zombie Master
sailormno	Pretty Soldier Sailor Moon (Version 95/03/21, Europe)	1995	Gazelle (Banpresto license)
sailormnok	Pretty Soldier Sailor Moon (Version 95/03/21, Korea)	1995	Gazelle (Banpresto license)
sailormnou	Pretty Soldier Sailor Moon (Version 95/03/21, USA)	1995	Gazelle (Banpresto license)
sailormnn	Pretty Soldier Sailor Moon (Version 95/03/22, Europe)	1995	Gazelle (Banpresto license)
sailormnnk	Pretty Soldier Sailor Moon (Version 95/03/22, Korea)	1995	Gazelle (Banpresto license)
sailormnnu	Pretty Soldier Sailor Moon (Version 95/03/22, USA)	1995	Gazelle (Banpresto license)
sailormn	Pretty Soldier Sailor Moon (Version 95/03/22B, Europe)	1995	Gazelle (Banpresto license)
sailormnk	Pretty Soldier Sailor Moon (Version 95/03/22B, Korea)	1995	Gazelle (Banpresto license)
sailormnu	Pretty Soldier Sailor Moon (Version 95/03/22B, USA)	1995	Gazelle (Banpresto license)
prmtmfgt	Prime Time Fighter (Ver 2.1A 1993/05/21) (New Version)	1993	Taito America Corporation
prmtmfgto	Prime Time Fighter (Ver 2.1A 1993/05/21) (Old Version)	1993	Taito America Corporation
primella	Primella (Japan, NTC license)	1994	Dooyong (NTC license)
neoprimo	Primo (HB, Demo)	2013	iocerom.com
cprobowl	Pro Bowling (DECO Cassette) (US)	1983	Data East Corporation
cpsoccerj	Pro Soccer (DECO Cassette) (Japan)	1983	Data East Corporation
cpsoccer	Pro Soccer (DECO Cassette) (US)	1983	Data East Corporation
cptennisj	Pro Tennis (DECO Cassette) (Japan)	1982	Data East Corporation
cptennis	Pro Tennis (DECO Cassette) (US)	1982	Data East Corporation
wldcourt	Pro Tennis World Court (Japan)	1988	Namco
ws89	Pro Yakyuu World Stadium '89 (Japan)	1989	Namco
ws90	Pro Yakyuu World Stadium '90 (Japan)	1990	Namco
ws	Pro Yakyuu World Stadium (Japan)	1988	Namco
profpac	Professor Pac-Man	1983	Dave Nutting Associates / Bally Midway
progeara	Progear (Asia 010117)	2001	Cave (Capcom license)
progear	Progear (Europe 010117)	2001	Cave (Capcom license)
progearud	Progear (USA 010117 Phoenix Edition) (bootleg)	2001	bootleg
progearu	Progear (USA 010117)	2001	Cave (Capcom license)
progearjd	Progear no Arashi (Japan 010117 Phoenix Edition) (bootleg)	2001	bootleg
progearjbl	Progear no Arashi (Japan 010117) (decrypted bootleg)	2001	bootleg
progearj	Progear no Arashi (Japan 010117)	2001	Cave (Capcom license)
promutrv	Progressive Music Trivia (Question set 1)	1985	Enerdyne Technologies Inc.
promutrva	Progressive Music Trivia (Question set 2)	1985	Enerdyne Technologies Inc.
promutrvb	Progressive Music Trivia (Question set 3)	1985	Enerdyne Technologies Inc.
promutrvc	Progressive Music Trivia (Question set 4)	1985	Enerdyne Technologies Inc.
progress	Progress	1984	Chuo Co. Ltd
proneon	Project Neon - Caravan Edition (HB, pre-alpha v0.4.19)	2019	FULLSET
psychic5j	Psychic 5 (Japan)	1987	Jaleco / NMK
psychic5	Psychic 5 (World)	1987	Jaleco / NMK
psychosj	Psycho Soldier (Japan)	1987	SNK
psychos	Psycho Soldier (US)	1987	SNK
oscarj1	Psycho-Nics Oscar (Japan revision 1)	1987	Data East Corporation
oscarj2	Psycho-Nics Oscar (Japan revision 2)	1987	Data East Corporation
oscaru	Psycho-Nics Oscar (US)	1988	Data East USA
oscar	Psycho-Nics Oscar (World revision 0)	1987	Data East Corporation
puchicarj	Puchi Carat (Ver 2.02J 1997/10/29)	1997	Taito Corporation
puchicar	Puchi Carat (Ver 2.02O 1997/10/29)	1997	Taito Corporation
puchicaru	Puchi Carat (Ver 2.04A 1997/11/08)	1997	Taito America Corporation
puckmana	Puck Man (Alca bootleg)	1980	bootleg (Alca)
puckmanb	Puck Man (bootleg, set 1)	1980	bootleg
puckmanh	Puck Man (bootleg, set 2)	1980	bootleg (Falcom?)
puckmanb3	Puck Man (bootleg, set 3)	1981	bootleg
puckman	Puck Man (Japan, set 1)	1980	Namco
puckmod	Puck Man (Japan, set 2)	1981	Namco
pacmansp	Puck Man (Spanish, 'Made in Greece' bootleg)	198?	bootleg (Video Game SA)
puckmanf	Puck Man (speedup hack)	1980	hack
unkpacga	Pucman	199?	IDI SRL
pulirulaj	PuLiRuLa (Japan)	1991	Taito Corporation
pulirula	PuLiRuLa (World, dual PCB)	1991	Taito Corporation Japan
pulirulaa	PuLiRuLa (World, single PCB)	1991	Taito Corporation
pulstara	Pulstar (alternate board)	1995	Aicom
pulstar	Pulstar	1995	Aicom
punchita	Punch-Out!! (Italian bootleg)	1984	bootleg
punchoutj	Punch-Out!! (Japan)	1984	Nintendo
punchouta	Punch-Out!! (Rev A)	1984	Nintendo
punchoutah	Punch-Out!! (Rev A, harder)	1984	Nintendo
punchout	Punch-Out!! (Rev B)	1984	Nintendo
punchkid	Punching Kid (Japan)	1981	Irem
punkshot2a	Punk Shot (Asia 2 Players, hacked?)	1990	Konami
punkshotj	Punk Shot (Japan 2 Players)	1990	Konami
punkshotjh	Punk Shot (Japan 2 Players, year hack)	1992	Konami
punkshot2	Punk Shot (US 2 Players)	1990	Konami
punkshot	Punk Shot (US 4 Players)	1990	Konami
punkshot2e	Punk Shot (World 2 Players)	1990	Konami
pururun	Pururun (set 1)	1995	Metro / Banpresto
pururuna	Pururun (set 2)	1995	Metro / Banpresto
pushmans	Pushman (American Sammy license)	1990	Comad (American Sammy license)
pushman	Pushman (Korea, set 1)	1990	Comad
pushmana	Pushman (Korea, set 2)	1990	Comad
pushmant	Pushman (Top Tronic license)	1990	Comad (Top Tronic license)
puyoja	Puyo Puyo (Japan, Rev A)	1992	Compile / Sega
puyoj	Puyo Puyo (Japan, Rev B)	1992	Compile / Sega
puyo	Puyo Puyo (World)	1992	Compile / Sega
puyobl	Puyo Puyo (World, bootleg)	1992	bootleg
puyopuy2	Puyo Puyo 2 (Japan)	1994	Compile (Sega license)
puzzloopa	Puzz Loop (Asia)	1998	Mitchell
puzzloope	Puzz Loop (Europe, v0.93)	1998	Mitchell
puzzloop	Puzz Loop (Europe, v0.94)	1998	Mitchell
puzzloopj	Puzz Loop (Japan)	1998	Mitchell
puzzloopk	Puzz Loop (Korea)	1998	Mitchell
puzzloopu	Puzz Loop (USA)	1998	Mitchell
pzloop2	Puzz Loop 2 (Europe 010302)	2001	Mitchell (Capcom license)
pzloop2jp	Puzz Loop 2 (Japan 010201 Publicity)	2001	Mitchell (Capcom license)
pzloop2jr1	Puzz Loop 2 (Japan 010205)	2001	Mitchell (Capcom license)
pzloop2jd	Puzz Loop 2 (Japan 010226 Phoenix Edition) (bootleg)	2001	bootleg
pzloop2j	Puzz Loop 2 (Japan 010226)	2001	Mitchell (Capcom license)
ichirjbl	Puzzle & Action: Ichidant-R (Japan) (bootleg)	1994	bootleg
ichirj	Puzzle & Action: Ichidant-R (Japan)	1994	Sega
ichirk	Puzzle & Action: Ichidant-R (Korea)	1994	Sega
ichirbl	Puzzle & Action: Ichidant-R (World) (bootleg)	1994	bootleg
ichir	Puzzle & Action: Ichidant-R (World)	1994	Sega
tantrbl	Puzzle & Action: Tant-R (Japan) (bootleg set 1)	1992	bootleg
tantrbl2	Puzzle & Action: Tant-R (Japan) (bootleg set 2)	1994	bootleg
tantrbl3	Puzzle & Action: Tant-R (Japan) (bootleg set 3)	1994	bootleg
tantrbl4	Puzzle & Action: Tant-R (Japan) (bootleg set 4)	1992	bootleg
tantr	Puzzle & Action: Tant-R (Japan)	1992	Sega
tantrkor	Puzzle & Action: Tant-R (Korea)	1993	Sega
puzlbanga	Puzzle Bang Bang (Korea, version 2.8 / 990106)	1999	Omega System
puzlbang	Puzzle Bang Bang (Korea, version 2.9 / 990108)	1999	Omega System
pbobble	Puzzle Bobble (Japan, B-System)	1994	Taito Corporation
pbobblenb	Puzzle Bobble / Bust-A-Move (Neo-Geo, bootleg)	1994	bootleg
pbobblen	Puzzle Bobble / Bust-A-Move (Neo-Geo, NGM-083)	1994	Taito
pbobble2j	Puzzle Bobble 2 (Ver 2.2J 1995/07/20)	1995	Taito Corporation
pbobble2o	Puzzle Bobble 2 (Ver 2.2O 1995/07/20)	1995	Taito Corporation Japan
pbobble2	Puzzle Bobble 2 (Ver 2.3O 1995/07/31)	1995	Taito Corporation Japan
pbobbl2n	Puzzle Bobble 2 / Bust-A-Move Again (Neo-Geo)	1999	Taito (SNK license)
pbobble2x	Puzzle Bobble 2X (Ver 2.2J 1995/11/11)	1995	Taito Corporation
pbobble3u	Puzzle Bobble 3 (Ver 2.1A 1996/09/27)	1996	Taito Corporation
pbobble3j	Puzzle Bobble 3 (Ver 2.1J 1996/09/27)	1996	Taito Corporation
pbobble3	Puzzle Bobble 3 (Ver 2.1O 1996/09/27)	1996	Taito Corporation
pbobble3rc	Puzzle Bobble 3 Recarbonated	2022	Bank Bank
pbobble4u	Puzzle Bobble 4 (Ver 2.04A 1997/12/19)	1997	Taito Corporation
pbobble4j	Puzzle Bobble 4 (Ver 2.04J 1997/12/19)	1997	Taito Corporation
pbobble4	Puzzle Bobble 4 (Ver 2.04O 1997/12/19)	1997	Taito Corporation
pzlbreak	Puzzle Break (set 1)	1997	SemiCom / Tirano
pzlbreaka	Puzzle Break (set 2)	1997	SemiCom / Tirano
puzlclub	Puzzle Club (Japan prototype)	1990	Namco
pclubys	Puzzle Club (Yun Sung, set 1)	2000	Yun Sung
pclubysa	Puzzle Club (Yun Sung, set 2)	2000	Yun Sung
pzlbowl	Puzzle De Bowling (Japan)	1999	Nihon System / MOSS
puzzldpr	Puzzle De Pon! R!	1997	Visco
puzzledp	Puzzle De Pon!	1995	Visco
puzzlekg	Puzzle King (Dance & Puzzle)	1998	Eolith
4in1boot	Puzzle King (PacMan 2, Tetris, HyperMan 2, Snow Bros.)	2002	K1 Soft
puzlstara	Puzzle Star / Mohuan Xingzuo (ver. 100MG, 09/20/99 build)	1999	IGS (Metro license)
puzlstar	Puzzle Star / Mohuan Xingzuo (ver. 100MG, 09/30/99 build)	1999	IGS (Metro license)
uopokoj	Puzzle Uo Poko (Japan)	1998	Cave (Jaleco license)
uopoko	Puzzle Uo Poko (World)	1998	Cave (Jaleco license)
mushitama	Puzzle! Mushihime-Tama (2005/09/09 MASTER VER)	2005	Cave (AMI license)
mushitam	Puzzle! Mushihime-Tama (2005/09/09.MASTER VER)	2005	Cave (AMI license)
joyjoy	Puzzled / Joy Joy Kid (NGM-021 ~ NGH-021)	1990	SNK
puzzlia	Puzzli (revision A)	1995	Metro / Banpresto
puzzli	Puzzli (revision B)	1995	Metro / Banpresto
puzzli2	Puzzli 2 / Pao Pao Yu (ver. 100)	1999	IGS (Metro license)
puzzli2s	Puzzli 2 Super / Pao Pao Yu Super (ver. 200)	2001	IGS (Metro license)
puzzlovek	PuzzLove (Korea)	1994	Para
puzzlove	PuzzLove	1994	Para
puzznicb	Puzznic (bootleg, set 1)	1989	bootleg
puzznicba	Puzznic (bootleg, set 2)	1989	bootleg
puzznici	Puzznic (Italian bootleg)	1989	bootleg
puzznicj	Puzznic (Japan)	1989	Taito Corporation
puzznicu	Puzznic (US)	1989	Taito America Corporation
puzznic	Puzznic (World)	1989	Taito Corporation Japan
pyros	Pyros (US)	1987	Toaplan / Taito America Corporation
qberttst	Q*bert (early test version)	1982	Gottlieb
qbertj	Q*bert (Japan)	1982	Gottlieb (Konami license)
qbert	Q*bert (US set 1)	1982	Gottlieb
qberta	Q*bert (US set 2)	1982	Gottlieb
qbertqub	Q*bert's Qubes	1983	Mylstar
qix	Qix (Rev 2)	1981	Taito America Corporation
qixb	Qix (set 2, larger roms)	1981	Taito America Corporation
qixa	Qix (set 2, smaller roms)	1981	Taito America Corporation
qixo	Qix (set 3, earlier)	1981	Taito America Corporation
qix2	Qix II (Tournament)	1981	Taito America Corporation
kovqhsgs	Quan Huang San Guo Te Bie Ban (bootleg of Knights of Valour Super Heroes, V303CN, set 1)	2008	bootleg (WDF)
kovqhsgsa	Quan Huang San Guo Te Bie Ban (bootleg of Knights of Valour Super Heroes, V303CN, set 2)	2008	bootleg (WDF)
kovqhsgsd	Quan Huang San Guo Te Bie Ban (bootleg of Knights of Valour Super Heroes, V303CN, unencrypted)	2008	bootleg (WDF)
quantump	Quantum (prototype)	1982	General Computer Corporation (Atari license)
quantum1	Quantum (rev 1)	1982	General Computer Corporation (Atari license)
quantum	Quantum (rev 2)	1982	General Computer Corporation (Atari license)
quarteta	Quartet (8751 315-5194)	1986	Sega
quartet	Quartet (Rev A, 8751 315-5194)	1986	Sega
quartet2	Quartet 2 (8751 317-0010)	1986	Sega
quartet2a	Quartet 2 (unprotected)	1986	Sega
quarth	Quarth (Japan)	1989	Konami
quester	Quester (Japan)	1987	Namco
questers	Quester Special Edition (Japan)	1987	Namco
quickshts	Quick Shots (ver 1.0, checksum AD0C)	1994	Zero / Gaelco
qadjr	Quiz & Dragons: Capcom Quiz Game (Japan Resale Ver. 940921)	1994	Capcom
qad	Quiz & Dragons: Capcom Quiz Game (USA 920701)	1992	Capcom
inufuku	Quiz & Variety Sukusuku Inufuku (Japan)	1998	Video System Co.
quizmoon	Quiz Bishoujo Senshi Sailor Moon - Chiryoku Tairyoku Toki no Un	1997	Banpresto
qzchikyu	Quiz Chikyu Bouei Gun (Japan)	1991	Taito Corporation
qcrayon	Quiz Crayon Shinchan (Japan)	1993	Taito Corporation
quizdais	Quiz Daisousa Sen - The Last Count Down (NGM-023 ~ NGH-023)	1991	SNK
hotdebut	Quiz de Idol! Hot Debut (Japan)	2000	MOSS / Psikyo
quizf1	Quiz F1 1-2 Finish (Japan)	1992	Irem
qgakumon	Quiz Gakumon no Susume (Japan ver. JA1 Type H)	1993	Konami
qgh	Quiz Ghost Hunter (Japan, ROM Based)	1994	Sega
quizhq	Quiz H.Q. (Japan)	1990	Taito Corporation
qjinsei	Quiz Jinsei Gekijoh (Japan)	1992	Taito Corporation
quizkofk	Quiz King of Fighters (Korea)	1996	Saurus / Viccom (SNK license)
quizkof	Quiz King of Fighters (SAM-080 ~ SAH-080)	1995	Saurus (SNK license)
qzkklgy2	Quiz Kokology 2	1993	Tecmo
qzkklogy	Quiz Kokology	1992	Tecmo
quizdai2	Quiz Meitantei Neo & Geo - Quiz Daisousa Sen part 2 (NGM-042 ~ NGH-042)	1992	SNK
quizmeku	Quiz Mekurumeku Story (Japan, ROM Based)	1992	Sega
qndream	Quiz Nanairo Dreams: Nijiirochou no Kiseki (Japan 960826)	1996	Capcom
quizo	Quiz Olympic (set 1)	1985	Seoul Coin Corp.
quizoa	Quiz Olympic (set 2)	1985	Seoul Coin Corp.
qzquest	Quiz Quest - Hime to Yuusha no Monogatari (Japan)	1991	Taito Corporation
qrouka	Quiz Rouka Ni Tattenasai (Japan, ROM Based)	1991	Sega
quizdaisk	Quiz Salibtamjeong - The Last Count Down (Korean localized Quiz Daisousa Sen)	1995	SNK / Viccom
qsangoku	Quiz Sangokushi (Japan)	1991	Capcom
qzshowby	Quiz Sekai wa SHOW by shobai (Japan)	1993	Taito Corporation
qsww	Quiz Syukudai wo Wasuremashita (Japan, Floppy Based, FD1094 317-0058-08b)	1991	Sega
qtheater	Quiz Theater - 3tsu no Monogatari (Ver 2.3J 1994/11/10)	1994	Taito Corporation
qtono1	Quiz Tonosama no Yabou (Japan)	1991	Capcom
qtono2j	Quiz Tonosama no Yabou 2: Zenkoku-ban (Japan 950123)	1995	Capcom
qtorimon	Quiz Torimonochou (Japan)	1990	Taito Corporation
kovqxzbws	Qunxiong Zhengba - Fengyun Zai Qi (Wushuang, Hack, ver. 20230501)	2023	IGS
rittam	R&T (Rod-Land prototype)	1990	Jaleco
rshark	R-Shark (set 1)	1995	Dooyong
rsharka	R-Shark (set 2)	1995	Dooyong
rtypejp	R-Type (Japan prototype)	1987	Irem
rtypej	R-Type (Japan)	1987	Irem
rtypem82b	R-Type (Japan, bootleg M82 conversion)	2009	bootleg
rtypeu	R-Type (US)	1987	Irem (Nintendo of America license)
rtypeb	R-Type (World bootleg)	1987	bootleg
rtype	R-Type (World)	1987	Irem
rtype2j	R-Type II (Japan)	1989	Irem
rtype2m82b	R-Type II (Japan, bootleg M82 conversion)	1997	bootleg
rtype2jc	R-Type II (Japan, revision C)	1989	Irem
rtype2	R-Type II (World)	1989	Irem
rtypeleoj	R-Type Leo (Japan)	1992	Irem
rtypeleo	R-Type Leo (World)	1992	Irem
r2dtank	R2D Tank	1980	Sigma Enterprises Inc.
rabbita	Rabbit (Asia 1/28?)	1996	Aorn / Electronic Arts
rabbit	Rabbit (Asia 3/6)	1997	Aorn / Electronic Arts
rabbitjt	Rabbit (Japan 1/28, location test)	1996	Aorn / Electronic Arts
rabbitj	Rabbit (Japan 3/6?)	1997	Aorn / Electronic Arts
rpunch	Rabbit Punch (US)	1987	V-System Co. (Bally/Midway/Sente license)
rabiolep	Rabio Lepus (Japan)	1987	V-System Co.
raccoon	Raccoon World	1998	Eolith
racingbj	Racing Beat (Japan)	1991	Taito Corporation
racingb	Racing Beat (World)	1991	Taito Corporation Japan
racherod	Racing Hero (bootleg of FD1094 317-0144 set)	1989	bootleg
rachero	Racing Hero (FD1094 317-0144)	1989	Sega
rackemup	Rack 'em Up (version L)	1987	Konami
racknrol	Rack + Roll	1986	Senko Industries (Status license from Shinkai Inc.)
rdaction	Rad Action / NinjaKun Ashura no Shou	1987	UPL (World Games license)
radmu	Rad Mobile (US)	1990	Sega
radm	Rad Mobile (World)	1990	Sega
radrj	Rad Rally (Japan)	1991	Sega
radru	Rad Rally (US)	1991	Sega
radr	Rad Rally (World)	1991	Sega
radarscp1	Radar Scope (TRS01)	1980	Nintendo
radarscp	Radar Scope (TRS02, rev. D)	1980	Nintendo
radarscpc	Radar Scope (TRS02?, rev. C)	1980	Nintendo
radradj	Radical Radial (Japan)	1983	Logitec Corp.
radrad	Radical Radial (US)	1982	Logitec Corp. (Nichibutsu USA license)
raflesia	Rafflesia (315-5162)	1986	Coreland / Sega
raflesiau	Rafflesia (not encrypted)	1986	Coreland / Sega
rotddh	Rage of the Dragons (Boss Hack)	2002	hack
rotdh	Rage of the Dragons (NGH-2640?)	2002	Evoga / Playmore
rotd	Rage of the Dragons (NGM-2640?)	2002	Evoga / Playmore
rotdbr	Rage of the Dragons (Portuguese edition v2.0, Hack)	2005	hack (NeoGeo BR Team)
ragnagrd	Ragnagard / Shin-Oh-Ken	1996	Saurus
raidenj	Raiden (Japan)	1990	Seibu Kaihatsu
raidenk	Raiden (Korea)	1990	Seibu Kaihatsu (IBL Corporation license)
raidenkb	Raiden (Korea, bootleg)	1990	bootleg
raident	Raiden (Taiwan)	1990	Seibu Kaihatsu (Liang HWA Electronics license)
raidenu	Raiden (US set 1)	1990	Seibu Kaihatsu (Fabtek license)
raidenua	Raiden (US set 2, SEI8904 hardware)	1990	Seibu Kaihatsu (Fabtek license)
raidenub	Raiden (US set 3, newer hardware)	1990	Seibu Kaihatsu (Fabtek license)
raiden	Raiden (World set 1)	1990	Seibu Kaihatsu
raidenb	Raiden (World set 2, newer hardware)	1990	Seibu Kaihatsu
raidendxch	Raiden DX (China)	1994	Seibu Kaihatsu (Ideal International Development Corp license)
raidendxg	Raiden DX (Germany)	1994	Seibu Kaihatsu (Tuning license)
raidendxnl	Raiden DX (Holland)	1994	Seibu Kaihatsu
raidendxa1	Raiden DX (Hong Kong, set 1)	1994	Seibu Kaihatsu (Metrotainment license)
raidendxa2	Raiden DX (Hong Kong, set 2)	1994	Seibu Kaihatsu (Metrotainment license)
raidendxj	Raiden DX (Japan, set 1)	1994	Seibu Kaihatsu
raidendxja	Raiden DX (Japan, set 2)	1994	Seibu Kaihatsu
raidendxk	Raiden DX (Korea)	1994	Seibu Kaihatsu
raidendxpt	Raiden DX (Portugal)	1994	Seibu Kaihatsu
raidendx	Raiden DX (UK)	1994	Seibu Kaihatsu
raidendxu	Raiden DX (US)	1994	Seibu Kaihatsu (Fabtek license)
rdftau	Raiden Fighters (Australia)	1996	Seibu Kaihatsu
rdfta	Raiden Fighters (Austria)	1996	Seibu Kaihatsu
rdftauge	Raiden Fighters (Evaluation Software For Show, Germany)	1996	Seibu Kaihatsu (Tuning license)
rdft	Raiden Fighters (Germany)	1996	Seibu Kaihatsu (Tuning license)
rdftgb	Raiden Fighters (Great Britain)	1996	Seibu Kaihatsu
rdftgr	Raiden Fighters (Greece)	1996	Seibu Kaihatsu
rdftam	Raiden Fighters (Hong Kong)	1996	Seibu Kaihatsu (Metrotainment license)
rdftit	Raiden Fighters (Italy)	1996	Seibu Kaihatsu
rdftj	Raiden Fighters (Japan, earlier)	1996	Seibu Kaihatsu
rdftja	Raiden Fighters (Japan, earliest)	1996	Seibu Kaihatsu
rdftjb	Raiden Fighters (Japan, newer)	1996	Seibu Kaihatsu
rdftadia	Raiden Fighters (Korea, SUB2 cart)	1996	Seibu Kaihatsu (Dream Island license)
rdftadi	Raiden Fighters (Korea, SUB4 cart)	1996	Seibu Kaihatsu (Dream Island license)
rdfts	Raiden Fighters (Taiwan, single board)	1996	Seibu Kaihatsu (Explorer System Corp. license)
rdftu	Raiden Fighters (US, earlier)	1996	Seibu Kaihatsu (Fabtek license)
rdftua	Raiden Fighters (US, newer)	1996	Seibu Kaihatsu (Fabtek license)
rdft2	Raiden Fighters 2 - Operation Hell Dive (Germany)	1997	Seibu Kaihatsu (Tuning license)
rdft2a	Raiden Fighters 2 - Operation Hell Dive (Hong Kong)	1997	Seibu Kaihatsu (Metrotainment license)
rdft2it	Raiden Fighters 2 - Operation Hell Dive (Italy)	1997	Seibu Kaihatsu
rdft2j	Raiden Fighters 2 - Operation Hell Dive (Japan set 1)	1997	Seibu Kaihatsu
rdft2ja	Raiden Fighters 2 - Operation Hell Dive (Japan set 2)	1997	Seibu Kaihatsu
rdft2jb	Raiden Fighters 2 - Operation Hell Dive (Japan set 3)	1997	Seibu Kaihatsu
rdft2jc	Raiden Fighters 2 - Operation Hell Dive (Japan set 4)	1997	Seibu Kaihatsu
rdft2aa	Raiden Fighters 2 - Operation Hell Dive (Korea)	1997	Seibu Kaihatsu (Dream Island license)
rdft2s	Raiden Fighters 2 - Operation Hell Dive (Switzerland)	1997	Seibu Kaihatsu
rdft2t	Raiden Fighters 2 - Operation Hell Dive (Taiwan)	1997	Seibu Kaihatsu
rdft2u	Raiden Fighters 2 - Operation Hell Dive (US)	1997	Seibu Kaihatsu (Fabtek license)
rdft2us	Raiden Fighters 2 - Operation Hell Dive (US, single board)	1997	Seibu Kaihatsu (Fabtek license)
rdft22kc	Raiden Fighters 2 - Operation Hell Dive 2000 (China, SYS386I)	2000	Seibu Kaihatsu
rfjet	Raiden Fighters Jet (Germany)	1998	Seibu Kaihatsu (Tuning license)
rfjetj	Raiden Fighters Jet (Japan)	1998	Seibu Kaihatsu
rfjeta	Raiden Fighters Jet (Korea)	1998	Seibu Kaihatsu (Dream Island license)
rfjett	Raiden Fighters Jet (Taiwan)	1998	Seibu Kaihatsu
rfjetu	Raiden Fighters Jet (US)	1998	Seibu Kaihatsu (Fabtek license)
rfjets	Raiden Fighters Jet (US, single board)	1999	Seibu Kaihatsu
rfjetsa	Raiden Fighters Jet (US, single board, test version?)	1999	Seibu Kaihatsu
rfjet2kc	Raiden Fighters Jet 2000 (China, SYS386I)	2000	Seibu Kaihatsu
raiden2au	Raiden II (Australia)	1993	Seibu Kaihatsu
raiden2eg	Raiden II (easier, Germany)	1993	Seibu Kaihatsu (Tuning license)
raiden2ea	Raiden II (easier, Japan)	1993	Seibu Kaihatsu
raiden2e	Raiden II (easier, Korea)	1993	Seibu Kaihatsu
raiden2eua	Raiden II (easier, US set 1)	1993	Seibu Kaihatsu (Fabtek license)
raiden2eu	Raiden II (easier, US set 2)	1993	Seibu Kaihatsu (Fabtek license)
raiden2eub	Raiden II (easier, US set 3)	1993	Seibu Kaihatsu (Fabtek license)
raiden2eup	Raiden II (easier, US, prototype? 11-16)	1993	Seibu Kaihatsu (Fabtek license)
raiden2f	Raiden II (France)	1993	Seibu Kaihatsu
raiden2g	Raiden II (Germany)	1993	Seibu Kaihatsu (Tuning license)
raiden2gb	Raiden II (Great Britain)	1993	Seibu Kaihatsu
raiden2k	Raiden II (harder, Korea)	1993	Seibu Kaihatsu
raiden2dx	Raiden II (harder, Raiden DX hardware, Korea)	1993	Seibu Kaihatsu
raiden2nl	Raiden II (Holland)	1993	Seibu Kaihatsu
raiden2hk	Raiden II (Hong Kong)	1993	Seibu Kaihatsu (Metrotainment license)
raiden2i	Raiden II (Italy)	1993	Seibu Kaihatsu
raiden2j	Raiden II (Japan)	1993	Seibu Kaihatsu
raiden2es	Raiden II (Spain)	1993	Seibu Kaihatsu
raiden2sw	Raiden II (Switzerland)	1993	Seibu Kaihatsu
raiden2	Raiden II (US, set 1)	1993	Seibu Kaihatsu (Fabtek license)
raiden2u	Raiden II (US, set 2)	1993	Seibu Kaihatsu (Fabtek license)
r2dx_v33	Raiden II New / Raiden DX (newer V33 PCB) (Raiden DX EEPROM)	1996	Seibu Kaihatsu
r2dx_v33_r2	Raiden II New / Raiden DX (newer V33 PCB) (Raiden II EEPROM)	1996	Seibu Kaihatsu
raiders5t	Raiders5 (Japan, set 1)	1985	UPL (Taito license)
raiders5ta	Raiders5 (Japan, set 2, bootleg?)	1985	UPL (Taito license)
raiders5	Raiders5	1985	UPL
raiga	Raiga - Strato Fighter (Japan, set 1)	1991	Tecmo
raigaa	Raiga - Strato Fighter (Japan, set 2)	1991	Tecmo
stratof	Raiga - Strato Fighter (US)	1991	Tecmo
rchasej	Rail Chase (Japan)	1991	Sega
rchasejb	Rail Chase (Japan, Rev B)	1991	Sega
rchase	Rail Chase (World)	1991	Sega
raimaisjo	Raimais (Japan)	1988	Taito Corporation
raimaisj	Raimais (Japan, rev 1)	1988	Taito Corporation
raimais	Raimais (World, rev 1)	1988	Taito Corporation Japan
rbisland	Rainbow Islands (rev 1)	1987	Taito Corporation
rbislande	Rainbow Islands - Extra Version	1988	Taito Corporation
rbislando	Rainbow Islands	1987	Taito Corporation
rallybik	Rally Bike (Europe, US) / Dash Yarou (Japan)	1988	Toaplan / Taito Corporation
rallych	Rally Chase (Neo CD conversion)	1991	hack
rallyx	Rally X (32k Ver.?)	1980	Namco
rallyxm	Rally X (Midway)	1980	Namco (Midway license)
rallyxmr	Rally X (Model Racing bootleg)	1980	bootleg (Model Racing)
rallyxtd	Rally X (Tecnidiver bootleg)	1981	bootleg (Tecnidiver)
rallyxeg	Rally X (Video Game bootleg)	1981	bootleg (Video Game / Electrogame)
rallyxa	Rally X	1980	Namco
rallys	Rallys (bootleg of Spectar, set 1)	1980	bootleg (Novar)
rallysa	Rallys (bootleg of Spectar, set 2)	1980	bootleg (Musik Box Brescia)
ikariram	Rambo 3 (bootleg of Ikari, Joystick hack)	1986	bootleg
rambo3	Rambo III (Europe)	1989	Taito Europe Corporation
rambo3p	Rambo III (Europe, Proto?)	1989	Taito Europe Corporation
rambo3u	Rambo III (US)	1989	Taito America Corporation
rampage2	Rampage (Rev 2, 8/4/86)	1986	Bally Midway
rampage	Rampage (Rev 3, 8/27/86)	1986	Bally Midway
rmpgwt11	Rampage: World Tour (rev 1.1)	1997	Midway
rmpgwt	Rampage: World Tour (rev 1.3)	1997	Midway
rampartj	Rampart (Japan, Joystick)	1990	Atari Games
rampart2p	Rampart (Joystick, bigger ROMs)	1990	Atari Games
rampart2pa	Rampart (Joystick, smaller ROMs)	1990	Atari Games
rampart	Rampart (Trackball)	1990	Atari Games
rapheroa	Rapid Hero (Media Trading)	1994	NMK (Media Trading license)
raphero	Rapid Hero (NMK)	1994	NMK
rastanu	Rastan (US Rev 1)	1987	Taito America Corporation
rastanua	Rastan (US)	1987	Taito America Corporation
rastanub	Rastan (US, earlier code base)	1987	Taito America Corporation
rastan	Rastan (World Rev 1)	1987	Taito Corporation Japan
rastana	Rastan (World)	1987	Taito Corporation Japan
rastanb	Rastan (World, earlier code base)	1987	Taito Corporation Japan
rastsagaabl	Rastan Saga (bootleg, Japan Rev 1, earlier code base)	1987	bootleg
rastsaga	Rastan Saga (Japan Rev 1)	1987	Taito Corporation
rastsagaa	Rastan Saga (Japan Rev 1, earlier code base)	1987	Taito Corporation
rastsagab	Rastan Saga (Japan, earlier code base)	1987	Taito Corporation
rastsagabr	Rastan Saga (Portuguese-BR Translation v1.11, Hack)	2019	hack (Antigeno)
rastsag2	Rastan Saga 2 (Japan)	1988	Taito Corporation
rayforce	Ray Force (Ver 2.3A 1994/01/20)	1993	Taito America Corporation
rayforcej	Ray Force (Ver 2.3J 1994/01/20)	1993	Taito Corporation
razmataz	Razzmatazz	1983	Sega
reactor	Reactor	1982	Gottlieb
reaktor	Reaktor (Track & Field conversion)	1987	Zilec
rbff1a	Real Bout Fatal Fury / Real Bout Garou Densetsu (bug fix revision)	1995	SNK
rbff1k	Real Bout Fatal Fury / Real Bout Garou Densetsu (Korean release)	1995	SNK
rbff1ka	Real Bout Fatal Fury / Real Bout Garou Densetsu (Korean release, bug fix revision)	1995	SNK
rbff1	Real Bout Fatal Fury / Real Bout Garou Densetsu (NGM-095 ~ NGH-095)	1995	SNK
rbff2k	Real Bout Fatal Fury 2 - The Newcomers (Korean release)	1998	SNK
rbff2h	Real Bout Fatal Fury 2 - The Newcomers / Real Bout Garou Densetsu 2 - The Newcomers (NGH-2400)	1998	SNK
rbff2	Real Bout Fatal Fury 2 - The Newcomers / Real Bout Garou Densetsu 2 - The Newcomers (NGM-2400)	1998	SNK
rbff2bs	Real Bout Fatal Fury 2 - The Newcomers / Real Bout Garou Densetsu 2 - The Newcomers (Secret Character, Hack)	1998	hack
rbffspbs	Real Bout Fatal Fury Special / Real Bout Garou Densetsu Special (Boss, Hack)	1996	hack
rbffspeck	Real Bout Fatal Fury Special / Real Bout Garou Densetsu Special (Korean release)	1996	SNK
rbffspec	Real Bout Fatal Fury Special / Real Bout Garou Densetsu Special	1996	SNK
recalh	Recalhorn (Ver 1.42J 1994/5/11, prototype)	1994	Taito Corporation
recordbr	Recordbreaker (World)	1988	Taito Corporation Japan
redbaron	Red Baron (revised hardware)	1980	Atari
redbarona	Red Baron	1980	Atari
redbird	Red Bird (bootleg of Space Firebird)	1980	bootleg (Codematic)
redclashs	Red Clash (Suntronics)	1982	Kaneko (Suntronics license)
redclasht	Red Clash (Tehkan, set 1)	1981	Kaneko (Tehkan license)
redclashta	Red Clash (Tehkan, set 2)	1981	Kaneko (Tehkan license)
redclash	Red Clash	1981	Kaneko
redearthnr1	Red Earth (Asia 961023, NO CD)	1996	Capcom
redearthn	Red Earth (Asia 961121, NO CD)	1996	Capcom
redearthr1	Red Earth (Europe 961023)	1996	Capcom
redearth	Red Earth (Europe 961121)	1996	Capcom
redhawkc	Red Hawk (China & Hong Kong)	1997	Afega (Zhuojia Co. license)
redhawke	Red Hawk (Excellent Co., Ltd)	1997	Afega (Excellent Co. license)
redhawkb	Red Hawk (horizontal, bootleg)	1997	bootleg (Vince)
redhawkg	Red Hawk (horizontal, Greece)	1997	Afega
redhawki	Red Hawk (horizontal, Italy)	1997	Afega (Hae Dong Corp license)
redhawks	Red Hawk (horizontal, Spain, set 1)	1997	Afega (Hae Dong Corp license)
redhawksa	Red Hawk (horizontal, Spain, set 2)	1997	Afega (Hae Dong Corp license)
redhawkk	Red Hawk (Korea)	1997	Afega
redhawk	Red Hawk (USA, Canada & South America)	1997	Afega (New Vision Ent. license)
redrobin	Red Robin	1986	Elettronolo
reguluso	Regulus (315-5033)	1983	Sega
regulus	Regulus (315-5033, Rev A.)	1983	Sega
regulusu	Regulus (not encrypted)	1983	Sega
relief3	Relief Pitcher (Rev B, 10 Apr 1992 / 08 Apr 1992)	1992	Atari Games
relief2	Relief Pitcher (Rev C, 26 Apr 1992 / 08 Apr 1992)	1992	Atari Games
relief	Relief Pitcher (Rev D, 07 Jun 1992 / 28 May 1992)	1992	Atari Games
reliefs1	Relief Pitcher (System 1, prototype)	1986	Atari Games
renegadeb	Renegade (US bootleg)	1986	bootleg
renegade	Renegade (US)	1986	Technos Japan (Taito America license)
repulse	Repulse	1985	Crux / Sega
rescue	Rescue	1982	Stern Electronics
retofinvb	Return of the Invaders (bootleg, with MCU)	1985	bootleg
retofinvb1	Return of the Invaders (bootleg, without MCU, set 1)	1985	bootleg
retofinvb2	Return of the Invaders (bootleg, without MCU, set 2)	1985	bootleg
retofinvb3	Return of the Invaders (bootleg, without MCU, set 3)	1985	bootleg
retofinvbv	Return of the Invaders (Video Dens bootleg, without MCU)	1985	bootleg (Video Dens)
retofinv	Return of the Invaders	1985	Taito Corporation
jedi	Return of the Jedi	1984	Atari
revngr84	Revenger '84 (newer)	1984	Epos Corporation
revenger	Revenger '84 (older)	1984	Epos Corporation
revxp5	Revolution X (prototype, revision 5.0 5/23/94)	1994	Midway
revx1	Revolution X (revision 1.0 6/16/94)	1994	Midway
revx	Revolution X (revision 2.0 9/8/94)	1994	Midway
rezono	Rezon (earlier)	1991	Allumer
rezon	Rezon	1992	Allumer
ribbitj	Ribbit! (Japan)	1991	Sega
ribbit	Ribbit!	1991	Sega
ridleofp	Riddle of Pythagoras (Japan)	1986	Sega / Nasco
ridingfu	Riding Fight (Ver 1.0A)	1992	Taito America Corporation
ridingfj	Riding Fight (Ver 1.0J)	1992	Taito Corporation
ridingf	Riding Fight (Ver 1.0O)	1992	Taito Corporation Japan
ridhero	Riding Hero (NGM-006 ~ NGH-006)	1990	SNK
ridheroh	Riding Hero (set 2)	1990	SNK
rimrockn12	Rim Rockin' Basketball (V1.2)	1991	Strata / Incredible Technologies
rimrockn12b	Rim Rockin' Basketball (V1.2, bootleg)	1991	bootleg
rimrockn15	Rim Rockin' Basketball (V1.5)	1991	Strata / Incredible Technologies
rimrockn16	Rim Rockin' Basketball (V1.6)	1991	Strata / Incredible Technologies
rimrockn20	Rim Rockin' Basketball (V2.0)	1991	Strata / Incredible Technologies
rimrockn	Rim Rockin' Basketball (V2.2)	1991	Strata / Incredible Technologies
ringfgt	Ring Fighter (rev 1)	1984	Kaneko (Taito license)
ringfgta	Ring Fighter	1984	Kaneko (Taito license)
ringking	Ring King (US set 1)	1985	Woodplace Inc. (Data East USA license)
ringking2	Ring King (US set 2)	1985	Woodplace Inc. (Data East USA license)
ringking3	Ring King (US set 3)	1985	Woodplace Inc. (Data East USA license)
ringkingw	Ring King (US, Woodplace Inc.)	1985	Woodplace Inc.
ringohja	Ring no Ohja (Japan 2 Players ver. N)	1988	Konami
ringdesta	Ring of Destruction: Slammasters II (Asia 940831)	1994	Capcom
ringdestb	Ring of Destruction: Slammasters II (Brazil 940902)	1994	Capcom
ringdstd	Ring of Destruction: Slammasters II (Europe 940902 Phoenix Edition) (bootleg)	1994	bootleg
ringdest	Ring of Destruction: Slammasters II (Europe 940902)	1994	Capcom
ringdesth	Ring of Destruction: Slammasters II (Hispanic 940902)	1994	Capcom
ringrageu	Ring Rage (Ver 2.3A 1992/08/09)	1992	Taito America Corporation
ringragej	Ring Rage (Ver 2.3J 1992/08/09)	1992	Taito Corporation
ringrage	Ring Rage (Ver 2.3O 1992/08/09)	1992	Taito Corporation Japan
riot	Riot (NMK)	1992	Tecmo (NMK license)
riotw	Riot (Woong Bi)	1992	Tecmo (Woong Bi license)
riotcity	Riot City (Japan)	1991	Sega / Westone
ripcord	Rip Cord	1979	Exidy
riskchal	Risky Challenge	1993	Irem
rpatrolb	River Patrol (bootleg)	1981	bootleg
rpatrol	River Patrol (Japan)	1981	Orca
rpatroln	River Patrol (Japan, unprotected)	1981	Orca
roadblstcg	Road Blasters (cockpit, German, rev 1)	1987	Atari Games
roadblstc1	Road Blasters (cockpit, rev 1)	1987	Atari Games
roadblstc	Road Blasters (cockpit, rev 2)	1987	Atari Games
roadblstg1	Road Blasters (upright, German, rev 1)	1987	Atari Games
roadblstg2	Road Blasters (upright, German, rev 2)	1987	Atari Games
roadblstg	Road Blasters (upright, German, rev 3)	1987	Atari Games
roadblstgu	Road Blasters (upright, German, rev ?)	1987	Atari Games
roadblst1	Road Blasters (upright, rev 1)	1987	Atari Games
roadblst2	Road Blasters (upright, rev 2)	1987	Atari Games
roadblst3	Road Blasters (upright, rev 3)	1987	Atari Games
roadblst	Road Blasters (upright, rev 4)	1987	Atari Games
roadf	Road Fighter (set 1)	1984	Konami
roadf2	Road Fighter (set 2)	1984	Konami
roadf3	Road Fighter (set 3, conversion hack on Hyper Sports PCB)	1984	hack
roadrunn1	Road Runner (rev 1)	1985	Atari Games
roadrunn2	Road Runner (rev 1+)	1985	Atari Games
roadrunn	Road Runner (rev 2)	1985	Atari Games
roboarmya	Robo Army (NGM-032 ~ NGH-032)	1991	SNK
roboarmy	Robo Army	1991	SNK
robowres	Robo Wres 2001	1986	Sanritsu / Sega
robocopi	Robocop (FMV Demo)	2009	Sergi
robocopj	Robocop (Japan)	1988	Data East Corporation
robocopb2	Robocop (Red Corporation World bootleg)	1989	bootleg
robocopu0	Robocop (US, revision 0)	1988	Data East USA
robocopu	Robocop (US, revision 1)	1988	Data East USA
robocopb	Robocop (World bootleg)	1988	bootleg
robocopw	Robocop (World, revision 3)	1988	Data East Corporation
robocop	Robocop (World, revision 4)	1988	Data East Corporation
robocop2	Robocop 2 (Euro/Asia v0.10)	1991	Data East Corporation
robocop2j	Robocop 2 (Japan v0.11)	1991	Data East Corporation
robocop2ua	Robocop 2 (US v0.05)	1991	Data East Corporation
robocop2u	Robocop 2 (US v0.10)	1991	Data East Corporation
robotbwl	Robot Bowl	1977	Exidy
robotron87	Robotron: 2084 (1987 'shot-in-the-corner' bugfix)	1987	hack
robotron12	Robotron: 2084 (2012 'wave 201 start' hack)	2012	hack
robotrontd	Robotron: 2084 (2015 'tie-die V2' hack)	2015	hack
robotronr3	Robotron: 2084 (Release 3)	1982	Williams / Vid Kidz
robotron	Robotron: 2084 (Solid Blue label)	1982	Williams / Vid Kidz
robotronun	Robotron: 2084 (Unidesa license)	1982	Williams / Vid Kidz (Unidesa license)
robotronyo	Robotron: 2084 (Yellow/Orange label)	1982	Williams / Vid Kidz
rocnropek	Roc'n Rope (Kosuka)	1983	Konami (Kosuka license)
rocnrope	Roc'n Rope	1983	Konami
rockclim	Rock Climber	1981	Taito
rockduck	Rock Duck (prototype?)	1983	Datel SAS
rocktris	Rock Tris	1994?	Yun Sung
rockn3	Rock'n 3 (Japan)	1999	Jaleco
rockn4	Rock'n 4 (Japan, prototype)	2000	Jaleco / PCCWJ
rockragea	Rock'n Rage (prototype?)	1986	Konami
rockrage	Rock'n Rage (World)	1986	Konami
rockn	Rock'n Tread (Japan)	1999	Jaleco
rockna	Rock'n Tread (Japan, alternate)	1999	Jaleco
rockn2	Rock'n Tread 2 (Japan)	1999	Jaleco
rockman2j	Rockman 2: The Power Fighters (Japan 960708)	1996	Capcom
rockmanj	Rockman: The Power Battle (CPS1, Japan 950922)	1995	Capcom
rmancp2j	Rockman: The Power Battle (CPS2, Japan 950922)	1995	Capcom
rodlandjb2	Rod-Land (Japan bootleg with unencrypted program and GFX)	1990	bootleg
rodlandjb	Rod-Land (Japan bootleg with unencrypted program)	1990	bootleg
rodlandj	Rod-Land (Japan)	1990	Jaleco
rodland	Rod-Land (World, set 1)	1990	Jaleco
rodlanda	Rod-Land (World, set 2)	1990	Jaleco
rohga1	Rohga: Armor Force (Asia/Europe v3.0 set 1)	1991	Data East Corporation
rohga2	Rohga: Armor Force (Asia/Europe v3.0 set 2)	1991	Data East Corporation
rohga	Rohga: Armor Force (Asia/Europe v5.0)	1991	Data East Corporation
rohgah	Rohga: Armor Force (Hong Kong v3.0)	1991	Data East Corporation
rohgau	Rohga: Armor Force (US v1.0)	1991	Data East Corporation
rollace	Roller Aces (set 1)	1983	Kaneko (Williams license)
rollace2	Roller Aces (set 2)	1983	Kaneko (Williams license)
rjammer	Roller Jammer	1984	Nichibutsu / Alice
rollerga	Rollergames (Asia)	1991	Konami
rollergj	Rollergames (Japan)	1991	Konami
rollerg	Rollergames (US)	1991	Konami
rolcrusha	Rolling Crush (version 1.03.E - 1999/01/29)	1999	SemiCom / Exit
rolcrush	Rolling Crush (version 1.07.E - 1999/02/11, Trust license)	1999	SemiCom / Exit (Trust license)
rthunder0	Rolling Thunder (oldest)	1986	Namco
rthunder1	Rolling Thunder (rev 1)	1986	Namco
rthunder2	Rolling Thunder (rev 2)	1986	Namco
rthunder	Rolling Thunder (rev 3)	1986	Namco
rthundera	Rolling Thunder (rev 3, hack)	1986	bootleg
rthun2j	Rolling Thunder 2 (Japan)	1990	Namco
rthun2	Rolling Thunder 2	1990	Namco
rompers	Rompers (Japan, new version (Rev B))	1989	Namco
romperso	Rompers (Japan, old version)	1989	Namco
clapapa2	Rootin' Tootin' (DECO Cassette) (US)	1983	Data East Corporation
clapapa	Rootin' Tootin' / La-Pa-Pa (DECO Cassette) (US)	1983	Data East Corporation
ropeman	Ropeman (bootleg of Roc'n Rope)	1983	bootleg
roughrac	Rough Racer (Japan, Floppy Based, FD1094 317-0058-06b)	1990	Sega
rranger	Rough Ranger (v2.0)	1988	SunA (Sharp Image license)
rrangerb	Rough Ranger (v2.0, bootleg)	1988	bootleg
roundup	Round-Up	1981	Taito Corporation (Amenip/Centuri license)
route16bl	Route 16 (bootleg, set 1)	1981	bootleg (Leisure and Allied)
route16bl2	Route 16 (bootleg, set 2)	1981	bootleg
route16a	Route 16 (Centuri license, set 1)	1981	Sun Electronics / Tehkan (Centuri license)
route16b	Route 16 (Centuri license, set 2)	1981	Sun Electronics / Tehkan (Centuri license)
route16c	Route 16 (Centuri license, set 3, bootleg?)	1981	Sun Electronics / Tehkan (Centuri license)
route16	Route 16 (Sun Electronics, set 1)	1981	Sun Electronics
route16d	Route 16 (Sun Electronics, set 2)	1981	Sun Electronics
routex	Route X (bootleg, set 1)	1981	bootleg
routexa	Route X (bootleg, set 2)	1981	bootleg
rugrats	Rug Rats	1983	Nichibutsu
rumba	Rumba Lumber (rev 1)	1984	Taito
rundeep	Run Deep	1988	Cream Co., Ltd.
runrun	Run Run (Do! Run Run bootleg)	1984	bootleg
runark	Runark (Japan)	1990	Taito Corporation
rushcrsh	Rush & Crash (Japan)	1986	Capcom
rushatck	Rush'n Attack (US)	1985	Konami
rygar	Rygar (US set 1)	1986	Tecmo
rygar2	Rygar (US set 2)	1986	Tecmo
rygar3	Rygar (US set 3 Old Version)	1986	Tecmo
rygarb	Rygar (US, bootleg)	1986	Tecmo
ryujina	Ryu Jin (Japan, ET910000A PCB)	1993	Taito Corporation
ryujin	Ryu Jin (Japan, ET910000B PCB)	1993	Taito Corporation
ryukyud	RyuKyu (Japan) (bootleg of FD1094 317-5023 set)	1990	bootleg
ryukyua	RyuKyu (Japan) (FD1094 317-5023)	1990	Success / Sega
ryukyu	RyuKyu (Rev A, Japan) (FD1094 317-5023A)	1990	Success / Sega
kirarast	Ryuusei Janshi Kirara Star	1996	Jaleco
sosterm	S.O.S.	198?	Terminal
spyu	S.P.Y. - Special Project Y (US ver. M)	1989	Konami
spy	S.P.Y. - Special Project Y (World ver. N)	1989	Konami
srdmissn	S.R.D. Mission	1986	Kyugo / Taito Corporation
ssmissin	S.S. Mission	1992	Comad
svgpcb	S.V.G. - Spectral vs Generation / Sheng Mo Shiji (M68k label V100JP) (ARM label V100JP, ROM 05/12/05 S.V.G V100) (Japan, JAMMA PCB)	2005	IGS / Idea Factory (AMI license)
svghk	S.V.G. - Spectral vs Generation / Sheng Mo Shiji (M68k label V101HK) (ARM label V101HK, ROM 06/20/05 S.V.G V100)	2005	IGS / Idea Factory
svg	S.V.G. - Spectral vs Generation / Sheng Mo Shiji (M68k label V200) (ARM label V200, ROM 10/11/05 S.V.G V201)	2005	IGS / Idea Factory
sabotenb	Saboten Bombers (set 1)	1992	NMK / Tecmo
sabotenba	Saboten Bombers (set 2)	1992	NMK / Tecmo
sadari	Sadari (Japan, NTC license)	1993	Dooyong (NTC license)
safarirj	Safari Rally (Japan)	1979	SNK
safarir	Safari Rally (World)	1979	SNK (Taito license)
sagaia	Sagaia (dual screen) (World)	1989	Taito Corporation Japan
saiyugoub1	Sai Yu Gou Ma Roku (Japan bootleg 1)	1988	bootleg
saiyugoub2	Sai Yu Gou Ma Roku (Japan bootleg 2)	1988	bootleg
saiyugou	Sai Yu Gou Ma Roku (Japan)	1988	Technos Japan
nspiritj	Saigo no Nindou (Japan)	1988	Irem
stdragonb	Saint Dragon (bootleg)	1989	bootleg
stdragon	Saint Dragon (set 1)	1989	Jaleco
stdragona	Saint Dragon (set 2)	1989	Jaleco
salamandt	Salamander (Tecfri license)	1986	Konami (Tecfri license)
salamand	Salamander (version D)	1986	Konami
salamandj	Salamander (version J)	1986	Konami
samesame	Same! Same! Same! (Japan, 1P set)	1989	Toaplan
samesamenh	Same! Same! Same! (Japan, 1P set, NEW VER! hack)	2015	hack (trap15)
samesame2	Same! Same! Same! (Japan, 2P set)	1989	Toaplan
samuraij	Samurai (Japan)	1980	Sega
samurai	Samurai (World)	1980	Sega
samuraiak	Samurai Aces (Korea?)	1993	Psikyo (Banpresto license)
samuraia	Samurai Aces (World)	1993	Psikyo (Banpresto license)
tsamuraih	Samurai Nihon-Ichi (bootleg, harder)	1985	bootleg
tsamurai	Samurai Nihon-Ichi (rev 1)	1985	Kaneko / Taito
tsamuraia	Samurai Nihon-Ichi	1985	Kaneko / Taito
samshobs	Samurai Shodown / Samurai Spirits (Boss, Hack)	2003	hack
samshoh	Samurai Shodown / Samurai Spirits (NGH-045)	1993	SNK
samsho	Samurai Shodown / Samurai Spirits (NGM-045)	1993	SNK
samshoa	Samurai Shodown / Samurai Spirits (NGM-045, alt board)	1993	SNK
samsh2jq	Samurai Shodown II / Shin Samurai Spirits - Haohmaru Jigokuhen (Infinite Power, Hack)	2023	hack
ssho2emb	Samurai Shodown II / Shin Samurai Spirits - Haohmaru Jigokuhen (Move Modeasy Special Attacks V4, Hack)	2009	hack
samsho2	Samurai Shodown II / Shin Samurai Spirits - Haohmaru Jigokuhen (NGM-063 ~ NGH-063)	1994	SNK
samsho2t	Samurai Shodown II / Shin Samurai Spirits - Haohmaru Jigokuhen (Optimized, Hack)	2020	hack
samsho2pe	Samurai Shodown II / Shin Samurai Spirits - Haohmaru Jigokuhen (Perfect V. 2.9, Hack)	2023-26	Bear
samsh2sp	Samurai Shodown II / Shin Samurai Spirits - Haohmaru Jigokuhen (Special 2017, Hack)	2023	hack
samsh3bs	Samurai Shodown III / Samurai Spirits - Zankurou Musouken (Boss, Hack)	2003	hack
samsho3h	Samurai Shodown III / Samurai Spirits - Zankurou Musouken (NGH-087)	1995	SNK
samsho3	Samurai Shodown III / Samurai Spirits - Zankurou Musouken (NGM-087)	1995	SNK
samsho3en	Samurai Shodown III Enhanced (bootleg)	2010	bootleg
samsh4bs	Samurai Shodown IV - Amakusa's Revenge / Samurai Spirits - Amakusa Kourin (Boss, Hack)	2004	hack
samsho4	Samurai Shodown IV - Amakusa's Revenge / Samurai Spirits - Amakusa Kourin (NGM-222 ~ NGH-222)	1996	SNK
samsh4sp	Samurai Shodown IV - Amakusa's Revenge / Samurai Spirits - Amakusa Kourin (Special 2017, Hack)	2017	hack
samsho5b	Samurai Shodown V / Samurai Spirits Zero (bootleg)	2003	bootleg
samsh5bs	Samurai Shodown V / Samurai Spirits Zero (Boss, Hack)	2004	hack
samsh5fd	Samurai Shodown V / Samurai Spirits Zero (Fully Decrypted)	2003	Yuki Enterprise / SNK Playmore
samsho5x	Samurai Shodown V / Samurai Spirits Zero (hack of XBOX version)	2013	hack
samsho5h	Samurai Shodown V / Samurai Spirits Zero (NGH-2700)	2003	Yuki Enterprise / SNK Playmore
samsho5	Samurai Shodown V / Samurai Spirits Zero (NGM-2700, set 1)	2003	Yuki Enterprise / SNK Playmore
samsho5a	Samurai Shodown V / Samurai Spirits Zero (NGM-2700, set 2)	2003	Yuki Enterprise / SNK Playmore
samsh5pf	Samurai Shodown V Perfect / Samurai Spirits Zero Perfect (bootleg, hack)	2020	bootleg
ss5spfd	Samurai Shodown V Special / Samurai Spirits Zero Special (Fully Decrypted)	2004	Yuki Enterprise / SNK Playmore
samsh5spho	Samurai Shodown V Special / Samurai Spirits Zero Special (NGH-2720, 1st release, censored)	2004	Yuki Enterprise / SNK Playmore
samsh5sph	Samurai Shodown V Special / Samurai Spirits Zero Special (NGH-2720, 2nd release, less censored)	2004	Yuki Enterprise / SNK Playmore
samsh5fe	Samurai Shodown V Special / Samurai Spirits Zero Special (NGM-272) (NGH-272) (Final Edition, location test version)	2004	Yuki Enterprise / SNK Playmore
samsh5sp	Samurai Shodown V Special / Samurai Spirits Zero Special (NGM-2720)	2004	Yuki Enterprise / SNK Playmore
kovsgqyz	San Guo Qun Ying Zhuan - Zheng Zong Plus (bootleg of Knights of Valour Plus, set 1)	1999	bootleg
kovsgqyza	San Guo Qun Ying Zhuan - Zheng Zong Plus (bootleg of Knights of Valour Plus, set 2)	1999	bootleg
kovsgqyzb	San Guo Qun Ying Zhuan - Zheng Zong Plus (bootleg of Knights of Valour Plus, set 3)	1999	bootleg
kovsgqyzc	San Guo Qun Ying Zhuan - Zheng Zong Plus (bootleg of Knights of Valour Plus, set 4)	1999	ANX
kovsgqyzd	San Guo Qun Ying Zhuan - Zheng Zong Plus (bootleg of Knights of Valour Plus, set 5)	1999	ANX
kov2pfwll	San Guo Zhan Ji 2 - Feng Wu Long Yin (ver. 205S, Hack of San Guo Zhan Ji 2 - Qun Xiong Zheng Ba)	2021	Hack
kov2pfwlys	San Guo Zhan Ji 2 - Feng Wu Long Yin (ver. S0709, Hack of San Guo Zhan Ji 2 - Qun Xiong Zheng Ba)	2021	Hack
wofsjs	San Jian Sheng (Chinese bootleg of Sangokushi II, set 1)	1992	bootleg
wofsjsa	San Jian Sheng (Chinese bootleg of Sangokushi II, set 2)	1992	bootleg
wofsjsb	San Jian Sheng (Chinese bootleg of Sangokushi II, set 3)	1992	bootleg
sandscrpa	Sand Scorpion (Earlier)	1992	Face
sandscrp	Sand Scorpion	1992	Face
kovshxsh	Sangoku Senki Super Heroes - Evil & Darkness Plus (Hack)	2021	hack
wofa	Sangokushi II (Asia 921005)	1992	Capcom
wofah	Sangokushi II (Asia 921005, hack, set 1)	1992	hack
wofaha	Sangokushi II (Asia 921005, hack, set 2)	1992	hack
wofahb	Sangokushi II (Asia 921005, hack, set 3)	1992	hack
wofabl	Sangokushi II (bootleg, set 1)	1992	bootleg
wofabla	Sangokushi II (bootleg, set 2)	1992	bootleg
wofc	Sangokushi II (hack, Chinese Translation)	2013	hack
wofssj	Sangokushi II: San Sheng Jian (Chinese bootleg, set 1)	1992	bootleg
wofssja	Sangokushi II: San Sheng Jian (Chinese bootleg, set 2)	1992	bootleg
wofsj	Sangokushi II: Sheng Jian (Chinese bootleg, set 1)	1992	bootleg
wofsja	Sangokushi II: Sheng Jian (Chinese bootleg, set 2)	1992	bootleg
wofsjb	Sangokushi II: Sheng Jian (Chinese bootleg, set 3)	1992	bootleg
wofchdx	Sangokushi III Gaiden: Kakou-On's Revenge DX (hack)	2018	hack
sgyxz	SanGuo YingXiongZhuan (Chinese bootleg of Sangokushi II, set 1)	1999	bootleg (All-In Electronic)
sgyxza	SanGuo YingXiongZhuan (Chinese bootleg of Sangokushi II, set 2)	1999	bootleg (All-In Electronic)
sgyxzb	SanGuo YingXiongZhuan (Chinese bootleg of Sangokushi II, set 3)	1999	bootleg (All-In Electronic)
kovphsqj	Sanguo Zhan Ji - Heng Sao Qian Jun (Hack)	2023	hack
kovlsyx	Sanguo Zhan Ji - Luan Shi Ying Xiong	2014	hack
kovpxba	Sanguo Zhan Ji - Xiao Bing Zheng Ba (Ver.A, Hack)	2018	hack
kovpxbb	Sanguo Zhan Ji - Xiao Bing Zheng Ba (Ver.B, Hack)	2018	hack
kovptstd	Sanguo Zhan Ji - Zhen Tun Shi Tian Di (Hack)	2023	hack
kov2nl_300cn	Sanguo Zhan Ji 2 Gaishi Yingxiong (V300, China)	2008	IGS (Huatong license)
kov2nl_301cn	Sanguo Zhan Ji 2 Gaishi Yingxiong (V301, China)	2008	IGS (Huatong license)
kov2nl_302cn	Sanguo Zhan Ji 2 Gaishi Yingxiong (V302, China)	2008	IGS (Huatong license)
wofsgzb	Sanguo Zhengba (Chinese bootleg of Sangokushi II)	2005	bootleg
3kokushi	Sankokushi (Japan)	1996	Mitchell
ssanchan	Sanrin San Chan (Japan, 315-5096)	1984	Sega
santaball	SantaBall - Christmas Tennis Game (HB)	2012	M.Priewe, NeoHomeBrew
searcharj	SAR - Search And Rescue (Japan version 3)	1989	SNK
searcharu	SAR - Search And Rescue (US)	1989	SNK
searchar	SAR - Search And Rescue (World)	1989	SNK
sarge	Sarge	1985	Bally Midway
sarukani	Saru-Kani-Hamu-Zou (Japan)	1997	Kaneko / Mediaworks
sasuke	Sasuke vs. Commander (set 1)	1980	SNK
sasukea	Sasuke vs. Commander (set 2)	1980	SNK
satansatind	Satan of Saturn (Inder S.A., bootleg)	1981	bootleg (Inder S.A.)
satansat	Satan of Saturn (set 1)	1981	SNK
satansata	Satan of Saturn (set 2)	1981	SNK
shollow	Satan's Hollow (set 1)	1981	Bally Midway
shollow2	Satan's Hollow (set 2)	1981	Bally Midway
slampic	Saturday Night Slam Masters (bootleg with PIC16C57, set 1)	1993	bootleg
slampic2	Saturday Night Slam Masters (bootleg with PIC16C57, set 2)	1993	bootleg
slammastu	Saturday Night Slam Masters (USA 930713)	1993	Capcom
slammast	Saturday Night Slam Masters (World 930713)	1993	Capcom
saturnzi	Saturn	1983	Zilec Electronics / Jaleco
samsho2k	Saulabi Spirits / Jin Saulabi Tu Hon (Korean release of Samurai Shodown II, set 1)	1994	SNK
samsho2ka	Saulabi Spirits / Jin Saulabi Tu Hon (Korean release of Samurai Shodown II, set 2)	1994	SNK
saurnfrnt	Saurian Front (proto v5.0 8/07/90)	1991	Williams
saurobl	Sauro (bootleg)	1987	bootleg
saurop	Sauro (Philko license)	1987	Tecfri (Philko license)
saurorr	Sauro (Recreativos Real S.A. license)	1987	Tecfri (Recreativos Real S.A. license)
sauro	Sauro (set 1)	1987	Tecfri
sauroa	Sauro (set 2)	1987	Tecfri
saurob	Sauro (set 3)	1987	Tecfri
sauroc	Sauro (set 4, easier)	1987	Tecfri
savgbees	Savage Bees	1985	Capcom (Memetron license)
savagereb	Savage Reign / Fu'un Mokushiroku - Kakutou Sousei (Boss Hack)	1995	Yumeji, Dodowang[EGCG]
savagerp	Savage Reign / Fu'un Mokushiroku - Kakutou Sousei (Plus, Hack)	2015	hack
savagere	Savage Reign / Fu'un Mokushiroku - Kakutou Sousei	1995	SNK
spacewin	Scacco Matto / Space Win	1996	Playmark
schmeisr	Schmeiser Robo (Japan)	1993	Hot-B
scionc	Scion (Cinematronics)	1984	Seibu Denshi (Cinematronics license)
scion	Scion	1984	Seibu Denshi
scotrsht	Scooter Shooter	1985	Konami
scorpionmc	Scorpion (Moon Cresta hardware)	19??	bootleg? (Dorneer)
scorpion	Scorpion (set 1)	1982	Zaccaria
scorpiona	Scorpion (set 2)	1982	Zaccaria
scorpionb	Scorpion (set 3)	1982	Zaccaria
scramblb	Scramble (bootleg on Galaxian hardware)	1981	bootleg
scramb2	Scramble (bootleg, set 1)	1981	bootleg
scramblebb	Scramble (bootleg?)	1981	bootleg?
scramce	Scramble (Centromatic S.A., Spanish bootleg)	1981	bootleg (Centromatic S.A.)
scramblebf	Scramble (Karateco, French bootleg)	1981	bootleg (Karateco)
scrampt	Scramble (Petaco S.A., Spanish bootleg)	1981	bootleg (Petaco S.A.)
scrambler	Scramble (Reben S.A. Spanish bootleg)	1981	bootleg (Reben S.A.)
scramrf	Scramble (Recreativos Franco, Spanish bootleg)	1981	bootleg (Recreativos Franco)
scrambles	Scramble (Stern Electronics, set 1)	1981	Konami (Stern Electronics license)
sspiritj	Scramble Spirits (Japan, Floppy DS3-5000-02-REV-A Based)	1988	Sega
sspirits	Scramble Spirits (World, Floppy Based)	1988	Sega
sspirtfc	Scramble Spirits (World, Floppy Based, FD1094 317-0058-02c)	1988	Sega
scregg	Scrambled Egg	1983	Technos Japan
scramble	Scramble	1981	Konami
screwloo	Screw Loose (prototype)	1983	Mylstar
cscrtry	Scrum Try (DECO Cassette) (US) (set 1)	1984	Data East Corporation
cscrtry2	Scrum Try (DECO Cassette) (US) (set 2)	1984	Data East Corporation
scudhamma	Scud Hammer (older version?)	1994	Jaleco
scudhamm	Scud Hammer (ver 1.4)	1994	Jaleco
sdfight	SD Fighters (Korea)	1996	SemiCom / Tirano
neobattl	SD Gundam Neo Battling (Japan)	1992	Banpresto
sdgndmps	SD Gundam Psycho Salamander no Kyoui	1991	Banpresto / Bandai
grainbow	SD Gundam Sangokushi Rainbow Tairiku Senki (Japan)	1993	Banpresto
grainbowk	SD Gundam Sangokushi Rainbow Tairiku Senki (Korea)	1993	Banpresto
sdibl	SDI - Strategic Defense Initiative (bootleg, original hardware)	1987	bootleg
sdibl2	SDI - Strategic Defense Initiative (bootleg, set 1)	1987	bootleg
sdibl3	SDI - Strategic Defense Initiative (bootleg, set 2)	1987	bootleg
sdibl4	SDI - Strategic Defense Initiative (bootleg, set 3)	1987	bootleg
sdibl5	SDI - Strategic Defense Initiative (bootleg, set 4)	1987	bootleg
sdibl6	SDI - Strategic Defense Initiative (bootleg, set 5)	1987	bootleg
sdi	SDI - Strategic Defense Initiative (Japan, newer, System 16A, FD1089B 317-0027)	1987	Sega
sdia	SDI - Strategic Defense Initiative (Japan, old, System 16A, FD1089B 317-0027)	1987	Sega
sdib	SDI - Strategic Defense Initiative (System 16B, FD1089A 317-0028)	1987	Sega
sfposeid	Sea Fighter Poseidon	1984	Taito Corporation
seawolft	Sea Wolf (Tecfri)	1987	Tecfri
seawolf2	Sea Wolf II	1978	Dave Nutting Associates / Midway
searchey	Search Eye (English / Korean / Japanese / Italian)	1999	Yun Sung
searcheya	Search Eye (English / Korean)	1999	Yun Sung
searchp2	Search Eye Plus V2.0	1999	Yun Sung
secretagj	Secret Agent (Japan, revision 2)	1989	Data East Corporation
secretag	Secret Agent (World, revision 3)	1989	Data East Corporation
sectionza	Section Z (Japan, rev. A)	1985	Capcom
sectionz	Section Z (US)	1985	Capcom
sectrzont	Sector Zone (bootleg)	1984	bootleg (Tecfri)
sectrzon	Sector Zone (set 1)	1984	Nichibutsu / Alice
sectrzona	Sector Zone (set 2)	1984	Nichibutsu / Alice
seganinj	Sega Ninja (315-5102)	1985	Sega
seganinja	Sega Ninja (315-5113)	1985	Sega
seganinju	Sega Ninja (not encrypted)	1985	Sega
ssonicbr	SegaSonic Bros. (prototype, hack)	1992	hack
sonicfgtj	SegaSonic Cosmo Fighter (Japan)	1993	Sega
sonicfgt	SegaSonic Cosmo Fighter (World)	1993	Sega
sonicp	SegaSonic The Hedgehog (Japan, prototype)	1992	Sega
sonic	SegaSonic The Hedgehog (Japan, rev. C)	1992	Sega
amatelas	Sei Senshi Amatelass	1986	Nichibutsu
seicross	Seicross (set 1)	1984	Nichibutsu / Alice
seicrossa	Seicross (set 2)	1984	Nichibutsu / Alice
sscandal	Seishun Scandal (315-5132, Japan)	1985	Coreland / Sega
selfeena	Sel Feena	1991	East Technology
grdnstrmj	Sen Jing - Guardian Storm (Japan)	1998	Afega
senknow	Sen-Know (Japan)	1999	Kaneko / Kouyousha
sengekis	Sengeki Striker (Asia)	1997	Kaneko / Warashi
sengekisj	Sengeki Striker (Japan)	1997	Kaneko / Warashi
sengokuh	Sengoku / Sengoku Denshou (NGH-017, US)	1991	SNK
sengoku	Sengoku / Sengoku Denshou (NGM-017 ~ NGH-017)	1991	SNK
sengoku2rb	Sengoku 2 / Sengoku Denshou 2 (Hack, Red Blood v1.14)	2026	Raphael-Boichot
sengoku2	Sengoku 2 / Sengoku Denshou 2	1993	SNK
sengk3fs	Sengoku 3 / Sengoku Densho 2001 (Demeanor, Hack)	2020	hack
sengoku3s	Sengoku 3 / Sengoku Densho 2001 (Evolution 1.0, FCHT hack)	2001	hack
sengk3fd	Sengoku 3 / Sengoku Densho 2001 (Fully Decrypted)	2001	Noise Factory / SNK
sengk3eb	Sengoku 3 / Sengoku Densho 2001 (Green Blue, Hack)	2010-2013	hack
sengok3i	Sengoku 3 / Sengoku Densho 2001 (Infinite Power, Hack)	2020	hack
sengoku3	Sengoku 3 / Sengoku Densho 2001 (set 1)	2001	Noise Factory / SNK
sengoku3a	Sengoku 3 / Sengoku Densho 2001 (set 2)	2001	Noise Factory / SNK
sngkace	Sengoku Ace (Japan, set 1)	1993	Psikyo (Banpresto license)
sngkacea	Sengoku Ace (Japan, set 2)	1993	Psikyo (Banpresto license)
tengaij	Sengoku Blade: Sengoku Ace Episode II (Japan) / Tengai (World)	1996	Psikyo
mercsc	Senjo no Ookami II (hack, Chinese Translation)	1990	hack
commandoj	Senjou no Ookami (Japan)	1985	Capcom
mercsj	Senjou no Ookami II (Japan 900302)	1990	Capcom
senjyo	Senjyo	1983	Tehkan
senkyua	Senkyu (Japan, earlier)	1995	Seibu Kaihatsu
senkyu	Senkyu (Japan, newer)	1995	Seibu Kaihatsu
sfx	SF-X	1983	Nihon Game (Nichibutsu license)
shackled	Shackled (US)	1986	Data East USA
shdancerj	Shadow Dancer (Japan)	1989	Sega
shdancer1	Shadow Dancer (US)	1989	Sega
shdancer	Shadow Dancer (World)	1989	Sega
shadfrceu	Shadow Force (US, Version 2)	1993	Technos Japan
shadfrce	Shadow Force (World, Version 3)	1993	Technos Japan
shadfrcej	Shadow Force - Henshin Ninja (Japan, Version 2)	1993	Technos Japan
sgz	Shadow Gangs Zero (Backers Demo V1.0)	2026	JKM Corp.
beast	Shadow of the Beast (Neo Geo demo)	????	Jeff Kurtz
shadoww	Shadow Warriors (World, set 1)	1988	Tecmo
shadowwa	Shadow Warriors (World, set 2)	1988	Tecmo
shadowld	Shadowland (YD3)	1987	Namco
shangha3j	Shanghai III (Japan)	1993	Sunsoft
shangha3u	Shanghai III (US)	1993	Sunsoft
shangha3up	Shanghai III (US, prototype)	1993	Sunsoft
shangha3	Shanghai III (World)	1993	Sunsoft
shangkid	Shanghai Kid	1985	Taiyo System (Data East license)
pgm3in1c100	Shanliang San He Yi (Flash 3-in-1) (V100 07/13/04 12:09:20)	2004	IGS
pgm3in1	Shanliang San He Yi (Flash 3-in-1) (V102 08/23/04 13:03:26)	2004	IGS
shaolins	Shao-lin's Road (set 1)	1985	Konami
shaolinb	Shao-lin's Road (set 2)	1985	Konami
sharkatt	Shark Attack	1980	Pacific Novelty
mikiek	Shin-ip Sawon - Seok Dol-i	1984	bootleg
tshingen	Shingen Samurai-Fighter (Japan, English)	1988	Jaleco
mikiej	Shinnyuushain Tooru-kun	1984	Konami
shinoblb	Shinobi (Beta bootleg)	1987	bootleg (Beta)
shinobi1d	Shinobi (set 1, System 16A) (bootleg of FD1094 317-0050 set)	1987	bootleg
shinobi1	Shinobi (set 1, System 16A) (FD1094 317-0050)	1987	Sega
shinobi2d	Shinobi (set 2, System 16B) (bootleg of FD1094 317-0049 set)	1987	bootleg
shinobi2	Shinobi (set 2, System 16B) (FD1094 317-0049)	1987	Sega
shinobi3	Shinobi (set 3, System 16B) (MC-8123B 317-0054)	1987	Sega
shinobi4	Shinobi (set 4, System 16B) (MC-8123B 317-0054)	1987	Sega
shinobi5	Shinobi (set 5, System 16B) (unprotected)	1987	Sega
shinobi	Shinobi (set 6, System 16A) (unprotected)	1987	Sega
shinobi6	Shinobi (set 6, System 16B) (unprotected)	1987	Sega
shinobls	Shinobi (Star bootleg, set 1, System 16A)	1987	bootleg (Star)
shinobls2	Shinobi (Star bootleg, set 2, System 16A)	1987	bootleg (Star)
shinfz	Shinobi / FZ-2006 (Korean System 16 bootleg) (ISG Selection Master Type 2006)	2008	bootleg (ISG)
shinobing	Shinobi Neo Geo (HB, v1.1)	2024	Hoffman
shinygld	Shiny Golds	1996	Playmark
shippumd	Shippu Mahou Daisakusen (Japan)	1994	Raizing / Eighting
shisen	Shisensho - Joshiryo-Hen (Japan, set 1)	1989	Tamtex
shisena	Shisensho - Joshiryo-Hen (Japan, set 2)	1989	Tamtex
shisen2	Shisensho II	1993	Tamtex
shocktro	Shock Troopers (set 1)	1997	Saurus
shocktroa	Shock Troopers (set 2)	1997	Saurus
shocktr2	Shock Troopers - 2nd Squad	1998	Saurus
shockingk	Shocking (Korea, set 1)	1997	Yun Sung
shockingko	Shocking (Korea, set 2)	1997	Yun Sung
shocking	Shocking	1997	Yun Sung
shogwarrk	Shogun Warriors (Korea?)	1992	Kaneko
shogwarru	Shogun Warriors (US)	1992	Kaneko
shogwarr	Shogun Warriors (World)	1992	Kaneko
shootoutj	Shoot Out (Japan)	1985	Data East Corporation
shootoutb	Shoot Out (Korean Bootleg)	1985	bootleg
shootout	Shoot Out (US)	1985	Data East USA
shtngmst	Shooting Master (8751 315-5159a)	1985	Sega
shtriderb	Shot Rider (bootleg)	1985	bootleg
shtridera	Shot Rider (Sigma license)	1984	Seibu Kaihatsu (Sigma license)
shtrider	Shot Rider	1985	Seibu Kaihatsu
moshougi	Shougi no Tatsujin - Master of Shougi	1995	ADK / SNK
showdown4	Showdown (version 4.0)	1988	Exidy
showdown	Showdown (version 5.0)	1988	Exidy
shufshot135	Shuffleshot (v1.35)	1997	Incredible Technologies
shufshot137	Shuffleshot (v1.37)	1997	Incredible Technologies
shufshot138	Shuffleshot (v1.38)	1997	Incredible Technologies
shufshot139	Shuffleshot (v1.39)	1997	Incredible Technologies
shufshot	Shuffleshot (v1.40)	1997	Incredible Technologies
shuuz2	Shuuz (version 7.1)	1990	Atari Games
shuuz	Shuuz (version 8.0)	1990	Atari Games
sichuan2	Sichuan II (bootleg, set 1)	1989	bootleg
sichuan2a	Sichuan II (bootleg, set 2)	1989	bootleg
sidearmsj	Side Arms - Hyper Dyne (Japan, 861128)	1986	Capcom
sidearmsur1	Side Arms - Hyper Dyne (US, 861128)	1986	Capcom (Romstar license)
sidearmsu	Side Arms - Hyper Dyne (US, 861202)	1986	Capcom (Romstar license)
sidearms	Side Arms - Hyper Dyne (World, 861129)	1986	Capcom
sidepcktb	Side Pocket (bootleg, set 1)	1986	bootleg
sidepcktb2	Side Pocket (bootleg, set 2)	1986	bootleg
sidepcktj	Side Pocket (Japan, Cocktail)	1986	Data East Corporation
sidepckt	Side Pocket (World)	1986	Data East Corporation
sidetrac	Side Trak	1979	Exidy
silentdj	Silent Dragon (Japan)	1992	Taito Corporation
silentdu	Silent Dragon (US)	1992	Taito America Corporation
silentd	Silent Dragon (World)	1992	Taito Corporation Japan
silkwormb	Silk Worm (bootleg, set 1)	1988	bootleg
silkwormb2	Silk Worm (bootleg, set 2)	1988	bootleg
silkwormj	Silk Worm (Japan)	1988	Tecmo
silkwormp	Silk Worm (prototype)	1988	Tecmo
silkworm	Silk Worm (World)	1988	Tecmo
silvland	Silver Land (hack of River Patrol)	1981	Falcon
silvmil	Silver Millennium	1995	Para
simpsonjr	Simpson Junior (bootleg of J. J. Squawkers)	2003	bootleg (Daigom Games)
sindbadm	Sindbad Mystery	1983	Sega
sinistarp	Sinistar (AMOA-82 prototype)	1982	Williams
sinistarcsm	Sinistar (Cockpit, SynaMax difficulty/titlescreen hack)	2023	Williams
sinistarc2	Sinistar (revision 2, cockpit)	1982	Williams
sinistar2	Sinistar (revision 2, upright)	1982	Williams
sinistarc	Sinistar (revision 3, cockpit)	1982	Williams
sinistar	Sinistar (revision 3, upright)	1982	Williams
sinistarsm25	Sinistar (SynaMax 2025 difficulty/titlescreen hack)	2025	Williams
sinistarsm	Sinistar (SynaMax difficulty/titlescreen hack)	2023	Williams
sirio2	Sirio II (Calfesa S.L. Spanish bootleg of Moon Cresta)	1980?	bootleg (Calfesa S.L.)
cskater	Skater (DECO Cassette) (Japan)	1983	Data East Corporation
skullxbo	Skull & Crossbones (rev 5)	1989	Atari Games
skullfng	Skull Fang (Europe 1.13)	1996	Data East Corporation
skullfnga	Skull Fang - Kuhga Gaiden (Asia 1.13)	1996	Data East Corporation
skullfngj	Skull Fang - Kuhga Gaiden (Japan 1.09)	1996	Data East Corporation
skyadvntj	Sky Adventure (Japan)	1989	Alpha Denshi Co.
skyadvntu	Sky Adventure (US)	1989	Alpha Denshi Co. (SNK of America license)
skyadvnt	Sky Adventure (World)	1989	Alpha Denshi Co.
skyalert	Sky Alert	1992	Metro
skyarmy	Sky Army	1982	Shoei
skybase	Sky Base	1982	Omori Electric Co., Ltd.
skydest	Sky Destroyer (Japan)	1985	Taito Corporation
skyfox	Sky Fox	1987	Jaleco (Nichibutsu USA license)
skykidd	Sky Kid (CUS60 version)	1985	Namco
skykid	Sky Kid (new version)	1985	Namco
skykido	Sky Kid (old version)	1985	Namco
skykids	Sky Kid (Sipem)	1985	Namco (Sipem license)
skykiddx	Sky Kid Deluxe (set 1)	1986	Namco
skykiddxo	Sky Kid Deluxe (set 2)	1986	Namco
skylancre	Sky Lancer (Esco Trading Co license)	1983	Orca (Esco Trading Co license)
skylancr	Sky Lancer	1983	Orca
skyraidr	Sky Raider (bootleg of UniWar S)	1980	bootleg
skyrobo	Sky Robo	1989	Nichibutsu
skysharkb	Sky Shark (bootleg)	1987	bootleg
skyshark	Sky Shark (US, set 1)	1987	Toaplan / Taito America Corporation (Romstar license)
skysharka	Sky Shark (US, set 2)	1987	Toaplan / Taito America Corporation (Romstar license)
skyskipr	Sky Skipper	1981	Nintendo
skysmash	Sky Smasher	1990	Nihon System
skysoldrbl	Sky Soldiers (bootleg)	1988	bootleg
skysoldr	Sky Soldiers (US)	1988	Alpha Denshi Co. (SNK of America/Romstar license)
skywolf	Sky Wolf (set 1)	1987	bootleg
skywolf2	Sky Wolf (set 2)	1987	bootleg
skywolf3	Sky Wolf (set 3)	1987	bootleg
slapfigha	Slap Fight (A76 set, GX-006-A PCB)	1986	Toaplan / Taito
slapfigh	Slap Fight (A77 set, 8606M PCB)	1986	Toaplan / Taito
slapfighb1	Slap Fight (bootleg set 1)	1986	bootleg
slapfighb2	Slap Fight (bootleg set 2)	1986	bootleg
slapfighb3	Slap Fight (bootleg set 3)	1986	bootleg
slapshtr	Slap Shooter	1986	Sega
slapshotj	Slap Shot (Ver 2.2 J)	1994	Taito Corporation
slapshot	Slap Shot (Ver 3.0 O)	1994	Taito Corporation Japan
slipstrm	Slip Stream (Brazil 950515)	1995	Capcom
slipstrmh	Slip Stream (Hispanic 950515)	1995	Capcom
slither	Slither (set 1)	1982	Century II (GDI license)
slithera	Slither (set 2)	1982	Century II (GDI license)
slyspy2	Sly Spy (US, revision 2)	1989	Data East USA
slyspy3	Sly Spy (US, revision 3)	1989	Data East USA
slyspy	Sly Spy (US, revision 4)	1989	Data East USA
smash	Smash (bootleg of Crash)	1979	bootleg
smashtv3	Smash T.V. (rev 3.01)	1990	Williams
smashtv4	Smash T.V. (rev 4.00)	1990	Williams
smashtv5	Smash T.V. (rev 5.00)	1990	Williams
smashtv6	Smash T.V. (rev 6.00)	1990	Williams
smashtv	Smash T.V. (rev 8.00)	1990	Williams
snapjack	Snap Jack	1981	Universal
snapper	Snapper (Korea)	1990	Philko
koroleva	Snezhnaja Koroleva	198?	Terminal
svcboot	SNK vs. Capcom - SVC Chaos (bootleg)	2003	bootleg
svcfd	SNK vs. Capcom - SVC Chaos (Fully Decrypted)	2003	Playmore / Capcom
svcpcb	SNK vs. Capcom - SVC Chaos (JAMMA PCB, NEO-MVH MVO PCB)	2003	Playmore / Capcom
svcpcba	SNK vs. Capcom - SVC Chaos (JAMMA PCB, NEO-MVH MVOB PCB)	2003	Playmore / Capcom
svc	SNK vs. Capcom - SVC Chaos (NGM-2690 ~ NGH-2690)	2003	Playmore / Capcom
svcplus	SNK vs. Capcom - SVC Chaos Plus (bootleg set 1)	2003	bootleg
svcplusa	SNK vs. Capcom - SVC Chaos Plus (bootleg set 2)	2003	bootleg
svcsplus	SNK vs. Capcom - SVC Chaos Super Plus (bootleg)	2003	bootleg
svcsplse	SNK vs. Capcom - SVC Chaos Super Plus (Enhanced, Hack)	2023	hack
snowboara	Snow Board Championship (version 2.0)	1996	Gaelco / OMK
snowboar	Snow Board Championship (version 2.1)	1997	Gaelco / OMK
snowbrosd	Snow Bros. - Nick & Tom (Dooyong license)	1990	Toaplan (Dooyong license)
snowbrosj	Snow Bros. - Nick & Tom (Japan)	1990	Toaplan
snowbros	Snow Bros. - Nick & Tom (set 1)	1990	Toaplan
snowbrosa	Snow Bros. - Nick & Tom (set 2)	1990	Toaplan
snowbrosb	Snow Bros. - Nick & Tom (set 3)	1990	Toaplan
snowbrosc	Snow Bros. - Nick & Tom (set 4)	1990	Toaplan
snowbroswb	Snow Bros. - Nick & Tom (The Winter Bobble hardware bootleg)	1990	bootleg
snowbro2b	Snow Bros. 2 - With New Elves / Otenki Paradise (bootleg, set 1)	1998	bootleg
snowbro2b2	Snow Bros. 2 - With New Elves / Otenki Paradise (bootleg, set 2)	1994	bootleg (Q Elec)
snowbro2	Snow Bros. 2 - With New Elves / Otenki Paradise (Hanafram)	1994	Hanafram
snowbro2ny	Snow Bros. 2 - With New Elves / Otenki Paradise (Nyanko)	1994	Nyanko
snowbro3	Snow Brothers 3 - Magical Adventure	2002	Syrmex
socbrawlh	Soccer Brawl (NGH-031)	1991	SNK
socbrawl	Soccer Brawl (NGM-031)	1991	SNK
sokoban	Sokoban LE	2015	cmonkey
sokonuke	Sokonuke Taisen Game (Japan)	1995	Sammy Industries
soldividk	Sol Divide: Sword Of Darkness (Korea)	1997	Psikyo
soldivid	Sol Divide: Sword Of Darkness	1997	Psikyo
solarfox	Solar Fox (upright)	1981	Bally Midway
solrwarr	Solar-Warrior (US)	1986	Technos Japan (Taito / Memetron license)
soldamj	Soldam (Japan)	1992	Jaleco
soldam	Soldam	1992	Jaleco
amazont	Soldier Girl Amazon (Tecfri license)	1986	Nichibutsu (Tecfri license)
amazoneo	Soldier Girl Amazon Neo (HB)	2023	IQ_132
amazon	Soldier Girl Amazon	1986	Nichibutsu
solfigtr	Solitary Fighter (World)	1991	Taito Corporation Japan
slspirit	Solite Spirits	1999	Promat
solomonj	Solomon no Kagi (Japan)	1986	Tecmo
solomonc	Solomon no Kagi (T-Chi)	1986	hack
solomonjx	Solomon no Kagi X (Japan)	2005	Tecmo
solomon	Solomon's Key (US)	1986	Tecmo
sonofphx	Son of Phoenix (bootleg of Repulse)	1985	bootleg (Associated Overseas MFR, Inc.)
sonsonj	Son Son (Japan)	1984	Capcom
sonson	Son Son	1984	Capcom
sbmj	Sonic Blast Man (Japan)	1990	Taito Corporation
sbm	Sonic Blast Man (US)	1990	Taito Corporation
sonicbomd	Sonic Boom (bootleg of FD1094 317-0053 set)	1987	bootleg
sonicbom	Sonic Boom (FD1094 317-0053)	1987	Sega
sonicwi	Sonic Wings (Japan)	1992	Video System Co.
sstrikerk	Sorcer Striker (Korea)	1993	Raizing (Unite Trading license)
sstriker	Sorcer Striker	1993	Raizing
kokoroj	Soreike Kokology (Rev A)	1992	Sega
kokoroj2	Soreike Kokology Vol. 2 - Kokoro no Tanteikyoku	1993	Sega
kokoroja	Soreike Kokology	1992	Sega
sos	SOS Game	1979	K.K. Tokki (Namco license)
sotsugyo	Sotsugyo Shousho (Japan)	1995	Mitchell (Atlus license)
soukobdx	Souko Ban Deluxe (Japan, SB1)	1990	Namco
spacbatt	Space Battle (bootleg set 1)	1980	bootleg
spacbat2	Space Battle (bootleg set 2)	1980	bootleg
sbsgomo	Space Battle Ship Gomorrah	1990	UPL
spacebrd	Space Bird (bootleg)	1980	bootleg (Karateco)
sbomber	Space Bomber (ver. B)	1998	Psikyo
sbombera	Space Bomber	1998	Psikyo
spacecr	Space Cruiser	1981	Taito Corporation
spacedem	Space Demon	1980	Nintendo (Fortrek license)
spcdrag	Space Dragon (bootleg of Moon Cresta)	1980	bootleg
spacduel0	Space Duel (prototype)	1980	Atari
spacduel1	Space Duel (version 1)	1980	Atari
spacduel	Space Duel (version 2)	1980	Atari
sdungeona	Space Dungeon (larger roms)	1981	Taito America Corporation
sdungeon	Space Dungeon	1981	Taito America Corporation
spacecho	Space Echo (set 1)	1980	bootleg (Gayton Games)
spacecho2	Space Echo (set 2)	1980	bootleg (Gayton Games)
spacempr	Space Empire (bootleg)	1980	bootleg
spacefbb	Space Firebird (bootleg)	1980	bootleg
spacefbg	Space Firebird (Gremlin)	1980	Nintendo (Gremlin license)
spacefba	Space Firebird (rev. 02-a)	1980	Nintendo
spacefbe	Space Firebird (rev. 03-e set 1)	1980	Nintendo
spacefbe2	Space Firebird (rev. 03-e set 2)	1980	Nintendo
spacefb	Space Firebird (rev. 04-u)	1980	Nintendo
spacfurya	Space Fury (revision A)	1981	Sega
spacfuryb	Space Fury (revision B)	1981	Sega
spacfury	Space Fury (revision C)	1981	Sega
spacegunj	Space Gun (Japan)	1990	Taito Corporation
spacegunu	Space Gun (US)	1990	Taito America Corporation
spacegun	Space Gun (World)	1990	Taito Corporation Japan
sharrier1	Space Harrier (8751 315-5163)	1985	Sega
sharrier	Space Harrier (Rev A, 8751 315-5163A)	1985	Sega
spcinv95u	Space Invaders '95: The Attack Of Lunar Loonies (Ver 2.5A 1995/06/14)	1995	Taito America Corporation
spcinv95	Space Invaders '95: The Attack Of Lunar Loonies (Ver 2.5O 1995/06/14)	1995	Taito Corporation Japan
sisv1	Space Invaders (SV Version rev 1)	1978	Taito
sisv2	Space Invaders (SV Version rev 2)	1978	Taito
sisv3	Space Invaders (SV Version rev 3)	1978	Taito
sisv	Space Invaders (SV Version rev 4)	1978	Taito
sitv1	Space Invaders (TV Version rev 1)	1978	Taito
sitv	Space Invaders (TV Version rev 2)	1978	Taito
invaders	Space Invaders / Space Invaders M	1978	Taito / Midway
spacedxo	Space Invaders DX (Japan, v2.0)	1994	Taito Corporation
spacedxj	Space Invaders DX (Japan, v2.1)	1994	Taito Corporation
spacedx	Space Invaders DX (US, v2.1)	1994	Taito Corporation
spcinvdj	Space Invaders DX (Ver 2.6J 1994/09/14) (F3 Version)	1994	Taito Corporation
galap1	Space Invaders Galactica (hack of 'Galaxian (Namco set 2)')	1979	hack
sinvasnb	Space Invasion (bootleg)	1985	bootleg
sinvasn	Space Invasion (Europe)	1985	Capcom
smiconk	Space Micon Kit	1978	SNK
spcmission	Space Mission (SegaSA / Sonic, Spanish bootleg of Scramble)	198?	bootleg (SegaSA / Sonic)
spaceod2	Space Odyssey (version 1)	1981	Sega
spaceod	Space Odyssey (version 2)	1981	Sega
spaceplt	Space Pilot (set 1)	1982	bootleg
spaceplta	Space Pilot (set 2)	1982	bootleg
spcpostn	Space Position (Japan)	1986	Sega / Nasco
sraider	Space Raider	1982	Universal
spcrocks	Space Rocks (Spanish clone of Asteroids)	1981	Atari (J.Estevez license)
spaceskr	Space Seeker	1981	Taito Corporation
sstrangr2	Space Stranger 2	1979	Yachiyo Electric
sstrangr	Space Stranger	1978	Yachiyo Electric
spctbird	Space Thunderbird	1981?	bootleg (Fortrek)
spctrek	Space Trek (Video Game S.A., Spanish bootleg of Scramble)	1981	bootleg (Video Game S.A.)
spacezap	Space Zap (Midway)	1980	Midway
sparkman	Spark Man (v2.0, set 1)	1989	SunA
sparkmana	Spark Man (v2.0, set 2)	1989	SunA
sparkz	Sparkz (prototype)	1992	Atari Games
spartanx	Spartan X (Japan)	1984	Irem
spatter	Spatter (315-5096)	1984	Sega
spattera	Spatter (315-5099)	1984	Sega
speakhlp	Speak & Help	1980	bootleg
speakresb	Speak & Rescue (bootleg)	1980	bootleg
speakres	Speak & Rescue	1980	Sun Electronics
speccies	Speccies 2	2015	Sokurah
scij	Special Criminal Investigation (Japan)	1989	Taito Corporation
sciu	Special Criminal Investigation (US)	1989	Taito America Corporation
sci	Special Criminal Investigation (World set 1)	1989	Taito Corporation Japan
scia	Special Criminal Investigation (World set 2)	1989	Taito Corporation Japan
spectar1	Spectar (revision 1?)	1980	Exidy
spectarrf	Spectar (revision 2, bootleg)	1984	bootleg (Recreativos Franco)
spectar	Spectar (revision 3)	1980	Exidy
spec2kh	Spectrum 2000 (horizontal, buggy) (Europe)	2000	Yona Tech
spec2k	Spectrum 2000 (vertical, Korea)	2000	Yona Tech
speedbal	Speed Ball (set 1)	1987	Tecfri / Desystem S.A.
speedbala	Speed Ball (set 2)	1987	Tecfri / Desystem S.A.
speedbalb	Speed Ball (set 3)	1987	Tecfri / Desystem S.A.
spdball	Speed Ball - Contest at Neonworld (prototype)	1985	Williams
spdcoin	Speed Coin (prototype)	1984	Stern Electronics
speedspn	Speed Spin	1994	TCH
spelunkrj	Spelunker (Japan)	1985	Irem (licensed from Broderbund)
spelunk2	Spelunker II - 23 no Kagi (Japan)	1986	Irem (licensed from Broderbund)
spelunkr	Spelunker	1985	Irem (licensed from Broderbund)
spidmanj	Spider-Man: The Videogame (Japan)	1991	Sega
spidmanu	Spider-Man: The Videogame (US, Rev A)	1991	Sega
spidman	Spider-Man: The Videogame (World)	1991	Sega
spidermi	Spiderman (FMV Demo)	2009	Sergi
spinmast	Spin Master / Miracle Adventure	1993	Data East Corporation
spinlbrkj	Spinal Breakers (Japan)	1990	V-System Co.
spinlbrku	Spinal Breakers (US)	1990	V-System Co.
spinlbrkup	Spinal Breakers (US, prototype)	1990	V-System Co.
spinlbrk	Spinal Breakers (World)	1990	V-System Co.
splash10	Splash! (ver. 1.0, checksum 2FC9AE1D, non North America)	1992	Gaelco / OMK Software
splash11	Splash! (ver. 1.1, checksum 4697D2BF, non North America)	1992	Gaelco / OMK Software
splash12	Splash! (ver. 1.2, checksum 5071804D, non North America)	1992	Gaelco / OMK Software
splashkr	Splash! (ver. 1.3, checksum E7BEEBFA, Korea)	1992	Gaelco / OMK Software (Windial license)
splashna	Splash! (ver. 1.3, checksum E7BEEEFA, North America)	1992	Gaelco / OMK Software
splash	Splash! (ver. 1.3, checksum E7BEF3FA, World)	1992	Gaelco / OMK Software
splat	Splat!	1982	Williams
splatterj	Splatterhouse (Japan, SH1)	1988	Namco
splatter	Splatterhouse (World, new version (SH3))	1988	Namco
splatter2	Splatterhouse (World, old version (SH2))	1988	Namco
splndrbt	Splendor Blast (World, set 1)	1985	Alpha Denshi Co.
splndrbta	Splendor Blast (World, set 2)	1985	Alpha Denshi Co.
splndrbtb	Splendor Blast (World, set 3)	1985	Alpha Denshi Co.
splndrbt2	Splendor Blast II (World)	1985	Alpha Denshi Co.
spotty	Spotty (Ver. 2.0.2)	2001	Prince Co.
springbd	Springboard (bootleg of Circus)	1977	bootleg (Sub-Electro)
springer	Springer	1982	Orca
spyhuntp	Spy Hunter (Playtronic license)	1983	Bally Midway (Playtronic license)
spyhunt2a	Spy Hunter II (rev 1)	1987	Bally Midway
spyhunt2	Spy Hunter II (rev 2)	1987	Bally Midway
spyhunt	Spy Hunter	1983	Bally Midway
sqij	SQIJ!	2018	Sokurah
squaitsa	Squash (Itisa)	1984	Itisa
squasha	Squash (USA, ver. 1.1, checksum 015b6f8a)	1992	Gaelco
squash	Squash (World, ver. 1.0, checksum 015aef61)	1992	Gaelco
srdarwinj	SRD: Super Real Darwin (Japan)	1987	Data East Corporation
srdarwin	SRD: Super Real Darwin (World)	1987	Data East Corporation
stkclmnsj	Stack Columns (Japan)	1994	Sega
stkclmns	Stack Columns (World)	1994	Sega
scrossu	Stadium Cross (US)	1992	Sega
scross	Stadium Cross (World)	1992	Sega
scrossa	Stadium Cross (World, linkable)	1992	Sega
stadhr96	Stadium Hero '96 (Europe, EAJ, Tuning license)	1996	Data East Corporation
stadhr96j	Stadium Hero '96 (Japan, EAD)	1996	Data East Corporation
stadhr96j2	Stadium Hero '96 (Japan?, EAE)	1996	Data East Corporation
stadhr96k	Stadium Hero '96 (Korea, Dream Island license)	1996	Data East Corporation
stadhr96u	Stadium Hero '96 (USA, EAH)	1996	Data East Corporation
stadhero	Stadium Hero (Japan)	1988	Data East Corporation
stagger1	Stagger I (Japan)	1998	Afega
stakwin	Stakes Winner / Stakes Winner - GI Kinzen Seiha e no Michi	1995	Saurus
stakwin2	Stakes Winner 2	1996	Saurus
starfigh	Star Fighter (v1)	1990	SunA
starfght	Star Fighter	1979	bootleg (Jeutel)
starforcb	Star Force (encrypted, bootleg)	1984	bootleg
starforce	Star Force (encrypted, set 1)	1984	Tehkan
starforca	Star Force (encrypted, set 2)	1984	Tehkan
starforc	Star Force	1984	Tehkan
stargrds	Star Guards	1987	Bally Midway
starjack	Star Jacker (Sega)	1983	Sega
starjacks	Star Jacker (Stern Electronics)	1983	Sega (Stern Electronics license)
starrkr	Star Raker	1981	Sega
startrkd	Star Trek (bootleg of Defender)	1981	bootleg
startrks	Star Trek (Head On hardware)	198?	bootleg (Sidam)
startrek	Star Trek	1982	Sega
starwarr	Star Warrior	1980	bootleg (Potomac Mortgage)
starwars	Star Wars (set 1)	1983	Atari
starwars1	Star Wars (set 2)	1983	Atari
starwarso	Star Wars (set 3)	1983	Atari
starfgmc	Starfighter (bootleg of Moon Cresta)	198?	bootleg (Samyra Engineering)
stargate	Stargate	1981	Williams / Vid Kidz
stealsee	Steal See	2000	Moov Generation / Eolith
stlforce	Steel Force	1994	Electronic Devices Italy / Ecogames S.L. Spain
sgunnerj	Steel Gunner (Japan)	1990	Namco
sgunner	Steel Gunner (Rev B)	1990	Namco
sgunner2j	Steel Gunner 2 (Japan, Rev A)	1991	Namco
sgunner2	Steel Gunner 2 (US)	1991	Namco
stera	Steraranger (bootleg of Moon Cresta)	1980	bootleg
stinger2	Stinger (prototype?)	1983	Seibu Denshi
stinger	Stinger	1983	Seibu Denshi
stonebal2o	Stone Ball (2 Players, v1-20 21/10/1994)	1994	Art & Magic
stonebal2	Stone Ball (2 Players, v1-20 7/11/1994)	1994	Art & Magic
stonebal	Stone Ball (4 Players, v1-20 13/12/1994)	1994	Art & Magic
stoneage	Stoneage (bootleg of Caveman Ninja)	1991	bootleg
stmbladej	Storm Blade (Japan)	1996	Visco
stmblade	Storm Blade (US)	1996	Visco
storming	Storming Party / Riku Kai Kuu Saizensen (set 1)	1986	bootleg
storminga	Storming Party / Riku Kai Kuu Saizensen (set 2)	1986	bootleg
strfbomb	Strafe Bomb (bootleg of Scramble)	1981	bootleg (Omni)
stratab1	Strata Bowling (V1)	1990	Strata / Incredible Technologies
stratab	Strata Bowling (V3)	1990	Strata / Incredible Technologies
stratgys	Strategy X (Stern Electronics)	1981	Konami (Stern Electronics license)
stratgyx	Strategy X	1981	Konami
stratvoxb	Stratovox (bootleg)	1980	bootleg
stratvox	Stratovox (set 1)	1980	Sun Electronics (Taito license)
stratvoxa	Stratovox (set 2)	1980	Sun Electronics (Taito license)
streakng	Streaking (set 1)	1980	Shoei
streaknga	Streaking (set 2)	1980	Shoei
stfighta	Street Fight (bootleg?)	1986	Seibu Kaihatsu
stfightgb	Street Fight (Germany - Benelux)	1986	Seibu Kaihatsu (Tuning license)
stfight	Street Fight (Germany)	1986	Seibu Kaihatsu (Tuning license)
sfj	Street Fighter (Japan) (protected)	1987	Capcom
sfjan	Street Fighter (Japan, pneumatic buttons)	1987	Capcom
sfpp	Street Fighter (Plus Plus)	2014	Yumeji
sfp	Street Fighter (prototype)	1987	Capcom
sf	Street Fighter (US, set 1)	1987	Capcom
sfua	Street Fighter (US, set 2) (protected)	1987	Capcom
sfw	Street Fighter (World) (protected)	1987	Capcom
sfan	Street Fighter (World, pneumatic buttons)	1987	Capcom
sfa2	Street Fighter Alpha 2 (Europe 960229)	1996	Capcom
sfa2ur1	Street Fighter Alpha 2 (USA 960306)	1996	Capcom
sfa2u	Street Fighter Alpha 2 (USA 960430)	1996	Capcom
sfa2uhc	Street Fighter Alpha 2 - Unlock Hidden Characters (Hack By Yumeji)	2009	Hack
sfa2ultra	Street Fighter Alpha 2 Ultra (Beta)	2023	hack (bankbank)
sfa3br	Street Fighter Alpha 3 (Brasil 050513, v2.0, Hack)	2005	hack (Alan Web Page)
sfa3b	Street Fighter Alpha 3 (Brazil 980629)	1998	Capcom
sfa3	Street Fighter Alpha 3 (Europe 980904)	1998	Capcom
sfa3sp2	Street Fighter Alpha 3 (Hidden Character Full Version Fix ver. 2009-09-27, Hack)	2009	Pipi899
sfa3hr1	Street Fighter Alpha 3 (Hispanic 980629)	1998	Capcom
sfa3h	Street Fighter Alpha 3 (Hispanic 980904)	1998	Capcom
sfa3us	Street Fighter Alpha 3 (USA 980616, SAMPLE Version)	1998	Capcom
sfa3ur1	Street Fighter Alpha 3 (USA 980629)	1998	Capcom
sfa3ud	Street Fighter Alpha 3 (USA 980904 Phoenix Edition) (bootleg)	1998	bootleg
sfa3u	Street Fighter Alpha 3 (USA 980904)	1998	Capcom
sfa3ce	Street Fighter Alpha 3: Challenger's Edition	2022	Grego and Gnawtor
sfa3xl	Street Fighter Alpha 3: Xiang Long Edition (Hack by pipi899, Ver.2009-05-10)	2009	Hack
sfach	Street Fighter Alpha: Warriors' Dreams (CPS Changer, Publicity USA 950727)	1995	Capcom
sfar3	Street Fighter Alpha: Warriors' Dreams (Europe 950605)	1995	Capcom
sfar2	Street Fighter Alpha: Warriors' Dreams (Europe 950627)	1995	Capcom
sfar1	Street Fighter Alpha: Warriors' Dreams (Europe 950718)	1995	Capcom
sfad	Street Fighter Alpha: Warriors' Dreams (Europe 950727 Phoenix Edition) (bootleg)	1995	bootleg
sfa	Street Fighter Alpha: Warriors' Dreams (Europe 950727)	1995	Capcom
sfau	Street Fighter Alpha: Warriors' Dreams (USA 950627)	1995	Capcom
sfaud	Street Fighter Alpha: Warriors' Dreams (USA 950727 Phoenix Edition) (bootleg)	1995	bootleg
sf2mix	Street Fighter II Mix (v1.6)	2025	hack
sf2pp	Street Fighter II Plus Plus (Ver. 2020/07/19, Hack)	2020	Yumeji
sf2hfjb	Street Fighter II' Turbo: Hyper Fighting (bootleg, set 1)	1992	Capcom
sf2hfjb2	Street Fighter II' Turbo: Hyper Fighting (bootleg, set 2)	1992	Capcom
sf2hfj	Street Fighter II' Turbo: Hyper Fighting (Japan 921209)	1992	Capcom
sf2cebltw	Street Fighter II': Champion Edition ('Taiwan' bootleg with PAL)	1992	bootleg
sf2accp2	Street Fighter II': Champion Edition (Accelerator Pt.II, bootleg)	1992	bootleg (Testron)
sf2acc	Street Fighter II': Champion Edition (Accelerator!, bootleg, set 1)	1992	bootleg
sf2acca	Street Fighter II': Champion Edition (Accelerator!, bootleg, set 2)	1992	bootleg
sf2amf8	Street Fighter II': Champion Edition (Anno Test Rom, bootleg)	1992	bootleg
sf2level	Street Fighter II': Champion Edition (bootleg with level selection)	1992	bootleg
sf2cejabl	Street Fighter II': Champion Edition (bootleg, Japan 920322, set 1)	1992	bootleg
sf2cejab2	Street Fighter II': Champion Edition (bootleg, Japan 920322, set 2)	1992	bootleg
sf2ceb2	Street Fighter II': Champion Edition (bootleg, set 1)	1992	bootleg
sf2ceb3	Street Fighter II': Champion Edition (bootleg, set 2)	1992	bootleg
sf2ceuabl	Street Fighter II': Champion Edition (bootleg, USA 920313, set 1)	1992	bootleg
sf2ceuab2	Street Fighter II': Champion Edition (bootleg, USA 920313, set 2)	1992	bootleg
sf2ceuab3	Street Fighter II': Champion Edition (bootleg, USA 920313, set 3)	1992	bootleg
sf2ceuab4	Street Fighter II': Champion Edition (bootleg, USA 920313, set 4)	1992	bootleg
sf2ceuab5	Street Fighter II': Champion Edition (bootleg, USA 920313, set 5)	1992	bootleg
sf2ceuab6	Street Fighter II': Champion Edition (bootleg, USA 920313, set 6)	1992	bootleg
sf2ceuab7	Street Fighter II': Champion Edition (bootleg, USA 920313, set 7)	1992	bootleg
sf2ceuab8	Street Fighter II': Champion Edition (bootleg, USA 920313, set 8)	1992	bootleg
sf2ceuab9	Street Fighter II': Champion Edition (bootleg, USA 920313, set 9)	1992	bootleg
sf2ceucbl	Street Fighter II': Champion Edition (bootleg, USA 920803)	1992	bootleg
sf2ceeabl	Street Fighter II': Champion Edition (bootleg, World 920313, set 1)	1992	bootleg
sf2ceeab2	Street Fighter II': Champion Edition (bootleg, World 920313, set 2)	1992	bootleg
sf2ceeab3	Street Fighter II': Champion Edition (bootleg, World 920313, set 3)	1992	bootleg
sf2cebr	Street Fighter II': Champion Edition (Brasil 920313, v1.0, Hack)	2005	hack (NeoGeo BR Team)
sf2dongb	Street Fighter II': Champion Edition (Dongfang Bubai protection, bootleg)	1992	bootleg
sf2dkot2	Street Fighter II': Champion Edition (Double K.O. Turbo II, bootleg)	1992	bootleg
sf2gm	Street Fighter II': Champion Edition (Golden Magic, Hack)	2020	hack
sf2bhh	Street Fighter II': Champion Edition (Hung Hsi, bootleg)	1992	bootleg
sf2ceja	Street Fighter II': Champion Edition (Japan 920322)	1992	Capcom
sf2ceupl	Street Fighter II': Champion Edition (Japan 920322, UPL bootleg?)	1992	bootleg (UPL?)
sf2cejb	Street Fighter II': Champion Edition (Japan 920513)	1992	Capcom
sf2cejc	Street Fighter II': Champion Edition (Japan 920803)	1992	Capcom
sf2amf11	Street Fighter II': Champion Edition (L735 Test Rom w/ Mega Co, bootleg)	1992	bootleg
sf2amf	Street Fighter II': Champion Edition (L735 Test Rom, bootleg, set 1)	1992	bootleg
sf2amf12	Street Fighter II': Champion Edition (L735 Test Rom, bootleg, set 10)	1992	bootleg
sf2amf13	Street Fighter II': Champion Edition (L735 Test Rom, bootleg, set 11)	1992	bootleg
sf2amf14	Street Fighter II': Champion Edition (L735 Test Rom, bootleg, set 12)	1992	bootleg
sf2amf2	Street Fighter II': Champion Edition (L735 Test Rom, bootleg, set 2)	1992	bootleg
sf2amf3	Street Fighter II': Champion Edition (L735 Test Rom, bootleg, set 3)	1992	bootleg
sf2amf4	Street Fighter II': Champion Edition (L735 Test Rom, bootleg, set 4)	1992	bootleg
sf2amf5	Street Fighter II': Champion Edition (L735 Test Rom, bootleg, set 5)	1992	bootleg
sf2amf6	Street Fighter II': Champion Edition (L735 Test Rom, bootleg, set 6)	1992	bootleg
sf2amf7	Street Fighter II': Champion Edition (L735 Test Rom, bootleg, set 7)	1992	bootleg
sf2amf9	Street Fighter II': Champion Edition (L735 Test Rom, bootleg, set 8)	1992	bootleg
sf2amf10	Street Fighter II': Champion Edition (L735 Test Rom, bootleg, set 9)	1992	bootleg
sf2md	Street Fighter II': Champion Edition (Magic Delta, bootleg)	1992	bootleg
sf2mega	Street Fighter II': Champion Edition (Mega Co, bootleg, set 1)	1992	Mega Co
sf2mega2	Street Fighter II': Champion Edition (Mega Co, bootleg, set 2)	1992	Mega Co
sf2cems6a	Street Fighter II': Champion Edition (Mstreet-6, bootleg, set 1)	1992	bootleg
sf2ceb	Street Fighter II': Champion Edition (Playmark bootleg, set 1)	1992	bootleg (Playmark)
sf2ceb4	Street Fighter II': Champion Edition (Playmark bootleg, set 2)	1992	bootleg (Playmark)
sf2ceb5	Street Fighter II': Champion Edition (Playmark bootleg, set 3)	1992	bootleg (Playmark)
sf2ceblp	Street Fighter II': Champion Edition (protected bootleg on non-dash board)	1992	bootleg
sf2rb	Street Fighter II': Champion Edition (Rainbow, bootleg, set 1)	1992	bootleg
sf2rb2	Street Fighter II': Champion Edition (Rainbow, bootleg, set 2)	1992	bootleg
sf2rb3	Street Fighter II': Champion Edition (Rainbow, bootleg, set 3)	1992	bootleg
sf2rb4	Street Fighter II': Champion Edition (Rainbow, bootleg, set 4)	1992	bootleg
sf2rb5	Street Fighter II': Champion Edition (Rainbow, bootleg, set 5)	1992	bootleg
sf2rb6	Street Fighter II': Champion Edition (Rainbow, bootleg, set 6)	1992	bootleg
sf2re	Street Fighter II': Champion Edition (RE, bootleg)	1992	bootleg
sf2redp2	Street Fighter II': Champion Edition (Red Wave PtII, bootleg)	1992?	bootleg
sf2red	Street Fighter II': Champion Edition (Red Wave, bootleg, set 1)	1992	bootleg
sf2reda	Street Fighter II': Champion Edition (Red Wave, bootleg, set 2)	1992	bootleg
sf2red2	Street Fighter II': Champion Edition (Red Wave, bootleg, set 3)	1992	bootleg
sf2sl73a	Street Fighter II': Champion Edition (Sheng Long v 7.3a)	2013	Drakon
sf2cet	Street Fighter II': Champion Edition (Taiwan 920313)	1992	Capcom
sf2tlona	Street Fighter II': Champion Edition (Tu Long, Chinese bootleg, set 1)	1992	bootleg
sf2tlonb	Street Fighter II': Champion Edition (Tu Long, Chinese bootleg, set 2)	1992	bootleg
sf2tlonc	Street Fighter II': Champion Edition (Tu Long, Chinese bootleg, set 3)	1992	bootleg
sf2ceda	Street Fighter II': Champion Edition (unknown hack)	2012	Drakon
sf2ceua	Street Fighter II': Champion Edition (USA 920313)	1992	Capcom
sf2ceub	Street Fighter II': Champion Edition (USA 920513)	1992	Capcom
sf2ceuc	Street Fighter II': Champion Edition (USA 920803)	1992	Capcom
sf2v004	Street Fighter II': Champion Edition (V004, bootleg, set 1)	1992	bootleg
sf2v0042	Street Fighter II': Champion Edition (V004, bootleg, set 2)	1992	bootleg
sf2v0043	Street Fighter II': Champion Edition (V004, bootleg, set 3)	1992	bootleg
sf2ceea	Street Fighter II': Champion Edition (World 920313)	1992	Capcom
sf2ce	Street Fighter II': Champion Edition (World 920513)	1992	Capcom
sf2ceec	Street Fighter II': Champion Edition (World 920803)	1992	Capcom
sf2koryu	Street Fighter II': Champion Edition (Xiang Long, Chinese bootleg, set 1)	1992	bootleg
sf2koryu2	Street Fighter II': Champion Edition (Xiang Long, Chinese bootleg, set 2)	1992	bootleg
sf2koryu3	Street Fighter II': Champion Edition (Xiang Long, Chinese bootleg, set 3)	1992	bootleg
sf2yyc	Street Fighter II': Champion Edition (YYC, bootleg, set 1)	1992	bootleg
sf2yyc2	Street Fighter II': Champion Edition (YYC, bootleg, set 2)	1992	bootleg
sf2cre	Street Fighter II': Champion Re-Edit (Hack, v0.29.7)	2025	Persona
sf2hfsce	Street Fighter II': Hyper Fighting (Sr. SF Champion Edition v1.4, Hack)	2023	hack
sf2hfu	Street Fighter II': Hyper Fighting (USA 921209)	1992	Capcom
sf2hf	Street Fighter II': Hyper Fighting (World 921209)	1992	Capcom
sf2mdt	Street Fighter II': Magic Delta Turbo (bootleg, set 1)	1992	bootleg
sf2mdta	Street Fighter II': Magic Delta Turbo (bootleg, set 2)	1993	bootleg
sf2mdtb	Street Fighter II': Magic Delta Turbo (bootleg, set 3)	1993	bootleg
sf2mdtc	Street Fighter II': Magic Delta Turbo (bootleg, set 4)	1993	bootleg
sf2mkot	Street Fighter II': Magic KO Turbo!! - Nightmare Crack (set 1)	1992	bootleg
sf2mkot2	Street Fighter II': Magic KO Turbo!! - Nightmare Crack (set 2)	1992	bootleg
sf2prime	Street Fighter II': Prime (Ver 0.79, Hack)	2026	Zero800
sf2rules	Street Fighter II: The World Warrior (bootleg with rules screen)	1992	bootleg
sf2b5	Street Fighter II: The World Warrior (bootleg, earliest, set 5)	1991	bootleg (Playmark)
sf2b	Street Fighter II: The World Warrior (bootleg, set 1)	1992	bootleg (Playmark)
sf2b2	Street Fighter II: The World Warrior (bootleg, set 2)	1992	bootleg
sf2b3	Street Fighter II: The World Warrior (bootleg, set 3)	1991	bootleg
sf2b4	Street Fighter II: The World Warrior (bootleg, set 4)	1991	bootleg
sf2ja	Street Fighter II: The World Warrior (Japan 910214)	1991	Capcom
sf2jc	Street Fighter II: The World Warrior (Japan 910306)	1991	Capcom
sf2jf	Street Fighter II: The World Warrior (Japan 910411)	1991	Capcom
sf2jh	Street Fighter II: The World Warrior (Japan 910522)	1991	Capcom
sf2j	Street Fighter II: The World Warrior (Japan 911210, CPS-B-13)	1991	Capcom
sf2j17	Street Fighter II: The World Warrior (Japan 911210, CPS-B-17)	1991	Capcom
sf2jla	Street Fighter II: The World Warrior (Japan 911210, Rev. L)	1991	Capcom
sf2jl	Street Fighter II: The World Warrior (Japan 920312)	1991	Capcom
sf2qp1	Street Fighter II: The World Warrior (Quicken Pt-I, bootleg)	1991	bootleg
sf2qp2	Street Fighter II: The World Warrior (Quicken, bootleg)	1991	bootleg
sf2rk	Street Fighter II: The World Warrior (RK, bootleg, set 1)	1992	bootleg
sf2rk2	Street Fighter II: The World Warrior (RK, bootleg, set 2)	1991	bootleg
sf2ebbl	Street Fighter II: The World Warrior (TAB Austria, bootleg, set 1)	1992	bootleg
sf2stt	Street Fighter II: The World Warrior (TAB Austria, bootleg, set 2)	1992	bootleg
sf2ebbl2	Street Fighter II: The World Warrior (TAB Austria, bootleg, set 3)	1992	bootleg
sf2ebbl3	Street Fighter II: The World Warrior (TAB Austria, bootleg, set 4)	1992	bootleg
sf2ebbl4	Street Fighter II: The World Warrior (TAB Austria, bootleg, set 5)	1992	bootleg
sf2thndr	Street Fighter II: The World Warrior (Thunder Edition, bootleg, set 1)	1991	bootleg
sf2thndr2	Street Fighter II: The World Warrior (Thunder Edition, bootleg, set 2)	1991	bootleg
sf2ua	Street Fighter II: The World Warrior (USA 910206)	1991	Capcom
sf2ub	Street Fighter II: The World Warrior (USA 910214)	1991	Capcom
sf2ue	Street Fighter II: The World Warrior (USA 910228)	1991	Capcom
sf2uc	Street Fighter II: The World Warrior (USA 910306)	1991	Capcom
sf2ud	Street Fighter II: The World Warrior (USA 910318)	1991	Capcom
sf2uf	Street Fighter II: The World Warrior (USA 910411)	1991	Capcom
sf2ug	Street Fighter II: The World Warrior (USA 910522, Rev. G)	1991	Capcom
sf2uh	Street Fighter II: The World Warrior (USA 910522, Rev. H)	1991	Capcom
sf2ui	Street Fighter II: The World Warrior (USA 910522, Rev. I)	1991	Capcom
sf2uk	Street Fighter II: The World Warrior (USA 911101)	1991	Capcom
sf2um	Street Fighter II: The World Warrior (USA 920312)	1991	Capcom
sf2ly	Street Fighter II: The World Warrior (with bosses like Champion Edition, Japan 910522, CPS-B-11)	1991	Capcom
sf2em	Street Fighter II: The World Warrior (World 910129)	1991	Capcom
sf2ea	Street Fighter II: The World Warrior (World 910204)	1991	Capcom
sf2en	Street Fighter II: The World Warrior (World 910204, conversion)	1991	Capcom
sf2eb	Street Fighter II: The World Warrior (World 910214)	1991	Capcom
sf2ee	Street Fighter II: The World Warrior (World 910228)	1991	Capcom
sf2ed	Street Fighter II: The World Warrior (World 910318)	1991	Capcom
sf2ef	Street Fighter II: The World Warrior (World 910411)	1991	Capcom
sf2	Street Fighter II: The World Warrior (World 910522)	1991	Capcom
sfiii2n	Street Fighter III 2nd Impact: Giant Attack (Asia 970930, NO CD)	1997	Capcom
sfiii2bh	Street Fighter III 2nd Impact: Giant Attack (Boss Hack)	201?	Yumeji
sfiii2h	Street Fighter III 2nd Impact: Giant Attack (Hispanic 970930)	1997	Capcom
sfiii2j	Street Fighter III 2nd Impact: Giant Attack (Japan 970930)	1997	Capcom
sfiii2	Street Fighter III 2nd Impact: Giant Attack (USA 970930)	1997	Capcom
sfiii4n	Street Fighter III 3rd Strike: Fight for the Future (4rd Arrange Edition 2013)	2013	hack
sfiii4fs	Street Fighter III 3rd Strike: Fight for the Future (4rd Strike 2011-07-17)	2011	hack
sfiii3nar1	Street Fighter III 3rd Strike: Fight for the Future (Asia 990512, NO CD)	1999	Capcom
sfiii3na	Street Fighter III 3rd Strike: Fight for the Future (Asia 990608, NO CD)	1999	Capcom
sfiii3bh	Street Fighter III 3rd Strike: Fight for the Future (Boss Hack)	201?	Yumeji
sfiii3r1	Street Fighter III 3rd Strike: Fight for the Future (Europe 990512)	1999	Capcom
sfiii3	Street Fighter III 3rd Strike: Fight for the Future (Europe 990608)	1999	Capcom
sfiii3jr1	Street Fighter III 3rd Strike: Fight for the Future (Japan 990512)	1999	Capcom
sfiii3nr1	Street Fighter III 3rd Strike: Fight for the Future (Japan 990512, NO CD)	1999	Capcom
sfiii3j	Street Fighter III 3rd Strike: Fight for the Future (Japan 990608)	1999	Capcom
sfiii3n	Street Fighter III 3rd Strike: Fight for the Future (Japan 990608, NO CD)	1999	Capcom
sfiii3ur1	Street Fighter III 3rd Strike: Fight for the Future (USA 990512)	1999	Capcom
sfiii3u	Street Fighter III 3rd Strike: Fight for the Future (USA 990608)	1999	Capcom
sfiii3ws	Street Fighter III 3rd Strike: Fight for the Future (Widescreen 20220908)	2022	Bank Bank
sfiii3th	Street Fighter III 3rd Strike: Fight for the Future | re:THIRD update	2021	hack
sfiiia	Street Fighter III: New Generation (Asia 970204)	1997	Capcom
sfiiin	Street Fighter III: New Generation (Asia 970204, NO CD, BIOS set 1)	1997	Capcom
sfiiina	Street Fighter III: New Generation (Asia 970204, NO CD, BIOS set 2)	1997	Capcom
sfiiibh	Street Fighter III: New Generation (Boss Hack)	201?	Yumeji
sfiii	Street Fighter III: New Generation (Europe 970204)	1997	Capcom
sfiiih	Street Fighter III: New Generation (Hispanic 970204)	1997	Capcom
sfiiij	Street Fighter III: New Generation (Japan 970204)	1997	Capcom
sfiiiu	Street Fighter III: New Generation (USA 970204)	1997	Capcom
sfzar1	Street Fighter Zero (Asia 950605)	1995	Capcom
sfza	Street Fighter Zero (Asia 950627)	1995	Capcom
sfzbr1	Street Fighter Zero (Brazil 950727)	1995	Capcom
sfzb	Street Fighter Zero (Brazil 951109)	1995	Capcom
sfzbch	Street Fighter Zero (CPS Changer, Brazil 950727)	1995	Capcom
sfzcha	Street Fighter Zero (CPS Changer, Japan 040820)	2005	Capcom
sfzch	Street Fighter Zero (CPS Changer, Japan 951020)	1995	Capcom
sfzhr1	Street Fighter Zero (Hispanic 950627)	1995	Capcom
sfzh	Street Fighter Zero (Hispanic 950718)	1995	Capcom
sfzjr2	Street Fighter Zero (Japan 950605)	1995	Capcom
sfzjr1	Street Fighter Zero (Japan 950627)	1995	Capcom
sfzj	Street Fighter Zero (Japan 950727)	1995	Capcom
sfz2ad	Street Fighter Zero 2 (Asia 960227 Phoenix Edition) (bootleg)	1996	bootleg
sfz2a	Street Fighter Zero 2 (Asia 960227)	1996	Capcom
sfz2br1	Street Fighter Zero 2 (Brazil 960304)	1996	Capcom
sfz2b	Street Fighter Zero 2 (Brazil 960531)	1996	Capcom
sfz2h	Street Fighter Zero 2 (Hispanic 960304)	1996	Capcom
sfz2jd	Street Fighter Zero 2 (Japan 960227 Phoenix Edition) (bootleg)	1996	bootleg
sfz2jr1	Street Fighter Zero 2 (Japan 960227)	1996	Capcom
sfz2j	Street Fighter Zero 2 (Japan 960430)	1996	Capcom
sfz2n	Street Fighter Zero 2 (Oceania 960229)	1996	Capcom
sfz2alr1	Street Fighter Zero 2 Alpha (Asia 960805)	1996	Capcom
sfz2ald	Street Fighter Zero 2 Alpha (Asia 960826 Phoenix Edition) (bootleg)	1996	bootleg
sfz2al	Street Fighter Zero 2 Alpha (Asia 960826)	1996	Capcom
sfz2alb	Street Fighter Zero 2 Alpha (Brazil 960813)	1996	Capcom
sfz2alh	Street Fighter Zero 2 Alpha (Hispanic 960813)	1996	Capcom
sfz2alj	Street Fighter Zero 2 Alpha (Japan 960805)	1996	Capcom
sfz2adl	Street Fighter Zero 2 Alpha: Dragon Level (Hack by pipi899, Ver.2009-04-24)	2009	Hack
sfz3ar1	Street Fighter Zero 3 (Asia 980701)	1998	Capcom
sfz3a	Street Fighter Zero 3 (Asia 980904)	1998	Capcom
sfz3jr2d	Street Fighter Zero 3 (Japan 980629 Phoenix Edition) (bootleg)	1998	bootleg
sfz3jr2	Street Fighter Zero 3 (Japan 980629)	1998	Capcom
sfz3jr1	Street Fighter Zero 3 (Japan 980727)	1998	Capcom
sfz3j	Street Fighter Zero 3 (Japan 980904)	1998	Capcom
sfz3mix13	Street Fighter Zero 3 Mix v0.13	2022	hack
sfz3mix	Street Fighter Zero 3 Mix v0.32	2026	hack (zero800)
sfz3te	Street Fighter Zero 3: Training Edition v1.2 (Japan 980629)	2022	hack
sftm110	Street Fighter: The Movie (v1.10)	1995	Capcom / Incredible Technologies
sftm111	Street Fighter: The Movie (v1.11)	1995	Capcom / Incredible Technologies
sftm	Street Fighter: The Movie (v1.12)	1995	Capcom / Incredible Technologies
sftmk112	Street Fighter: The Movie (v1.12K, Korea)	1995	Capcom / Incredible Technologies
sftmj112	Street Fighter: The Movie (v1.12N, Japan)	1995	Capcom / Incredible Technologies
sftmj114	Street Fighter: The Movie (v1.14N, Japan)	1995	Capcom / Incredible Technologies
strhoop	Street Hoop / Street Slam / Dunk Dream (DEM-004 ~ DEH-004)	1994	Data East Corporation
streetsmwbl	Street Smart (bootleg of World version 1)	1989	bootleg
streetsmj	Street Smart (Japan version 1)	1989	SNK
streetsm1	Street Smart (US version 1)	1989	SNK
streetsm	Street Smart (US version 2)	1989	SNK
streetsmw	Street Smart (World version 1)	1989	SNK
ffightjh	Street Smart / Final Fight (Japan, hack)	1989	bootleg
strnskil	Strength & Skill	1984	Sun Electronics
striderfix	Strider (USA, B-Board 89624B-2)(Graphic and music fixes, Hack)	2022	hack (NeoInvader)
strider	Strider (USA, B-Board 89624B-2)	1989	Capcom
striderua	Strider (USA, B-Board 89624B-3)	1989	Capcom
strideruc	Strider (USA, B-Board 90629B-3, buggy Street Fighter II conversion)	1989	bootleg (Capcom)
striderjr	Strider Hiryu (Japan Resale Ver.)	1989	Capcom
striderj	Strider Hiryu (Japan)	1989	Capcom
sbowling	Strike Bowling	1982	Taito Corporation
strkfgtrj	Strike Fighter (Japan)	1991	Sega
strkfgtr	Strike Fighter (World)	1991	Sega
strkforc	Strike Force (rev 1 02/25/91)	1991	Midway
stg	Strike Gunner S.T.G	1991	Athena / Tecmo
s1945a	Strikers 1945 (Japan / World)	1995	Psikyo
s1945j	Strikers 1945 (Japan)	1995	Psikyo
s1945nj	Strikers 1945 (Japan, unprotected)	1995	Psikyo
s1945k	Strikers 1945 (Korea)	1995	Psikyo
s1945	Strikers 1945 (World)	1995	Psikyo
s1945n	Strikers 1945 (World, unprotected)	1995	Psikyo
s1945iii	Strikers 1945 III (World) / Strikers 1999 (Japan)	1999	Psikyo
s1945ii	Strikers 1945 II	1997	Psikyo
s1945p	Strikers 1945 Plus	1999	Psikyo
strongx	Strong X	1982	bootleg
stuntair	Stunt Air	1983	Nuova Videotron
subhunt	Sub Hunter (Gremlin / Taito)	1977	Gremlin (Taito license)
sub	Submarine (Sigma)	1985	Sigma Enterprises Inc.
subroc3d	Subroc-3D	1982	Sega
scessjoe	Success Joe (World)	1990	Taito Corporation / Wave
sjryuko1	Sukeban Jansi Ryuko (set 1, System 16A, FD1089B 317-5021)	1987	White Board
sjryuko	Sukeban Jansi Ryuko (set 2, System 16B, FD1089B 317-5021)	1988	White Board
triplfunk	Sum-eoitneun Deongdalireul Chat-ara!	1993	bootleg (Jin Young)
sunaq	SunA Quiz 6000 Academy (940620-6)	1994	SunA
ssridersabd	Sunset Riders (2 Players ver ABD)	1991	Konami
ssridersebc	Sunset Riders (2 Players ver EBC)	1991	Konami
ssridersebd	Sunset Riders (2 Players ver EBD)	1991	Konami
ssridersjbd	Sunset Riders (2 Players ver JBD)	1991	Konami
ssridersubc	Sunset Riders (2 Players ver UBC)	1991	Konami
ssridersadd	Sunset Riders (4 Players ver ADD)	1991	Konami
ssriderseaa	Sunset Riders (4 Players ver EAA)	1991	Konami
ssriders	Sunset Riders (4 Players ver EAC)	1991	Konami
ssridersjac	Sunset Riders (4 Players ver JAC)	1991	Konami
ssridersjad	Sunset Riders (4 Players ver JAD)	1991	Konami
ssridersuab	Sunset Riders (4 Players ver UAB)	1991	Konami
ssridersuac	Sunset Riders (4 Players ver UAC)	1991	Konami
ssridersuda	Sunset Riders (4 Players ver UDA)	1991	Konami
ssridershs	Sunset Riders (Hack Series)	2019-2020	hack
csuperas	Super Astro Fighter (DECO Cassette) (US)	1981	Data East Corporation
sathena	Super Athena (bootleg)	1987	bootleg
sbagmani	Super Bagman (Itisa, Spain)	1984	Valadon Automation (Itisa license)
sbagmans	Super Bagman (Stern Electronics)	1984	Valadon Automation (Stern Electronics license)
sbagman2	Super Bagman (version 3?)	1984	Valadon Automation
sbagman	Super Bagman (version 5)	1984	Valadon Automation
superbar	Super Bar	1994	Promat
sbaskete	Super Basketball (version E, encrypted)	1984	Konami
sbasketg	Super Basketball (version G, encrypted)	1984	Konami
sbasketga	Super Basketball (version G, encrypted, alt)	1984	Konami
sbasketh	Super Basketball (version H, unprotected)	1984	Konami
sbasketb	Super Basketball (version I, encrypted)	1984	Konami
sbishi	Super Bishi Bashi Champ (ver JAA, 2 Players)	1998	Konami
sbishika	Super Bishi Bashi Champ (ver KAA, 3 Players)	1998	Konami
sbishik	Super Bishi Bashi Champ (ver KAB, 3 Players)	1998	Konami
sboblbobl	Super Bobble Bobble (bootleg, set 1)	1986	bootleg (Datsu)
sboblbobla	Super Bobble Bobble (bootleg, set 2)	1986	bootleg
sboblboblb	Super Bobble Bobble (bootleg, set 3)	1986	bootleg
sboblbobld	Super Bobble Bobble (bootleg, set 4)	1986	bootleg
sboblboble	Super Bobble Bobble (bootleg, set 5)	1986	bootleg
sboblboblf	Super Bobble Bobble (bootleg, set 6)	1986	bootleg
sb2003a	Super Bubble 2003 (Asia, Ver 1.0)	2003	Limenko
sb2003	Super Bubble 2003 (World, Ver 1.0)	2003	Limenko
sboblboblc	Super Bubble Bobble (bootleg)	1986	bootleg
sbubsm	Super Bubble Bobble (Sun Mixing, Mega Drive clone hardware)	1996	Sun Mixing
sbp	Super Bubble Pop	2004	Vektorlogic
supbtimej	Super Burger Time (Japan)	1990	Data East Corporation
supbtime	Super Burger Time (World, set 1)	1990	Data East Corporation
supbtimea	Super Burger Time (World, set 2)	1990	Data East Corporation
sbbros	Super Buster Bros. (USA 901001)	1990	Mitchell (Capcom license)
sucasino	Super Casino	1984	Data Amusement
pce_scdsys	Super CD-Rom System Card (v3.0)	1991	NEC - Hudson Soft
sbasebalj	Super Champion Baseball (Japan)	1989	Alpha Denshi Co.
sbasebal	Super Champion Baseball (US)	1989	Alpha Denshi Co. (SNK of America license)
superchsj	Super Chase - Criminal Termination (Japan)	1992	Taito Corporation
superchsu	Super Chase - Criminal Termination (US)	1992	Taito America Corporation
superchs	Super Chase - Criminal Termination (World)	1992	Taito Corporation Japan
scobrab	Super Cobra (bootleg, set 1)	1981	bootleg (Karateco)
scobrag	Super Cobra (bootleg, set 2)	1981	bootleg (A.V.G. by Zaccaria)
scobraggi	Super Cobra (bootleg, set 3)	1981	bootleg (Cocamatic)
scobrae2	Super Cobra (encrypted)	1981	Konami
scobrase	Super Cobra (Sega)	1981	Konami (Sega license)
scobrae	Super Cobra (Stern Electronics) (encrypted, KONATEC XC-103SS CPU)	1981	Konami (Stern Electronics license)
scobras	Super Cobra (Stern Electronics)	1981	Konami (Stern Electronics license)
scobra	Super Cobra	1981	Konami
scontra	Super Contra (set 1)	1988	Konami
scontraa	Super Contra (set 2)	1988	Konami
scontraj	Super Contra: Alien no Gyakushuu (Japan)	1988	Konami
supcrash	Super Crash (bootleg of Head On)	1979	bootleg (VGG)
sprcros2	Super Cross II (Japan, set 1)	1986	GM Shoji
sprcros2a	Super Cross II (Japan, set 2)	1986	GM Shoji
scfinalsoc	Super Cup Finals (Ver 2.1O 1993/11/19, F3 Cartridge)	1993	Taito Corporation Japan
scfinalso	Super Cup Finals (Ver 2.1O 1993/11/19, single PCB)	1993	Taito Corporation Japan
scfinals	Super Cup Finals (Ver 2.2O 1994/01/13, single PCB)	1993	Taito Corporation Japan
sderby	Super Derby (Playmark, v.07.03)	1996	Playmark
sderbya	Super Derby (Playmark, v.10.04)	1996	Playmark
spdodgeb	Super Dodge Ball (US)	1987	Technos Japan
sdodgebh	Super Dodge Ball / Kunio no Nekketsu Toukyuu Densetsu (Secret Character Hack)	1996	hack
sdodgeb	Super Dodge Ball / Kunio no Nekketsu Toukyuu Densetsu	1996	Technos Japan
csdtenis	Super Doubles Tennis (DECO Cassette) (Japan)	1983	Data East Corporation
supduck	Super Duck	1992	Comad
usg32	Super Duper Casino (California V3.2)	1987	U.S. Games, Inc.
sformula	Super Formula (Japan, set 1)	1989	V-System Co.
sformulaa	Super Formula (Japan, set 2)	1989	V-System Co.
superg	Super Galaxians (hack of 'Galaxian (Namco set 2)')	1979	hack
sgemfa	Super Gem Fighter: Mini Mix (Asia 970904)	1997	Capcom
sgemfh	Super Gem Fighter: Mini Mix (Hispanic 970904)	1997	Capcom
sgemfd	Super Gem Fighter: Mini Mix (USA 970904 Phoenix Edition) (bootleg)	1997	bootleg
sgemf	Super Gem Fighter: Mini Mix (USA 970904)	1997	Capcom
sprglobp	Super Glob (Pac-Man hardware)	1983	Epos Corporation
sprglbpg	Super Glob (Pac-Man hardware, German bootleg)	1984	bootleg (Software Labor)
suprglob	Super Glob	1983	Epos Corporation
shangon1	Super Hang-On (mini ride-on) (FD1089B 317-0034)	1987	Sega
shangon2	Super Hang-On (mini ride-on, Rev A) (FD1089B 317-0034)	1987	Sega
shangon3d	Super Hang-On (sitdown/upright) (bootleg of FD1089B 317-0034 set)	1987	bootleg
shangon3	Super Hang-On (sitdown/upright) (FD1089B 317-0034)	1987	Sega
shangon	Super Hang-On (sitdown/upright) (unprotected)	1987	Sega
shangoneh	Super Hang-On (sitdown/upright, unprotected) (Enhanced Edition v2.0.2)	2014	hack (Chris White)
suprheli	Super Heli (bootleg of Super Cobra)	1981	bootleg
shimpactp4	Super High Impact (prototype, proto 4.0 09/10/91)	1991	Midway
shimpactp5	Super High Impact (prototype, proto 5.0 09/15/91)	1991	Midway
shimpactp6	Super High Impact (prototype, proto 6.0 09/23/91)	1991	Midway
shimpactl1	Super High Impact (rev LA1 09/30/91)	1991	Midway
shimpact	Super High Impact (rev LA2 10/22/91)	1991	Midway
suprleag	Super League (FD1094 317-0045)	1987	Sega
suprloco	Super Locomotive (Rev.A)	1982	Sega
suprlocoo	Super Locomotive	1982	Sega
suplup	Super Lup Lup Puzzle / Zhuan Zhuan Puzzle (version 4.0 / 990518)	1999	Omega System
marukina	Super Marukin-Ban (Japan 901017)	1990	Yuga
marukin	Super Marukin-Ban (Japan 911128)	1990	Yuga
sgmast	Super Masters Golf (World?, Floppy Based, FD1094 317-0058-05d?)	1989	Sega
smissw	Super Miss World	1996	Comad
suprmatk	Super Missile Attack (for rev 1)	1981	Atari / General Computer Corporation
suprmatkd	Super Missile Attack (not encrypted)	1981	Atari / General Computer Corporation
supmodl2	Super Model II	1997	Comad
supmodel	Super Model	1994	Comad & New Japan System
smgpja	Super Monaco GP (Japan, Rev A) (FD1094 317-0124a)	1989	Sega
smgpjd	Super Monaco GP (Japan, Rev B) (bootleg of FD1094 317-0124a set)	1989	bootleg
smgpj	Super Monaco GP (Japan, Rev B) (FD1094 317-0124a)	1989	Sega
smgpu2d	Super Monaco GP (US, Rev A) (bootleg of FD1094 317-0125a set)	1989	bootleg
smgpu2	Super Monaco GP (US, Rev A) (FD1094 317-0125a)	1989	Sega
smgpu1d	Super Monaco GP (US, Rev B) (bootleg of FD1094 317-0125a set)	1989	bootleg
smgpu1	Super Monaco GP (US, Rev B) (FD1094 317-0125a)	1989	Sega
smgpud	Super Monaco GP (US, Rev C) (bootleg of FD1094 317-0125a set)	1989	bootleg
smgpu	Super Monaco GP (US, Rev C) (FD1094 317-0125a)	1989	Sega
smgp5d	Super Monaco GP (World) (bootleg of FD1094 317-0126 set)	1989	bootleg
smgp5	Super Monaco GP (World) (FD1094 317-0126)	1989	Sega
smgp6d	Super Monaco GP (World, Rev A) (bootleg of FD1094 317-0126a set)	1989	bootleg
smgp6	Super Monaco GP (World, Rev A) (FD1094 317-0126a)	1989	Sega
smgpd	Super Monaco GP (World, Rev B) (bootleg of FD1094 317-0126a set)	1989	bootleg
smgp	Super Monaco GP (World, Rev B) (FD1094 317-0126a)	1989	Sega
smooncrs	Super Moon Cresta (Gremlin, bootleg)	1980?	bootleg (Gremlin)
suprmous	Super Mouse	1982	Taito Corporation
smbombr1	Super Muscle Bomber: The International Blowout (Japan 940808)	1994	Capcom
smbomb	Super Muscle Bomber: The International Blowout (Japan 940831)	1994	Capcom
superpcs	Super Pac-Man (always small)	2011	hack (Paul Smith)
superpacm	Super Pac-Man (Midway)	1982	Namco (Bally Midway license)
superpc1	Super Pac-Man (Super Locksmith sound and gfx hack)	2011	hack (Paul Smith)
vectrsup	Super Pac-Man (Vector sim)	2000	hack (T-Bone)
superpcp	Super Pac-Man Plus	2000	hack (Blue Justice)
superpac	Super Pac-Man	1982	Namco
spangj	Super Pang (Japan 901023)	1990	Mitchell
spang	Super Pang (World 900914)	1990	Mitchell
spiero	Super Pierrot (Japan)	1987	Universal
spbactnj	Super Pinball Action (Japan)	1991	Tecmo
spbactn	Super Pinball Action (US)	1991	Tecmo
spbactnp	Super Pinball Action (US, prototype, dual screen)	1989	Tecmo
spool3	Super Pool III (English)	1989	Data East Corporation
spool3i	Super Pool III (I-Vics)	1990	Data East Corporation (I-Vics license)
spnchoutj	Super Punch-Out!! (Japan)	1984	Nintendo
spnchouta	Super Punch-Out!! (Rev A)	1984	Nintendo
spnchout	Super Punch-Out!! (Rev B)	1984	Nintendo
spf2xpri	Super Puzzle Fighter 2 X': Balance Patch (Hack)	2021	Hack
spf2ta	Super Puzzle Fighter II Turbo (Asia 960529)	1996	Capcom
spf2tb	Super Puzzle Fighter II Turbo (Boss Hack)(USA 960620)	200?	Hack
spf2tcb	Super Puzzle Fighter II Turbo (Color Blind Hack, v1.1)	2022	hack
spf2t	Super Puzzle Fighter II Turbo (Europe 960529)	1996	Capcom
spf2th	Super Puzzle Fighter II Turbo (Hispanic 960531)	1996	Capcom
spf2td	Super Puzzle Fighter II Turbo (USA 960620 Phoenix Edition) (bootleg)	1996	bootleg
spf2tu	Super Puzzle Fighter II Turbo (USA 960620)	1996	Capcom
spf2xjd	Super Puzzle Fighter II X (Japan 960531 Phoenix Edition) (bootleg)	1996	bootleg
spf2xj	Super Puzzle Fighter II X (Japan 960531)	1996	Capcom
sqixb2	Super Qix (bootleg, No MCU)	1987	bootleg
sqixu	Super Qix (US)	1987	Kaneko / Taito (Romstar License)
sqixr0	Super Qix (World/Japan, V1.0)	1987	Kaneko / Taito
sqixr1	Super Qix (World/Japan, V1.1)	1987	Kaneko / Taito
sqix	Super Qix (World/Japan, V1.2)	1987	Kaneko / Taito
srangero	Super Ranger (older)	1988	SunA
srangerb	Super Ranger (older, bootleg)	1988	bootleg (NYWA)
srangern	Super Ranger (older, NOVA license)	1988	SunA (NOVA license)
srangerw	Super Ranger (older, WDK license)	1988	SunA (WDK license)
sranger	Super Ranger (v2.0)	1988	SunA
srmp7	Super Real Mahjong P7 (Japan)	1997	Seta
srmp4	Super Real Mahjong PIV (Japan)	1993	Seta
srmp4o	Super Real Mahjong PIV (Japan, older set)	1993	Seta
suprridr	Super Rider	1983	Taito Corporation (Venture Line license)
sshanghaj	Super Shanghai Dragon's Eye (Japan)	1992	Hot-B Co., Ltd.
sshanghak	Super Shanghai Dragon's Eye (Korea)	1992	Hot-B Co., Ltd. (Taito license)
sshangha	Super Shanghai Dragon's Eye (World)	1992	Hot-B Co., Ltd.
sshanghab	Super Shanghai Dragon's Eye (World, bootleg)	1992	bootleg
supershp	Super Ship	19??	bootleg
ssideki	Super Sidekicks / Tokuten Ou	1992	SNK
ssideki2	Super Sidekicks 2 - The World Championship / Tokuten Ou 2 - Real Fight Football (NGM-061 ~ NGH-061)	1994	SNK
ssideki3	Super Sidekicks 3 - The Next Glory / Tokuten Ou 3 - Eikou e no Chousen	1995	SNK
ssib	Super Space Invaders '91 (World, earlier code base)	1990	Taito Corporation Japan
ssia	Super Space Invaders '91 (World, revised code)	1990	Taito Corporation Japan
ssi	Super Space Invaders '91 (World, revised code, Rev 1)	1990	Taito Corporation Japan
macross	Super Spacefortress Macross / Chou-Jikuu Yousai Macross	1992	Banpresto
macross2g	Super Spacefortress Macross II / Chou-Jikuu Yousai Macross II (Gamest review build)	1993	Banpresto
macross2	Super Spacefortress Macross II / Chou-Jikuu Yousai Macross II	1993	Banpresto
scin	Super Special Criminal Investigation (Negro Torino hack)	1991	hack (Negro Torino)
ssrj	Super Speed Race Junior (Japan)	1985	Taito Corporation
ssplash10	Super Splash (Ver 1.0, checksum 2104394E, 27 Oct 1993)	1993	OMK / Gaelco
ssplash	Super Splash (ver 1.1, Break Edition, checksum 59D5E66B, Version 1994)	1994	OMK / Gaelco
ssprintf	Super Sprint (French)	1986	Atari Games
ssprintg1	Super Sprint (German, rev 1)	1986	Atari Games
ssprintg	Super Sprint (German, rev 2)	1986	Atari Games
ssprint1	Super Sprint (rev 1)	1986	Atari Games
ssprint3	Super Sprint (rev 3)	1986	Atari Games
ssprint	Super Sprint (rev 4)	1986	Atari Games
ssprints	Super Sprint (Spanish)	1986	Atari Games
sstarcrs	Super Star Crest	1980?	bootleg (Taito do Brasil)
sstingry	Super Stingray (Japan)	1986	Alpha Denshi Co.
ssf2tad	Super Street Fighter II Turbo (Asia 940223 Phoenix Edition) (bootleg)	1994	bootleg
ssf2ta	Super Street Fighter II Turbo (Asia 940223)	1994	Capcom
ssf2tdf	Super Street Fighter II Turbo (Difficulty Fix, Hack)	2024	hack
ssf2th	Super Street Fighter II Turbo (Hispanic 940223)	1994	Capcom
ssf2tur1	Super Street Fighter II Turbo (USA 940223)	1994	Capcom
ssf2tu	Super Street Fighter II Turbo (USA 940323)	1994	Capcom
ssf2td	Super Street Fighter II Turbo (World 940223 Phoenix Edition) (bootleg)	1994	bootleg
ssf2t	Super Street Fighter II Turbo (World 940223)	1994	Capcom
ssf2tnl	Super Street Fighter II Turbo New Legacy v0.9 (Beta) (Hack by Born2SPD)	2024	hack
ssf2xjr1trn	Super Street Fighter II X: GMC Trainer (Japan 940223)	1994	Hack
ssf2xjr1d	Super Street Fighter II X: Grand Master Challenge (Japan 940223 Phoenix Edition) (bootleg)	1994	bootleg
ssf2xjr1r	Super Street Fighter II X: Grand Master Challenge (Japan 940223 rent version)	1994	Capcom
ssf2xjr1	Super Street Fighter II X: Grand Master Challenge (Japan 940223)	1994	Capcom
ssf2xj	Super Street Fighter II X: Grand Master Challenge (Japan 940311)	1994	Capcom
ssf2xjjs	Super Street Fighter II X: Grand Master Challenge (Original Color HB / FGCH hack)	1994	Capcom
ssf2ar1	Super Street Fighter II: The New Challengers (Asia 930914)	1993	Capcom
ssf2a	Super Street Fighter II: The New Challengers (Asia 931005)	1993	Capcom
ssf2h	Super Street Fighter II: The New Challengers (Hispanic 930911)	1993	Capcom
ssf2jr2	Super Street Fighter II: The New Challengers (Japan 930910)	1993	Capcom
ssf2jr1	Super Street Fighter II: The New Challengers (Japan 930911)	1993	Capcom
ssf2j	Super Street Fighter II: The New Challengers (Japan 931005)	1993	Capcom
ssf2ud	Super Street Fighter II: The New Challengers (USA 930911 Phoenix Edition) (bootleg)	1993	bootleg
ssf2u	Super Street Fighter II: The New Challengers (USA 930911)	1993	Capcom
ssf2d	Super Street Fighter II: The New Challengers (World 930911 Phoenix Edition) (bootleg)	1993	bootleg
ssf2r1	Super Street Fighter II: The New Challengers (World 930911)	1993	Capcom
ssf2	Super Street Fighter II: The New Challengers (World 931005)	1993	Capcom
ssf2us2	Super Street Fighter II: The New Challengers Super 2 (USA 930911)	1993	bootleg
ssf2tba	Super Street Fighter II: The Tournament Battle (Asia 931005)	1993	Capcom
ssf2tbh	Super Street Fighter II: The Tournament Battle (Hispanic 931005)	1993	Capcom
ssf2tbj1	Super Street Fighter II: The Tournament Battle (Japan 930911)	1993	Capcom
ssf2tbj	Super Street Fighter II: The Tournament Battle (Japan 931005)	1993	Capcom
ssf2tbu	Super Street Fighter II: The Tournament Battle (USA 930911)	1993	Capcom
ssf2tbr1	Super Street Fighter II: The Tournament Battle (World 930911)	1993	Capcom
ssf2tbd	Super Street Fighter II: The Tournament Battle (World 931119 Phoenix Edition) (bootleg)	1993	bootleg
ssf2tb	Super Street Fighter II: The Tournament Battle (World 931119)	1993	Capcom
usg82	Super Ten V8.2	1988	U.S. Games, Inc.
superten	Super Ten V8.3	1988	U.S. Games, Inc.
usg83x	Super Ten V8.3X	1988	U.S. Games, Inc.
stoffyu	Super Toffy (Unico license)	1994	Midas (Unico license)
stoffy	Super Toffy	1994	Midas
suprtrio	Super Trio	1994	Gameace
strvmstr	Super Trivia Master	1986	Enerdyne Technologies Inc.
svf	Super Visual Football: European Sega Cup (Rev A)	1994	Sega
svfo	Super Visual Football: European Sega Cup	1994	Sega
svs	Super Visual Soccer: Sega Cup (US, Rev A)	1994	Sega
svolly91	Super Volley '91 (Japan)	1991	Video System Co.
svolley	Super Volleyball (Japan)	1989	V-System Co.
svolleyk	Super Volleyball (Korea)	1989	V-System Co.
svolleyua	Super Volleyball (US)	1989	V-System Co.
svolleyu	Super Volleyball (US, Data East license)	1989	V-System Co. (Data East license)
swcourtj	Super World Court (Japan)	1992	Namco
swcourt	Super World Court (World)	1992	Namco
swcourtb	Super World Court (World, bootleg)	1994	bootleg (Playmark?)
sws92	Super World Stadium '92 (Japan)	1992	Namco
sws92g	Super World Stadium '92 Gekitouban (Japan)	1992	Namco
sws93	Super World Stadium '93 (Japan)	1993	Namco
sws95	Super World Stadium '95 (Japan)	1995	Namco
sws96	Super World Stadium '96 (Japan)	1996	Namco
sws97	Super World Stadium '97 (Japan)	1997	Namco
sws	Super World Stadium (Japan)	1992	Namco
sxeviousj	Super Xevious (Japan)	1984	Namco
sxevious	Super Xevious	1984	Namco
szaxxon	Super Zaxxon (315-5013)	1982	Sega
zolapac	Super Zola Pac Gal	2000	Tqwn Amusement
superxm	Super-X (Mitchell)	1994	Dooyong (Mitchell license)
superx	Super-X (NTC)	1994	Dooyong (NTC license)
1942h	Supercharger 1942	1991	hack (Two Bit Score)
ssoldier	Superior Soldiers (US)	1993	Irem America
supermanj	Superman (Japan)	1988	Taito Corporation
supermanu	Superman (US)	1988	Taito Corporation
superman	Superman (World)	1988	Taito Corporation
suratka	Surprise Attack (Asia ver. L)	1990	Konami
suratkj	Surprise Attack (Japan ver. M)	1990	Konami
suratk	Surprise Attack (World ver. K)	1990	Konami
survartsj	Survival Arts (Japan)	1993	Sammy
survartsu	Survival Arts (USA)	1993	American Sammy
survarts	Survival Arts (World)	1993	Sammy
gogomile	Susume! Mile Smile / Go Go! Mile Smile (newer)	1995	Fuuki
gogomileo	Susume! Mile Smile / Go Go! Mile Smile (older)	1995	Fuuki
suzuka8hj	Suzuka 8 Hours (Japan, Rev B)	1992	Namco
suzuka8h	Suzuka 8 Hours (World, Rev C)	1992	Namco
suzuk8h2j	Suzuka 8 Hours 2 (Japan, Rev B)	1993	Namco
suzuk8h2	Suzuka 8 Hours 2 (World, Rev B)	1993	Namco
swarm	Swarm (bootleg?)	1979	bootleg? (Subelectro)
swat	SWAT (315-5048)	1984	Coreland / Sega
swatpolc	SWAT Police	2001	ESD
csweetht	Sweet Heart (DECO Cassette) (US)	1982	Data East Corporation
swimmer	Swimmer (set 1)	1982	Tehkan
swimmera	Swimmer (set 2)	1982	Tehkan
swimmerb	Swimmer (set 3)	1982	Tehkan
ssozumo	Syusse Oozumou (Japan)	1984	Technos Japan
syvalion	Syvalion (Japan)	1988	Taito Corporation
syvalionu	Syvalion (US, PS2 Taito Legends 2)	1988	Taito America Corporation
syvalionp	Syvalion (World, prototype)	1988	Taito Corporation
syvalionw	Syvalion (World, PS2 Taito Legends 2)	1988	Taito Corporation Japan
tnk3b	T.A.N.K (bootleg, 8-way joystick)	1985	bootleg
tnk3j	T.A.N.K (Japan)	1985	SNK
tnk3	T.N.K III (US)	1985	SNK
defenderj	T.T Defender	1980	Williams (Taito Corporation license)
ttfitter	T.T Fitter (Japan)	1981	Taito Corporation
ttmahjng	T.T Mahjong	1981	Alpha Denshi Co. (Taito license)
spacian2	T.T Spacian Part-2	1979	Namco / Taito
tacscan	Tac/Scan	1982	Sega
tactcian	Tactician (set 1)	1982	Konami (Sega license)
tactcian2	Tactician (set 2)	1981	Konami (Sega license)
tagteam	Tag Team Wrestling	1983	Technos Japan (Data East license)
tail2nos	Tail to Nose - Great Championship / Super Formula	1989	V-System Co.
tail2nosa	Tail to Nose - Great Championship	1989	V-System Co.
hotgmck	Taisen Hot Gimmick (Japan)	1997	Psikyo
hotgmck3	Taisen Hot Gimmick 3 Digital Surfing (Japan)	1999	Psikyo
hotgm4ev	Taisen Hot Gimmick 4 Ever (Japan)	2000	Psikyo
hgkairak	Taisen Hot Gimmick Kairakuten (Japan)	1998	Psikyo
karatevs	Taisen Karate Dou (Japan)	1984	Data East Corporation
cupfinal	Taito Cup Finals (Ver 1.0O 1993/02/28)	1993	Taito Corporation Japan
pwrgoal	Taito Power Goal (Ver 2.5O 1994/11/03)	1994	Taito Corporation Japan
tshingena	Takeda Shingen (Japan, Japanese)	1988	Jaleco
talbot	Talbot (World)	1982	Alpha Denshi Co. (Volt Electronics license)
tangtang	Tang Tang (ver. 0526, 26/05/2000, set 1)	2000	ESD
tangtanga	Tang Tang (ver. 0526, 26/05/2000, set 2)	2000	ESD
tangramq	Tangram Q	1983	SNK
tankbattb	Tank Battalion (bootleg)	1980	bootleg
tankbatt	Tank Battalion	1980	Namco
tankbust	Tank Busters	1985	Valadon Automation
tankfrcej	Tank Force (Japan)	1991	Namco
tankfrce	Tank Force (US, 2 Players)	1991	Namco
tankfrce4	Tank Force (US, 4 Players)	1991	Namco
taotaido	Tao Taido (2 button version)	1993	Video System Co.
taotaido3	Tao Taido (2/3 button version)	1993	Video System Co.
taotaidoa	Tao Taido (6 button version)	1993	Video System Co.
tappera	Tapper (Budweiser, 1/12/84)	1983	Bally Midway
tapperg	Tapper (Budweiser, 1/27/84 - Alternate graphics)	1983	Bally Midway
tapper	Tapper (Budweiser, 1/27/84)	1983	Bally Midway
tapperb	Tapper (Budweiser, 12/9/83)	1983	Bally Midway
rbtapper	Tapper (Root Beer)	1984	Bally Midway
stapper1	Tapper (Simpsons Hack ver.81)	2002	hack (DC)
stapper	Tapper (Simpsons Hack)	2002	hack (DC)
sutapper	Tapper (Suntory)	1983	Bally Midway
targc	Targ (cocktail?)	1980	Exidy
targeth10	Target Hits (ver 1.0, checksum FBCB)	1994	Gaelco
targeth	Target Hits (ver 1.1, checksum 5152)	1994	Gaelco
targetha	Target Hits (ver 1.1, checksum 86E1)	1994	Gaelco
targethb	Target Hits (ver 1.1, checksum B1F7)	1994	Gaelco
targ	Targ	1980	Exidy
tharrieru	Task Force Harrier (US)	1989	UPL (American Sammy license)
tharrier	Task Force Harrier	1989	UPL
joemac	Tatakae Genshizin Joe & Mac (Japan ver 1)	1991	Data East Corporation
bigfghtr	Tatakae! Big Fighter (Japan)	1989	Nichibutsu
trojanj	Tatakai no Banka (Japan)	1986	Capcom
trojanjo	Tatakai no Banka (Japan, old ver.)	1986	Capcom
tattassa	Tattoo Assassins (Asia prototype, Mar 14 1995)	1994	Data East Pinball
tattass	Tattoo Assassins (US prototype, Mar 14 1995)	1994	Data East Pinball
tattasso	Tattoo Assassins (US prototype, Mar 14 1995, older sound)	1994	Data East Pinball
taxidriv	Taxi Driver	1984	Graphic Techno
tazzmang2	Tazz-Mania (bootleg on Galaxian hardware with Starfield)	1982	bootleg
tazzmang	Tazz-Mania (bootleg on Galaxian hardware)	1982	bootleg
tazmania	Tazz-Mania (set 1)	1982	Stern Electronics
tazmani2	Tazz-Mania (set 2, alt hardware)	1982	Stern Electronics
tbowlj	Tecmo Bowl (Japan)	1987	Tecmo
tbowlp	Tecmo Bowl (World, prototype?)	1987	Tecmo
tbowl	Tecmo Bowl (World, set 1)	1987	Tecmo
tbowla	Tecmo Bowl (World, set 2)	1987	Tecmo
tknight	Tecmo Knight (US)	1989	Tecmo
twcup90a	Tecmo World Cup '90 (Europe set 1)	1989	Tecmo
twcup90b	Tecmo World Cup '90 (Europe set 2)	1989	Tecmo
twcup90c	Tecmo World Cup '90 (Europe set 3)	1989	Tecmo
twcup90t	Tecmo World Cup '90 (trackball set 1)	1989	Tecmo
twcup90	Tecmo World Cup '90 (World set 1)	1989	Tecmo
twsoc96	Tecmo World Soccer '96	1996	Tecmo
teddybboa	TeddyBoy Blues (315-5111, Old Ver.)	1985	Sega
teddybb	TeddyBoy Blues (315-5115, New Ver.)	1985	Sega
teddybbo	TeddyBoy Blues (315-5115, Old Ver.)	1985	Sega
teddybbobl	TeddyBoy Blues (Old Ver. bootleg)	1985	bootleg
teedoffj	Tee'd Off (Japan)	1986	Tecmo
teedoff	Tee'd Off (World)	1987	Tecmo
tmht2pa	Teenage Mutant Hero Turtles (UK 2 Players, version ?)	1989	Konami
tmht2p	Teenage Mutant Hero Turtles (UK 2 Players, version U)	1989	Konami
tmhtb	Teenage Mutant Hero Turtles (UK 4 Players, version ?)	1989	Konami
tmht	Teenage Mutant Hero Turtles (UK 4 Players, version F)	1989	Konami
tmhta	Teenage Mutant Hero Turtles (UK 4 Players, version S)	1989	Konami
tmht22pe	Teenage Mutant Hero Turtles - Turtles in Time (2 Players ver EBA)	1991	Konami
tmht24pe	Teenage Mutant Hero Turtles - Turtles in Time (4 Players ver EAA)	1991	Konami
tmnta	Teenage Mutant Ninja Turtles (Asia 4 Players, version ?)	1989	Konami
tmnti	Teenage Mutant Ninja Turtles (FMV Demo)	2009	Sergi
tmntia	Teenage Mutant Ninja Turtles (FMV Demo, alt)	2009	Sergi
tmnt2pj	Teenage Mutant Ninja Turtles (Japan 2 Players, version 1)	1990	Konami
tmntj	Teenage Mutant Ninja Turtles (Japan 4 Players, version 2)	1990	Konami
tmnt2po	Teenage Mutant Ninja Turtles (Oceania 2 Players, version ?)	1989	Konami
tmntuc	Teenage Mutant Ninja Turtles (US 4 Players, version H)	1989	Konami
tmntub	Teenage Mutant Ninja Turtles (US 4 Players, version J)	1989	Konami
tmntua	Teenage Mutant Ninja Turtles (US 4 Players, version N)	1989	Konami
tmntu	Teenage Mutant Ninja Turtles (US 4 Players, version R)	1989	Konami
tmnt	Teenage Mutant Ninja Turtles (World 4 Players, version X)	1989	Konami
tmnt22pu	Teenage Mutant Ninja Turtles - Turtles in Time (2 Players ver UDA)	1991	Konami
tmnt2a	Teenage Mutant Ninja Turtles - Turtles in Time (4 Players ver ADA)	1991	Konami
tmnt2o	Teenage Mutant Ninja Turtles - Turtles in Time (4 Players ver OAA)	1991	Konami
tmnt2	Teenage Mutant Ninja Turtles - Turtles in Time (4 Players ver UAA)	1991	Konami
tmnt24pu	Teenage Mutant Ninja Turtles - Turtles in Time (4 Players ver UEA)	1991	Konami
teetert	Teeter Torture (prototype)	1982	Exidy
tehkanwch	Tehkan World Cup (1986 year hack)	1986	hack
tehkanwc	Tehkan World Cup (set 1)	1985	Tehkan
tehkanwcb	Tehkan World Cup (set 2, bootleg?)	1985	Tehkan
tehkanwcc	Tehkan World Cup (set 3, bootleg)	1985	bootleg
tehkanwcd	Tehkan World Cup (set 4, earlier)	1985	Tehkan
tekipakit	Teki Paki (location test)	1991	Toaplan
tekipaki	Teki Paki	1991	Toaplan
teljan	Tel Jan	1999	Electro Design
temped	TempEd	2000	hack
tempest1	Tempest (rev 1)	1980	Atari
tempest1r	Tempest (rev 1, Revised Hardware)	1980	Atari
tempest2	Tempest (rev 2)	1980	Atari
tempest3	Tempest (rev 3)	1980	Atari
tempest	Tempest (rev 3, Revised Hardware)	1980	Atari
tempall	Tempest All Levels	2000	hack
temptube	Tempest Tubes	1980	hack (Duncan Brown)
temptwst	Tempest Twisted	2000	Twisty
dynwarjr	Tenchi wo Kurau (Japan Resale Ver.)	1989	Capcom
dynwarj	Tenchi wo Kurau (Japan)	1989	Capcom
wof1v3p	Tenchi wo Kurau II: Sekiheki no Tatakai (1v3 Plus, Hack)	2023	hack
wof1v3	Tenchi wo Kurau II: Sekiheki no Tatakai (1v3, Hack)	2023	hack
wofmws	Tenchi wo Kurau II: Sekiheki no Tatakai (3M Warriors, Hack)	2023	hack
wofsm	Tenchi wo Kurau II: Sekiheki no Tatakai (3M, Hack)	2014	hack
wofmz1v3	Tenchi wo Kurau II: Sekiheki no Tatakai (Cavalry 1v3, Hack)	2023	hack
wofch	Tenchi wo Kurau II: Sekiheki no Tatakai (CPS Changer, Japan 921031)	1994	Capcom
wofjh	Tenchi wo Kurau II: Sekiheki no Tatakai (hack, Japan 921031)	1992	hack
wofj	Tenchi wo Kurau II: Sekiheki no Tatakai (Japan 921031)	1992	Capcom
wofdr20	Tenchi wo Kurau II: Sekiheki no Tatakai (Master 2020, Hack)	2024	hack
wofdr	Tenchi wo Kurau II: Sekiheki no Tatakai (Master, Hack)	2022	hack
wofchp	Tenchi wo Kurau II: Sekiheki no Tatakai (PS/SS Version, Hack)	2019	hack
wofkm3	Tenchi wo Kurau II: Sekiheki no Tatakai (Subject 3, Hack)	2023	hack
wofsc	Tenchi wo Kurau II: Sekiheki no Tatakai (Switchable Character, Hack)	2023	hack
wofwjq	Tenchi wo Kurau II: Sekiheki no Tatakai (Warriors Enhanced, Hack)	2023	hack
wofwp	Tenchi wo Kurau II: Sekiheki no Tatakai (Warriors Plus, Hack)	2014	hack
wofzl	Tenchi wo Kurau II: Sekiheki no Tatakai (Wolf Warriors, Hack)	2022	hack
tengai	Tengai (World)	1996	Psikyo
term2lg1	Terminator 2 - Judgment Day (German, rev LG1 11/04/91)	1991	Midway
term2pa2	Terminator 2 - Judgment Day (prototype, rev PA2 10/18/91)	1991	Midway
term2la1	Terminator 2 - Judgment Day (rev LA1 11/01/91)	1991	Midway
term2la2	Terminator 2 - Judgment Day (rev LA2 12/09/91)	1991	Midway
term2la3	Terminator 2 - Judgment Day (rev LA3 03/27/92)	1991	Midway
term2	Terminator 2 - Judgment Day (rev LA4 08/03/92)	1991	Midway
terracren	Terra Cresta (YM2203)	1985	Nichibutsu
terracre	Terra Cresta (YM3526 set 1)	1985	Nichibutsu
terracreo	Terra Cresta (YM3526 set 2)	1985	Nichibutsu
terracrea	Terra Cresta (YM3526 set 3)	1985	Nichibutsu
terrafj	Terra Force (Japan)	1987	Nichibutsu Japan
terrafb	Terra Force (Japan, bootleg set 2)	1987	bootleg
terrafjb	Terra Force (Japan, bootleg with additional Z80)	1987	bootleg
terrafu	Terra Force (US)	1987	Nichibutsu USA
terrafua	Terra Force (US, alternate sound)	1987	Nichibutsu USA
terraf	Terra Force	1987	Nichibutsu
cterrani	Terranean (DECO Cassette) (US)	1981	Data East Corporation
ctsttape	Test Tape (DECO Cassette) (US)	1981	Data East Corporation
atetrisb	Tetris (bootleg set 1)	1988	bootleg
atetrisb2	Tetris (bootleg set 2)	1988	bootleg
tetrisbl	Tetris (bootleg)	1988	bootleg
atetrisc	Tetris (cocktail set 1)	1989	Atari Games
atetrisc2	Tetris (cocktail set 2)	1989	Atari Games
tetrsark	Tetris (D.R. Korea, set 1, encrypted)	19??	D.R. Korea
tetrsark2	Tetris (D.R. Korea, set 2)	19??	D.R. Korea
tetristh	Tetris (Japan, rev 1, Taito H-System)	1988	Sega
tetrisse	Tetris (Japan, System E)	1988	Sega
tetrista	Tetris (Japan, Taito B-System, Master of Weapon Conversion Kit)	1988	Sega
tetrist	Tetris (Japan, Taito B-System, Nastar Conversion Kit)	1988	Sega
atetris	Tetris (set 1)	1988	Atari Games
tetris1d	Tetris (set 1, Japan, System 16B) (bootleg of FD1094 317-0091 set)	1988	bootleg
tetris1	Tetris (set 1, Japan, System 16B) (FD1094 317-0091)	1988	Sega
atetrisa	Tetris (set 2)	1988	Atari Games
tetris2d	Tetris (set 2, Japan, System 16B) (bootleg of FD1094 317-0092 set)	1988	bootleg
tetris2	Tetris (set 2, Japan, System 16B) (FD1094 317-0092)	1988	Sega
tetris3d	Tetris (set 3, Japan, System 16A) (bootleg of FD1094 317-0093a set)	1988	bootleg
tetris3	Tetris (set 3, Japan, System 16A) (FD1094 317-0093a)	1988	Sega
tetrisd	Tetris (set 4, Japan, System 16A) (bootleg of FD1094 317-0093 set)	1988	bootleg
tetris	Tetris (set 4, Japan, System 16A) (FD1094 317-0093)	1988	Sega
tetrbx	Tetris / Bloxeed (Korean System 16 bootleg) (ISG Selection Master Type 2006)	2006	bootleg (ISG)
tetrisp	Tetris Plus (ver 1.0)	1995	Jaleco / BPS
tetrisp2ja	Tetris Plus 2 (Japan, V2.1)	1997	Jaleco / The Tetris Company
tetrisp2j	Tetris Plus 2 (Japan, V2.2)	1997	Jaleco / The Tetris Company
tp2m32	Tetris Plus 2 (ver 1.0, MegaSystem 32 Version)	1997	Jaleco
tetrisp2a	Tetris Plus 2 (World, V2.7)	1997	Jaleco / The Tetris Company
tetrisp2	Tetris Plus 2 (World, V2.8)	1997	Jaleco / The Tetris Company
tgm2p	Tetris: The Absolute - The Grand Master 2 Plus	2000	Arika
tgm2	Tetris: The Absolute - The Grand Master 2	2000	Arika
thoop2d	TH Strikes Back (non North America, version 1.0, checksum 0206DF91)	1994	Gaelco
thoop2e	TH Strikes Back (non North America, version 1.0, checksum 0206DF91, without title)	1994	Gaelco
thoop2b	TH Strikes Back (non North America, version 1.0, checksum 020E0867)	1994	Gaelco
thoop2c	TH Strikes Back (non North America, version 1.0, checksum 020E154A)	1994	Gaelco
thoop2a	TH Strikes Back (non North America, version 1.0, checksum 020EB346)	1994	Gaelco
thoop2	TH Strikes Back (non North America, version 1.0, checksum 020EB356)	1994	Gaelco
the26thz	The 26th Z (Japan, location test)	1986	Ed Co., Ltd. (Taito license)
robby	The Adventures of Robby Roto! - Roto to the Rescue!	1981	Dave Nutting Associates / Bally Midway
alphaxz	The Alphax Z (Japan)	1986	Ed Co., Ltd. (Wood Place Co., Ltd. license)
mrflea	The Amazing Adventures of Mr. F. Lea	1982	Pacific Novelty
anteateruk	The Anteater (UK)	1982	Tago Electronics (Free Enterprise Games license)
astyanax	The Astyanax (EPROM version)	1989	Jaleco
astyanaxa	The Astyanax (mask ROM version)	1989	Jaleco
battroad	The Battle-Road	1984	Irem
berlwallt	The Berlin Wall (bootleg?)	1991	Kaneko
berlwallk	The Berlin Wall (Korea)	1991	Kaneko (Inter license)
berlwall	The Berlin Wall	1991	Kaneko
bigprowr	The Big Pro Wrestling! (set 1)	1983	Technos Japan
bigprowra	The Big Pro Wrestling! (set 2)	1983	Technos Japan
billiard	The Billiards (bootleg of Video Hustler)	1981	bootleg
bounty	The Bounty (set 1)	1982	Orca
bounty2	The Bounty (set 2)	1982	Orca
edrandyj	The Cliffhanger - Edward Randy (Japan ver 3)	1990	Data East Corporation
edrandy1	The Cliffhanger - Edward Randy (World ver 1)	1990	Data East Corporation
edrandy2	The Cliffhanger - Edward Randy (World ver 2)	1990	Data East Corporation
edrandy	The Cliffhanger - Edward Randy (World ver 3)	1990	Data East Corporation
ctribeb	The Combatribes (bootleg set 1)	1990	bootleg
ctribeb2	The Combatribes (bootleg set 2)	1990	bootleg
ctribej	The Combatribes (Japan, rev 2)	1990	Technos Japan
ctribeu1	The Combatribes (US, rev 1)	1990	Technos Japan
ctribe	The Combatribes (US, rev 2, set 1)	1990	Technos Japan
ctribeua	The Combatribes (US, rev 2, set 2)	1990	Technos Japan
dealer	The Dealer	1984	Epos Corporation
thedeep	The Deep (Japan)	1987	Woodplace Inc.
dfjail	The Destroyer From Jail (Korea)	1991	Philko
dbldynj	The Double Dynamites (Japan, 13NOV89)	1989	Seibu Kaihatsu
dbldynu	The Double Dynamites (US, 13NOV89)	1989	Seibu Kaihatsu (Fabtek license)
elecyoyo	The Electric Yo-Yo (rev 1)	1982	Taito America Corporation
elecyoyoa	The Electric Yo-Yo	1982	Taito America Corporation
esb	The Empire Strikes Back	1985	Atari Games
theendss	The End (SegaSA / Sonic)	1981	bootleg (Sonic)
theends	The End (Stern Electronics)	1980	Konami (Stern Electronics license)
theend	The End	1980	Konami
teot	The Eye of Typhoon (HB, Beta 7 Version)	2022	OzzyOuzo
flstoryo	The FairyLand Story (earlier)	1985	Taito
flstory	The FairyLand Story	1985	Taito
daraku	The Fallen Angels (World) / Daraku Tenshi: The Fallen Angels (Japan)	1998	Psikyo
froundl	The Final Round (version L)	1988	Konami
fround	The Final Round (version M)	1988	Konami
gametngk	The Game Paradise - Master of Shooting! / Game Tengoku - The Game Paradise (ver 1.0)	1995	Jaleco
theglad100	The Gladiator / Shenjian Fumo Lu / Shenjian Fengyun (M68k label V100) (ARM label V100, ROM 01/16/03 SHEN JIAN)	2003	IGS
theglad101	The Gladiator / Shenjian Fumo Lu / Shenjian Fengyun (M68k label V100) (ARM label V101, ROM 03/13/03 SHEN JIAN)	2003	IGS
theglad104	The Gladiator / Shenjian Fumo Lu / Shenjian Fengyun (M68k label V100) (ARM label V104, ROM 04/02/03 SHEN JIAN V104)	2003	IGS
theglad	The Gladiator / Shenjian Fumo Lu / Shenjian Fengyun (M68k label V101) (ARM label V107, ROM 06/06/03 SHEN JIAN V107)	2003	IGS
theglob2	The Glob (earlier)	1983	Epos Corporation
theglobpb	The Glob (Pac-Man hardware, bootleg)	1983	bootleg
theglobp	The Glob (Pac-Man hardware, set 1)	1983	Epos Corporation
theglobpa	The Glob (Pac-Man hardware, set 2)	1983	Epos Corporation
theglob3	The Glob (set 3)	1983	Epos Corporation
theglob	The Glob	1983	Epos Corporation
ragtimea	The Great Ragtime Show (Japan v1.3, 92.11.26)	1992	Data East Corporation
ragtime	The Great Ragtime Show (Japan v1.5, 92.12.07)	1992	Data East Corporation
guiness	The Guiness (Japan)	1984	Sun Electronics
thehand	The Hand	1981	T.I.C.
thehole	The Hole (bootleg of The Pit)	1982	bootleg
thehustlj	The Hustler (Japan, version J)	1987	Konami
thehustl	The Hustler (Japan, version M)	1987	Konami
skingame	The Irem Skins Game (US set 1)	1992	Irem America
skingame2	The Irem Skins Game (US set 2)	1992	Irem America
irrmaze	The Irritating Maze / Ultra Denryu Iraira Bou	1997	SNK / Saurus
jleagueo	The J.League 1994 (Japan)	1994	Sega
jleague	The J.League 1994 (Japan, Rev A)	1994	Sega
karatour	The Karate Tournament	1992	Mitchell
killbld109	The Killing Blade (ver. 109 alt, Chinese Board)	1998	IGS
killbldqy	The Killing Blade - Heroes (Hack)	2018	hack
killbldjq	The Killing Blade - Infinite Energy (Hack)	2023	hack
killbld100	The Killing Blade / Ao Jian Kuang Dao (ver. 100, Taiwanese Board)	1998	IGS
killbld104	The Killing Blade / Ao Jian Kuang Dao (ver. 104)	1998	IGS
killbld106	The Killing Blade / Ao Jian Kuang Dao (ver. 106)	1998	IGS
killbld	The Killing Blade / Ao Jian Kuang Dao (ver. 109, Chinese Board)	1998	IGS
killbldp	The Killing Blade Plus / Ao Jian Kuang Dao Jiaqiang Ban (China, ver. 300)	2005	IGS
kod1v3	The King of Dragons (1v3, Hack)	2015	hack
kodb	The King of Dragons (bootleg)	1991	bootleg (Playmark)
kodbs	The King of Dragons (Boss Battle, Hack)	2015	hack
kodlys	The King of Dragons (Dragonslayer, Hack)	2023	hack
kodyh	The King of Dragons (Fireworks, Hack)	2022	hack
kodh	The King of Dragons (hack)	2002	Capcom
kodja	The King of Dragons (Japan 910805, B-Board 89625B-1)	1991	Capcom
kodj	The King of Dragons (Japan 910805, B-Board 90629B-3)	1991	Capcom
kodsr	The King of Dragons (Remix Special, Hack)	2002	hack
kodly	The King of Dragons (Tough Plus, Hack)	2025	hack
kodu	The King of Dragons (USA 910910)	1991	Capcom
koddw	The King of Dragons (Warriors, Hack)	2015	hack
kodr1	The King of Dragons (World 910711)	1991	Capcom
kodda	The King of Dragons (World 910731 Phoenix Edition) (bootleg)	1991	Capcom
kodr2	The King of Dragons (World 910731)	1991	Capcom
kod	The King of Dragons (World 910805)	1991	Capcom
kof94bs	The King of Fighters '94 (Boss, Hack)	2015	hack
kof94rz	The King of Fighters '94 (Hack Boss Remixed)	1994	ZKW
kof94nr2	The King of Fighters '94 (New Remix 2018 Rev.2, Hack)	2018	hack
kof94	The King of Fighters '94 (NGM-055 ~ NGH-055)	1994	SNK
kof94br	The King of Fighters '94 (Portuguese edition, Hack)	2006	SNK
kof94tea	The King of Fighters '94 (Team Edit Edition: KOF94 style portraits v1.4.2, Hack)	2024	hack (Matt Greer)
kof94te	The King of Fighters '94 (Team Edit Edition: KOF95 style portraits v1.4.2, Hack)	2024	hack (Matt Greer)
kof95bs	The King of Fighters '95 (Boss, Hack)	2022	hack
kof95b	The King of Fighters '95 (Enable Hidden Characters V.[?])	1995	Ydmis & Creamymami[EGCG]
kof95jq	The King of Fighters '95 (Infinite Energy, Hack)	2023	hack
kof95h	The King of Fighters '95 (NGH-084)	1995	SNK
kof95	The King of Fighters '95 (NGM-084)	1995	SNK
kof95a	The King of Fighters '95 (NGM-084, alt board)	1995	SNK
kof95t	The King of Fighters '95 (Optimized, Hack)	2024	hack
kof95sp	The King of Fighters '95 (Special 2017, Hack)	2020	hack
kof95sr3	The King of Fighters '95 (Super Remix V3, Hack)	2018	hack
kof96ae	The King of Fighters '96 (Anniversary, Hack)	2007-2020	hack
kof96ep	The King of Fighters '96 (bootleg / hack)	1996	bootleg
kof96a	The King of Fighters '96 (bug fix revision)	1996	SNK
kof96cn	The King of Fighters '96 (Chinese Edition, ver 1.0, Hack)	200?	hack
kof96h	The King of Fighters '96 (NGH-214)	1996	SNK
kof96	The King of Fighters '96 (NGM-214)	1996	SNK
kof96pls	The King of Fighters '96 (Plus, Hack)	2003	hack
kof96rp	The King of Fighters '96 (Remix Plus 08 SP, Hack)	2008	hack
kof96rss	The King of Fighters '96 (Remix Spring Special, Version 1.5, Hack)	2005	hack
kof96r	The King of Fighters '96 (Revised, Hack)	2008	hack
kof97cn	The King of Fighters '97 (10th Anniversary Chinese Edition, Hack)	2007	hack
kof97ae230625	The King of Fighters '97 (Anniversary 2.3.0625, Hack)	2020	EGHT
kof97ae	The King of Fighters '97 (Anniversary, Hack)	2018-2020	EGHT
kof97bt	The King of Fighters '97 (Balanced & Optimized, Hack)	2023	hack
kof97ts	The King of Fighters '97 (Battle with Orochi, v1.2, Hack)	2019	hack
kof97bs	The King of Fighters '97 (Boss, Hack)	2023	hack
kof97ce	The King of Fighters '97 (Champion  Edition, Hack)	2024	hack
kof97cbt	The King of Fighters '97 (Combo Training, Hack, Ver. 2018)	2019	hack
kof97cb	The King of Fighters '97 (Combo, Hack)	2018	hack
kof97m	The King of Fighters '97 (Dream Back, Hack)	2013	hack
kof97eb	The King of Fighters '97 (Evolution & Balance, Hack)	2023	hack
kof97evf	The King of Fighters '97 (Evolution FC2, Hack)	2011	hack
kof97evn	The King of Fighters '97 (Evolution New, Hack)	200?	hack
kof97xt	The King of Fighters '97 (Final Battle, Hack)	2007	hack
kof97ps	The King of Fighters '97 (Imitation Playstation final improved version 2016-10-29)	1997	Eddids
kof97inv	The King of Fighters '97 (Invincible Plus!, B2.1.2107, Hack)	2021	hack
kof97k	The King of Fighters '97 (Korean release)	1997	SNK
kof97h	The King of Fighters '97 (NGH-2320)	1997	SNK
kof97	The King of Fighters '97 (NGM-2320)	1997	SNK
kof97t	The King of Fighters '97 (Optimized, Hack)	2014-2020	hack
kof97pm	The King of Fighters '97 (Practice Mode, Hack)	1997	hack
kof97rc	The King of Fighters '97 (Random Combo, Hack, Ver. 2010)	2019	hack
kof97rm	The King of Fighters '97 (Randomized, Hack)	2022	hack
kof97sp	The King of Fighters '97 (Special, Hack)	2015	hack
kof97st	The King of Fighters '97 (Strengthen Innovation, Hack)	2023	hack
kof97ubp	The King of Fighters '97 (Ultimate Battle Plus, Hack)	2020	hack
kof97oro	The King of Fighters '97 Chongchu Jianghu Plus 2003 (bootleg, set 1)	1997	bootleg
kof97pla	The King of Fighters '97 Chongchu Jianghu Plus 2003 (bootleg, set 2)	2003	bootleg
kof97pls	The King of Fighters '97 Plus (bootleg)	1997	bootleg
kof97plc	The King of Fighters '97 Plus (Enhanced, Hack)	2023	hack
kof97plh	The King of Fighters '97 Plus (Hack)	2014	hack
kof98ae	The King of Fighters '98 - The Slugfest / King of Fighters '98 - Dream Match Never Ends (Anniversary, Hack)	2007-2016	hack
kof98bc2nd	The King of Fighters '98 - The Slugfest / King of Fighters '98 - Dream Match Never Ends (BC 2nd Impact Edition, Hack, Ver.2020-07-29)	2020	hack
kof98bc2k2	The King of Fighters '98 - The Slugfest / King of Fighters '98 - Dream Match Never Ends (BC Style 2002, Hack) (Unknown Author)	20??	hack
kof98cp	The King of Fighters '98 - The Slugfest / King of Fighters '98 - Dream Match Never Ends (Combo Plus, Hack)	2020	hack
kof98cb	The King of Fighters '98 - The Slugfest / King of Fighters '98 - Dream Match Never Ends (Combo, Hack)	2018-2020	hack
kof98eck	The King of Fighters '98 - The Slugfest / King of Fighters '98 - Dream Match Never Ends (Easy Combo Edition, Hack)	2024	hack
kof98evo	The King of Fighters '98 - The Slugfest / King of Fighters '98 - Dream Match Never Ends (Evolution, Hack)	200?	hack
kof98k	The King of Fighters '98 - The Slugfest / King of Fighters '98 - Dream Match Never Ends (Korean board, set 1)	1998	SNK
kof98ka	The King of Fighters '98 - The Slugfest / King of Fighters '98 - Dream Match Never Ends (Korean board, set 2)	1998	SNK
kof98h	The King of Fighters '98 - The Slugfest / King of Fighters '98 - Dream Match Never Ends (NGH-2420)	1998	SNK
kof98	The King of Fighters '98 - The Slugfest / King of Fighters '98 - Dream Match Never Ends (NGM-2420)	1998	SNK
kof98a	The King of Fighters '98 - The Slugfest / King of Fighters '98 - Dream Match Never Ends (NGM-2420, alt board)	1998	SNK
kof98pfe	The King of Fighters '98 - The Slugfest / King of Fighters '98 - Dream Match Never Ends (Plus Final Edition, Hack)	2019	hack
kof98rat	The King of Fighters '98 - The Slugfest / King of Fighters '98 - Dream Match Never Ends (Ratio, Hack)	2021	hack (bankbank)
kof98ult	The King of Fighters '98 - The Slugfest / King of Fighters '98 - Dream Match Never Ends (Ultimate Match, Hack)	2020	hack
kof98mix	The King of Fighters '98 - The Slugfest / King of Fighters '98 - Dream Match Never Ends (Unlimited, Hack)	2011-2015	hack
kof98umh	The King of Fighters '98: Ultimate Match HERO (China, V100)	2009	IGS / SNK Playmore / New Channel
kof98umhd	The King of Fighters '98: Ultimate Match HERO (V100, Decrypted)	2009	IGS / SNK Playmore / New Channel
kof99ae	The King of Fighters '99 - Millennium Battle (Anniversary, Hack)	2020	hack
kof99cb	The King of Fighters '99 - Millennium Battle (Combo, Hack)	2008	hack
kof99e	The King of Fighters '99 - Millennium Battle (earlier)	1999	SNK
kof99eur	The King of Fighters '99 - Millennium Battle (Evolution Ultra Remix, Hack)	201?-2015	hack
kof99jh	The King of Fighters '99 - Millennium Battle (Evolution, Hack)	2023	hack
kof99fd	The King of Fighters '99 - Millennium Battle (Fully Decrypted)	1999	SNK
kof99jq	The King of Fighters '99 - Millennium Battle (Infinite Energy, Hack)	2024	hack
kof99k	The King of Fighters '99 - Millennium Battle (Korean release)	1999	SNK
kof99ka	The King of Fighters '99 - Millennium Battle (Korean release, non-encrypted program)	1999	SNK
kof99sk	The King of Fighters '99 - Millennium Battle (LC+SK, Hack)	2025	LIY
kof99h	The King of Fighters '99 - Millennium Battle (NGH-2510)	1999	SNK
kof99	The King of Fighters '99 - Millennium Battle (NGM-2510)	1999	SNK
kof99t	The King of Fighters '99 - Millennium Battle (Optimized, Hack)	2014-2024	hack
kof99pls	The King of Fighters '99 - Millennium Battle (Plus, Hack)	2024	hack
kof99p	The King of Fighters '99 - Millennium Battle (prototype)	1999	SNK
kof99rp	The King of Fighters '99 - Millennium Battle (Remix Pro v2.01 Final, Hack)	2022	hack
kof99sr	The King of Fighters '99 - Millennium Battle (Summer Revolution, Hack)	2007	hack
kof10th	The King of Fighters 10th Anniversary (bootleg of The King of Fighters 2002)	2002	bootleg
kf10thuo	The King of Fighters 10th Anniversary (Optimized 2020, Hack)	2020	hack
kf10thup	The King of Fighters 10th Anniversary (Optimized 2023, Hack)	2025	hack
kof10thd	The King of Fighters 10th Anniversary (The King of Fighters 2002 bootleg / Fully Decrypted)	200?	hack
kf2k5uni	The King of Fighters 10th Anniversary 2005 Unique (bootleg of The King of Fighters 2002)	2004	bootleg
kf10thep	The King of Fighters 10th Anniversary Extra Plus (bootleg of The King of Fighters 2002)	2005	bootleg
kof2kfd	The King of Fighters 2000 (Fully Decrypted)	2000	SNK
kof2000bc	The King of Fighters 2000 (Imitate BC 14 System, Hack By Aillis)	2021	hack
kof2000	The King of Fighters 2000 (NGM-2570 ~ NGH-2570)	2000	SNK
kof2000n	The King of Fighters 2000 (not encrypted)	2000	SNK
kof2000t	The King of Fighters 2000 (Optimized, Hack)	2013	hack
kof2kotc	The King of Fighters 2000 (OTC, Hack)	2022-2023	hack
kof2kps2	The King of Fighters 2000 (Playstation 2, Hack)	2013	hack
kof2kpls	The King of Fighters 2000 (Plus Blue, Hack)	2018	hack
kof2ksp	The King of Fighters 2000 (Special, Hack)	2023	hack
kof2kxxx	The King of Fighters 2000 SP XXX (Hack, Ver. 2016-01-04)	2016	hack
kf2k1ult	The King of Fighters 2001 (All Boss Plus, Hack)	2026	hack
kof2k1bs	The King of Fighters 2001 (Boss, Hack)	2010	hack
kof2k1fd	The King of Fighters 2001 (Fully Decrypted)	2001	Eolith / SNK
kof2001h	The King of Fighters 2001 (NGH-2621)	2001	Eolith / SNK
kof2001	The King of Fighters 2001 (NGM-262?)	2001	Eolith / SNK
kf2k1pkz	The King of Fighters 2001 (PS2 Krizalid, Hack)	2021	hack
kof2k1rp	The King of Fighters 2001 (Remix Pro v1.02 Final, Hack)	2004	hack
kof2k1ru	The King of Fighters 2001 (Remix Ultra 2.3, Hack)	2004	hack
kf2k1bh	The King of Fighters 2001 Boss Hack (bootleg / hack)	2001	bootleg
kf2k1pls	The King of Fighters 2001 Plus (set 1, bootleg / hack)	2002	bootleg
kf2k1pla	The King of Fighters 2001 Plus (set 2, bootleg / hack)	2002	bootleg
kf2k23rd	The King of Fighters 2002 (3rd Strike of Orochi, Hack)	2020-2022	hack
kof2k2ts	The King of Fighters 2002 (Battle with Orochi, Hack)	2021	hack
kof2002b	The King of Fighters 2002 (bootleg)	2002	bootleg
kf2k2mix	The King of Fighters 2002 (Climax, Hack)	2016	hack
kof2k2fd	The King of Fighters 2002 (Fully Decrypted)	2002	Eolith / Playmore
kof2k2jq	The King of Fighters 2002 (Infinite Energy, Hack)	2022	hack
kof2002m	The King of Fighters 2002 (Mugen, Hack)	2023	hack
kof2002	The King of Fighters 2002 (NGM-2650 ~ NGH-2650)	2002	Eolith / Playmore
kof2k2omg	The King of Fighters 2002 (Omega v.0?)	2002	hack
kof2k2omg8	The King of Fighters 2002 (Omega v0.8)	2010	hack
kof2k2omg9b	The King of Fighters 2002 (Omega v0.9 beta)	2011	hack
kof2k2omg9	The King of Fighters 2002 (Omega v0.9)	2012	hack
kf2k2ps2re	The King of Fighters 2002 (PlayStation 2 Plus 2025 ver 1.0, Hack)	2025	GSC2007, Dream
kf2k2p17	The King of Fighters 2002 (Plus 2017, Hack)	2020	hack
kof2k2br	The King of Fighters 2002 (Portuguese edition v2.0, Hack)	2005	hack (NeoGeo BR Team)
kof2k2ru	The King of Fighters 2002 (Remix Ultra 3.5, Hack)	2006	hack
kof2k2ly	The King of Fighters 2002 (Remix, Hack)	2015	hack
kf2k2mp	The King of Fighters 2002 Magic Plus (bootleg, set 1)	2002	bootleg
kf2k2mpl	The King of Fighters 2002 Magic Plus (bootleg, set 2)	2002	bootleg
kf2k2mp2	The King of Fighters 2002 Magic Plus II (bootleg)	2002	bootleg
kf2k2mp3	The King of Fighters 2002 Magic Plus III (Hack)	2010	hack
kf2k2pls	The King of Fighters 2002 Plus (bootleg set 1)	2002	bootleg
kf2k2pla	The King of Fighters 2002 Plus (bootleg set 2)	2002	bootleg
kf2k2plb	The King of Fighters 2002 Plus (bootleg set 3)	2002	bootleg
kf2k2pl	The King of Fighters 2002 Plus (bootleg set 4)	2002	bootleg
kf2k2plh	The King of Fighters 2002 Plus (Hack)	2022	hack
kof2002t	The King of Fighters 2002 Plus (Optimised, Hack)	2014	hack
kf2k2plc	The King of Fighters 2002 Super (bootleg)	2002	bootleg
kf2k3bl	The King of Fighters 2003 (bootleg set 1)	2003	bootleg
kf2k3bla	The King of Fighters 2003 (bootleg set 2)	2003	bootleg
kof2k3fd	The King of Fighters 2003 (Fully Decrypted)	2003	SNK Playmore
kf2k3pcb	The King of Fighters 2003 (Japan, JAMMA PCB)	2003	SNK Playmore
kof2003h	The King of Fighters 2003 (NGH-2710)	2003	SNK Playmore
kof2003	The King of Fighters 2003 (NGM-2710, Export)	2003	SNK Playmore
kf2k3ps2	The King of Fighters 2003 (PlayStation 2, Hack)	2006	hack
kof2003t	The King of Fighters 2003 (Plus, Hack)	2014	SNK Playmore
kof2k3br	The King of Fighters 2003 (Portuguese edition v1.0, Hack)	2005	hack (NeoGeo BR Team)
kf2k3p2s	The King of Fighters 2003 (PS2 Style Portraits, Hack)	20??	hack
kf2k3pl	The King of Fighters 2004 Plus / Hero (bootleg of The King of Fighters 2003)	2003	bootleg
kf2k3upl	The King of Fighters 2004 Ultra Plus (bootleg of The King of Fighters 2003)	2003	bootleg
kof2k4se	The King of Fighters Special Edition 2004 (bootleg of The King of Fighters 2002)	2004	bootleg
kf2k4pls	The King of Fighters Special Edition 2004 Plus (bootleg)	2004	bootleg
lastbldi	The Last Blade / Bakumatsu Roman - Gekka no Kenshi (Infinite Energy, Hack)	2023	hack
lastbladh	The Last Blade / Bakumatsu Roman - Gekka no Kenshi (NGH-2340)	1997	SNK
lastblad	The Last Blade / Bakumatsu Roman - Gekka no Kenshi (NGM-2340)	1997	SNK
lastblada	The Last Blade / Bakumatsu Roman - Gekka no Kenshi (NGM-2340, alt board)	1997	SNK
lastbldp	The Last Blade / Bakumatsu Roman - Gekka no Kenshi (Plus, Hack)	2014	hack
lastblsp	The Last Blade / Bakumatsu Roman - Gekka no Kenshi (Special 2017 v2.5 FINAL, Hack)	2025	GSC2007
lastbd2b	The Last Blade 2 / Bakumatsu Roman - Dai Ni Maku Gekka no Kenshi (Enable Hidden Characters V4)	1998	Dodowang[EGCG]
lastbd2e	The Last Blade 2 / Bakumatsu Roman - Dai Ni Maku Gekka no Kenshi (Enhanced, Hack)	1998	hack
lastbd2i	The Last Blade 2 / Bakumatsu Roman - Dai Ni Maku Gekka no Kenshi (Infinite Energy, Hack)	2023	hack
lastbld2	The Last Blade 2 / Bakumatsu Roman - Dai Ni Maku Gekka no Kenshi (NGM-2430 ~ NGH-2430)	1998	SNK
lastbd2p	The Last Blade 2 / Bakumatsu Roman - Dai Ni Maku Gekka no Kenshi (Plus, Hack)	2014	hack
lastbd2t	The Last Blade 2 / Bakumatsu Roman - Dai Ni Maku Gekka no Kenshi (Team, Hack)	2015	hack
lastday	The Last Day (set 1)	1990	Dooyong
lastdaya	The Last Day (set 2)	1990	Dooyong
lastsold	The Last Soldier (Korean release of The Last Blade)	1997	SNK
lkagebl1	The Legend of Kage (bootleg set 1)	1984	bootleg
lkagebl2	The Legend of Kage (bootleg set 2)	1984	bootleg
lkagebl3	The Legend of Kage (bootleg set 3)	1984	bootleg
lkagebl4	The Legend of Kage (bootleg set 4)	1984	bootleg
lkagea	The Legend of Kage (rev 1)	1984	Taito Corporation
lkage	The Legend of Kage (rev 2)	1984	Taito Corporation
lkageb	The Legend of Kage	1984	Taito Corporation
silkroada	The Legend of Silkroad (larger ROMs)	1999	Unico
silkroad	The Legend of Silkroad	1999	Unico
lordofk	The Lord of King (Japan)	1989	Jaleco
darkmist	The Lost Castle In Darkmist	1986	Seibu Kaihatsu (Taito license)
mainevt2p	The Main Event (2 Players ver. X)	1988	Konami
mainevto	The Main Event (4 Players ver. F)	1988	Konami
mainevt	The Main Event (4 Players ver. Y)	1988	Konami
mastkin	The Masters of Kin	1988	Du Tech
tnzsj	The NewZealand Story (Japan, new version) (P0-043A PCB)	1988	Taito Corporation
tnzsjo	The NewZealand Story (Japan, old version) (P0-041A PCB)	1988	Taito Corporation
tnzsuo	The NewZealand Story (US, old version) (P0-041A PCB)	1988	Taito America Corporation
tnzs	The NewZealand Story (World, new version) (P0-043A PCB)	1988	Taito Corporation Japan
tnzso	The NewZealand Story (World, old version) (P0-041A PCB)	1988	Taito Corporation Japan
tnzsop	The NewZealand Story (World, prototype) (P0-041-1 PCB)	1988	Taito Corporation Japan
tnzsoa	The NewZealand Story (World, unknown version) (P0-041A PCB)	1988	Taito Corporation Japan
tnextspcj	The Next Space (Japan)	1989	SNK (Pasadena International Corp. license)
tnextspc	The Next Space (set 1)	1989	SNK
tnextspc2	The Next Space (set 2)	1989	SNK
ninjakj	The Ninja Kids (Japan)	1990	Taito Corporation
ninjaku	The Ninja Kids (US)	1990	Taito America Corporation
ninjak	The Ninja Kids (World)	1990	Taito Corporation Japan
ninjawj	The Ninja Warriors (Japan)	1987	Taito Corporation
ninjawu	The Ninja Warriors (US, Romstar license)	1987	Taito Corporation America (licensed to Romstar)
ninjaw1	The Ninja Warriors (World, earlier version)	1987	Taito Corporation Japan
ninjaw	The Ninja Warriors (World, later version)	1987	Taito Corporation Japan
outfxiesj	The Outfoxies (Japan, OU1)	1994	Namco
outfxiesja	The Outfoxies (Japan, OU1, alternate GFX ROMs)	1994	Namco
outfxiesa	The Outfoxies (Korea?)	1994	Namco
outfxies	The Outfoxies (World, OU2)	1994	Namco
percuss	The Percussor	1981	Orca
thepitm	The Pit (bootleg on Moon Quasar hardware)	198?	bootleg (KZH)
thepitj	The Pit (Japan)	1982	Zilec Electronics (Taito license)
thepitu1	The Pit (US set 1)	1982	Zilec Electronics (Centuri license)
thepitu2	The Pit (US set 2)	1982	Zilec Electronics (Centuri license)
thepitu3	The Pit (US set 3)	1982	Zilec Electronics (Centuri license)
thepit	The Pit	1982	Zilec Electronics
punishly	The Punisher (1vs2 Flame, Hack)	2018	hack
punishhr	The Punisher (1vs2 Invincible, Hack)	2018	hack
punishbs	The Punisher (1vs2 Match, Hack)	2018	hack
punishpf	The Punisher (1vs2 Perfect, Hack)	2018	hack
punipic	The Punisher (bootleg with PIC16C57, set 1)	1993	bootleg
punipic2	The Punisher (bootleg with PIC16C57, set 2)	1993	bootleg
punipic3	The Punisher (bootleg with PIC16C57, set 3)	1993	bootleg
punisherb	The Punisher (bootleg)	1993	bootleg
punishfw	The Punisher (Framework 2020, Hack)	2020	hack
punisherh	The Punisher (Hispanic 930422)	1993	Capcom
punisherj	The Punisher (Japan 930422)	1993	Capcom
punisheru	The Punisher (USA 930422)	1993	Capcom
punishdw	The Punisher (Warriors, Hack)	2009	hack
punisher	The Punisher (World 930422)	1993	Capcom
ghostb2a	The Real Ghostbusters (US 2 Players)	1987	Data East USA
ghostb	The Real Ghostbusters (US 2 Players, revision 2)	1987	Data East USA
ghostb3	The Real Ghostbusters (US 3 Players, revision 3B?)	1987	Data East USA
roishtar	The Return of Ishtar	1986	Namco
roldfrog	The Return of Lady Frog (set 1)	1993	Microhard
roldfroga	The Return of Lady Frog (set 2)	1993	Microhard
simpsons2pa	The Simpsons (2 Players Asia)	1991	Konami
simpsons2pj	The Simpsons (2 Players Japan)	1991	Konami
simpsons2p	The Simpsons (2 Players World, set 1)	1991	Konami
simpsons2p2	The Simpsons (2 Players World, set 2)	1991	Konami
simpsons2p3	The Simpsons (2 Players World, set 3)	1991	Konami
simpsons4pa	The Simpsons (4 Players Asia)	1991	Konami
simpsons	The Simpsons (4 Players World, set 1)	1991	Konami
simpsons4pe	The Simpsons (4 Players World, set 2)	1991	Konami
simpsons4pe2	The Simpsons (4 Players World, set 3)	1991	Konami
srumbler	The Speed Rumbler (set 1)	1986	Capcom
srumbler2	The Speed Rumbler (set 2)	1986	Capcom
srumbler3	The Speed Rumbler (set 3)	1986	Capcom (Tecfri license)
superspy	The Super Spy (NGM-011 ~ NGH-011)	1990	SNK
3stooges	The Three Stooges In Brides Is Brides (set 1)	1984	Mylstar
3stoogesa	The Three Stooges In Brides Is Brides (set 2)	1984	Mylstar
tinstar	The Tin Star (A10, 4 PCB version)	1983	Taito Corporation
tinstara	The Tin Star (TS, 5 PCB version)	1983	Taito Corporation
thetogyu	The Togyu (315-5065, Japan)	1984	Coreland / Sega
ctower	The Tower (DECO Cassette) (Europe)	1981	Data East Corporation
todruaga	The Tower of Druaga (New Ver.)	1984	Namco
todruagao	The Tower of Druaga (Old Ver.)	1984	Namco
todruagas	The Tower of Druaga (Sidam)	1984	bootleg? (Sidam)
ssideki4	The Ultimate 11 - The SNK Football Championship / Tokuten Ou - Honoo no Libero	1996	SNK
wintbob	The Winter Bobble (bootleg of Snow Bros.)	1990	bootleg (Sakowa Project Korea)
thief	Thief	1981	Pacific Novelty
trally	Thrash Rally (ALM-003 ~ ALH-003)	1991	Alpha Denshi Co.
3wondersb	Three Wonders (bootleg)	1991	bootleg
3wondersh	Three Wonders (hack, set 1)	1991	bootleg
3wondersha	Three Wonders (hack, set 2)	1991	bootleg
3wondersu	Three Wonders (USA 910520)	1991	Capcom
3wondersr1	Three Wonders (World 910513)	1991	Capcom
3wonders	Three Wonders (World 910520)	1991	Capcom
thunderl	Thunder & Lightning (set 1)	1990	Seta
thunderla	Thunder & Lightning (set 2)	1990	Seta
thndrbld1	Thunder Blade (deluxe/standing) (unprotected)	1987	Sega
thndrbldd	Thunder Blade (upright) (bootleg of FD1094 317-0056 set)	1987	bootleg
thndrbld	Thunder Blade (upright) (FD1094 317-0056)	1987	Sega
thndblst	Thunder Blaster (Japan)	1991	Irem
tceptor	Thunder Ceptor	1986	Namco
thunderxj	Thunder Cross (Japan)	1988	Konami
thunderx	Thunder Cross (set 1)	1988	Konami
thunderxa	Thunder Cross (set 2)	1988	Konami
thunderxb	Thunder Cross (set 3)	1988	Konami
thndrx2a	Thunder Cross II (Asia)	1991	Konami
thndrx2j	Thunder Cross II (Japan)	1991	Konami
thndrx2	Thunder Cross II (World)	1991	Konami
tdragon1	Thunder Dragon (4th Jun. 1991, protected)	1991	NMK (Tecmo license)
tdragon	Thunder Dragon (8th Jan. 1992, unprotected)	1991	NMK (Tecmo license)
tdragonb	Thunder Dragon (bootleg with Raiden sounds, encrypted)	1991	bootleg
tdragonb3	Thunder Dragon (bootleg with Raiden sounds, unencrypted)	1991	bootleg
tdragon2a	Thunder Dragon 2 (1st Oct. 1993)	1993	NMK
tdragon2	Thunder Dragon 2 (9th Nov. 1993)	1993	NMK
tdragon3h	Thunder Dragon 3 (bootleg of Thunder Dragon 2)	1996	bootleg (Conny Co Ltd.)
tfrceacb	Thunder Force AC (bootleg)	1990	bootleg
tfrceacj	Thunder Force AC (Japan)	1990	Technosoft / Sega
tfrceacjpb	Thunder Force AC (Japan, prototype, bootleg)	1990	Technosoft / Sega
tfrceac	Thunder Force AC	1990	Technosoft / Sega
thundfoxj	Thunder Fox (Japan, rev 1)	1990	Taito Corporation
thundfoxu	Thunder Fox (US, rev 1)	1990	Taito America Corporation
thundfox	Thunder Fox (World, rev 1)	1990	Taito Corporation Japan
theroes	Thunder Heroes (set 1)	2001	Primetek Investments
theroesa	Thunder Heroes (set 2)	2001	Primetek Investments
thoopnna	Thunder Hoop (non North America, ver. X, checksum 00000020, set 1)	1992	Gaelco
thoopnnaa	Thunder Hoop (non North America, ver. X, checksum 00000020, set 2)	1992	Gaelco
thoopna	Thunder Hoop (North America, ver. C4, checksum 02A0A008)	1992	Gaelco
thoop	Thunder Hoop (ver. 1, checksum 02a09f7d)	1992	Gaelco
thoopa	Thunder Hoop (ver. 1, checksum 02a09fcd)	1992	Gaelco
thoopb	Thunder Hoop (ver. X, checksum 00000020, without title)	1992	Gaelco
tstrike	Thunder Strike (set 1)	1991	East Coast Coin Company
tstrikea	Thunder Strike (set 2, older)	1991	The Game Room
thndzonej	Thunder Zone (Japan)	1991	Data East Corporation
thndzone4	Thunder Zone (World 4 Players)	1991	Data East Corporation
thndzonea	Thunder Zone (World)	1991	Data East Corporation
thndzone	Thunder Zone (World, Rev 1)	1991	Data East Corporation
tndrcade	Thundercade / Twin Formation	1987	Seta (Taito license)
thunderja	ThunderJaws (rev 2)	1990	Atari Games
thunderj	ThunderJaws (rev 3)	1990	Atari Games
tigeroadb	Tiger Road (US bootleg, set 1)	1987	bootleg
tigeroadba	Tiger Road (US bootleg, set 2)	1987	bootleg
tigeroad	Tiger Road (US)	1987	Capcom
tigeroadu	Tiger Road (US, Romstar license)	1987	Capcom (Romstar license)
tigerhb1	Tiger-Heli (bootleg set 1)	1985	bootleg
tigerhb2	Tiger-Heli (bootleg set 2)	1985	bootleg
tigerhb3	Tiger-Heli (bootleg set 3)	1985	bootleg
tigerhj	Tiger-Heli (Japan)	1985	Toaplan / Taito
tigerhbt	Tiger-Heli (Tecfri bootleg)	1985	bootleg (Tecfri)
tigerh	Tiger-Heli (US)	1985	Toaplan / Taito America Corp.
timber	Timber	1984	Bally Midway
timefgtr	Time Fighter (Time Pilot conversion on Galaxian hardware)	198?	Taito do Brasil
timekill100	Time Killers (v1.00)	1992	Strata / Incredible Technologies
timekill120	Time Killers (v1.20, alternate ROM board)	1992	Strata / Incredible Technologies
timekill121	Time Killers (v1.21)	1992	Strata / Incredible Technologies
timekill121a	Time Killers (v1.21, alternate ROM board)	1992	Strata / Incredible Technologies
timekill131	Time Killers (v1.31)	1992	Strata / Incredible Technologies
timekill	Time Killers (v1.32)	1992	Strata / Incredible Technologies
timekill132i	Time Killers (v1.32I)	1992	Strata / Incredible Technologies
timelimt	Time Limit	1983	Chuo Co. Ltd
tp84	Time Pilot '84 (set 1)	1984	Konami
tp84a	Time Pilot '84 (set 2)	1984	Konami
tp84b	Time Pilot '84 (set 3)	1984	Konami
timeplta	Time Pilot (Atari)	1982	Konami (Atari license)
timepltc	Time Pilot (Centuri)	1982	Konami (Centuri license)
timeplt	Time Pilot	1982	Konami
timescan1	Time Scanner (set 1, System 16A, FD1089B 317-0024)	1987	Sega
timescan	Time Scanner (set 2, System 16B)	1987	Sega
timescan3	Time Scanner (set 3, Japan, System 16B) (FD1089B 317-0024)	1987	Sega
timesold1	Time Soldiers (US Rev 1)	1987	Alpha Denshi Co. (SNK/Romstar license)
timesold	Time Soldiers (US Rev 3)	1987	Alpha Denshi Co. (SNK/Romstar license)
timetunl	Time Tunnel	1982	Taito Corporation
timesup	Time's UP! (HB)	2012	NGF Dev. Inc.
timesupd	Time's UP! (HB, Demo)	2012	NGF Dev. Inc.
tinklpit	Tinkle Pit (Japan)	1993	Namco
tiptop	Tip Top (3 board stack)	1983	Sega
titanpac	Titan (hack of Pac-Man)	1981	hack (NSM)
titlefj	Title Fight (Japan)	1992	Sega
titlefu	Title Fight (US)	1992	Sega
titlef	Title Fight (World)	1992	Sega
toffy	Toffy (encrypted)	1993	Midas
toffya	Toffy (unencrypted)	1993	Midas
tokib	Toki (Datsu bootleg)	1990	bootleg (Datsu)
tokibr	Toki (Portuguese-BR Translation v1.07, Hack)	2019	hack (Antigeno)
tokip	Toki (US, prototype?)	1989	TAD Corporation (Fabtek license)
tokiu	Toki (US, set 1)	1989	TAD Corporation (Fabtek license)
tokiua	Toki (US, set 2)	1989	TAD Corporation (Fabtek license)
toki	Toki (World, set 1)	1989	TAD Corporation
tokia	Toki (World, set 2)	1989	TAD Corporation
tokisens	Toki no Senshi - Chrono Soldier (MC-8123, 317-0040)	1987	Sega
tokisensa	Toki no Senshi - Chrono Soldier (prototype?)	1987	Sega
tokiob	Tokio / Scramble Formation (bootleg)	1986	bootleg
tokio	Tokio / Scramble Formation (newer)	1986	Taito Corporation
tokioo	Tokio / Scramble Formation (older)	1986	Taito Corporation
tokiou	Tokio / Scramble Formation (US)	1986	Taito America Corporation (Romstar license)
jackalj	Tokushu Butai Jackal (Japan, 8-way Joystick)	1986	Konami
tndrcadej	Tokusyu Butai U.A.G. (Japan)	1987	Seta (Taito license)
tomagic	Tom Tom Magic	1997	Hobbitron T.K.Trading Co. Ltd.
toobin2e	Toobin' (Europe, rev 2)	1988	Atari Games
toobine	Toobin' (Europe, rev 3)	1988	Atari Games
toobing	Toobin' (German, rev 3)	1988	Atari Games
toobin1	Toobin' (rev 1)	1988	Atari Games
toobin2	Toobin' (rev 2)	1988	Atari Games
toobin	Toobin' (rev 3)	1988	Atari Games
topdrive	Top Driving (version 1.1)	1995	Proyesel
topgunbl	Top Gunner (bootleg, Rotary Joystick)	1986	bootleg
topgunr	Top Gunner (US, 8-way Joystick)	1986	Konami
tophuntrh	Top Hunter - Roddy & Cathy (NGH-046)	1994	SNK
tophuntr	Top Hunter - Roddy & Cathy (NGM-046)	1994	SNK
tpgolf	Top Player's Golf (NGM-003 ~ NGH-003)	1990	SNK
drivfrct	Top Racer (bootleg of Driving Force)	1984	bootleg (EMT Germany)
trstarj	Top Ranking Stars (Ver 2.1J 1993/05/21) (New Version)	1993	Taito Corporation
trstaroj	Top Ranking Stars (Ver 2.1J 1993/05/21) (Old Version)	1993	Taito Corporation
trstar	Top Ranking Stars (Ver 2.1O 1993/05/21) (New Version)	1993	Taito Corporation Japan
trstaro	Top Ranking Stars (Ver 2.1O 1993/05/21) (Old Version)	1993	Taito Corporation Japan
toprollr	Top Roller	1983	Jaleco
topsecex	Top Secret (Exidy) (version 1.0)	1986	Exidy
topsecrt	Top Secret (Japan, old revision)	1987	Capcom
topsecrt2	Top Secret (Japan, revision B)	1987	Capcom
topshoot	Top Shooter	1995	Sun Mixing
topspeedu	Top Speed (US)	1987	Taito America Corporation (Romstar license)
topspeed	Top Speed (World, rev 1)	1987	Taito Corporation Japan
toppyrap	Toppy & Rappy	1996	SemiCom
toramich	Tora e no Michi (Japan)	1987	Capcom
toride2ji	Toride II (Japan, revision I)	1994	Metro
toride2j	Toride II (Japan, revision K)	1994	Metro
toride2gg	Toride II Adauchi Gaiden (German)	1994	Metro
toride2g	Toride II Adauchi Gaiden	1994	Metro
toride2gk	Toride II Bok Su Oi Jeon Adauchi Gaiden (Korea)	1994	Metro
tornado1	Tornado (bootleg of Defender, set 1)	1980	bootleg (Jeutel)
ctornado	Tornado (DECO Cassette) (US)	1982	Data East Corporation
toryumondx	Toryumon DX	2023	hack (bankbank)
toryumon	Toryumon	1994	Sega
totcarnp1	Total Carnage (prototype, proto v 1.0 01/25/92)	1992	Midway
totcarnp2	Total Carnage (prototype, proto v 2.0 02/10/92)	1992	Midway
totcarn	Total Carnage (rev LA1 03/10/92)	1992	Midway
touchgonna	Touch and Go (non North America, checksum 056533F0)	1995	Gaelco
touchgonnac	Touch and Go (non North America, checksum 056AA304)	1995	Gaelco
touchgonnab	Touch and Go (non North America, checksum 056C138F)	1995	Gaelco
touchgonnaa	Touch and Go (non North America, checksum 056C2336)	1995	Gaelco
touchgona	Touch and Go (North America, checksum 05737572)	1995	Gaelco
touchgoun	Touch and Go (unprotected, checksum 059CC336)	1995	Gaelco
touchgo	Touch and Go (World, checksum 059D0235)	1996	Gaelco
touchgoa	Touch and Go (World, checksum 05A0C7FB)	1995	Gaelco
tdfeverj	TouchDown Fever (Japan)	1987	SNK
tdfever	TouchDown Fever (US)	1987	SNK
tdfever2b	TouchDown Fever 2 (bootleg)	1988	bootleg
tdfever2	TouchDown Fever 2	1988	SNK
toucheme	Touche Me (set 1)	19??	<unknown>
touchemea	Touche Me (set 2, harder)	19??	<unknown>
thegladpcba	Tougenkyou - Road of the Sword (M68k label V100) (ARM label V100, ROM 02/25/03 SHEN JIAN) (Japan, JAMMA PCB)	2003	IGS (Alta/AMI license)
thegladpcb	Tougenkyou - Road of the Sword (M68k label V100) (ARM label V101, ROM 03/13/03 SHEN JIAN) (Japan, JAMMA PCB)	2003	IGS (Alta/AMI license)
tturfu	Tough Turf (set 1, US) (8751 317-0099)	1989	Sega / Sunsoft
tturf	Tough Turf (set 2, Japan) (8751 317-0104)	1989	Sega / Sunsoft
tkdenshoa	Toukidenshou - Angel Eyes (VER. 960427)	1996	Tecmo
tkdensho	Toukidenshou - Angel Eyes (VER. 960614)	1996	Tecmo
arkatour2	Tournament Arkanoid (US, newer)	1987	Taito America Corporation (Romstar license)
arkatour	Tournament Arkanoid (US, older)	1987	Taito America Corporation (Romstar license)
cprogolfj	Tournament Pro Golf (DECO Cassette) (Japan)	1981	Data East Corporation
cprogolf	Tournament Pro Golf (DECO Cassette) (US)	1981	Data East Corporation
karatblzj	Toushin Blazers (Japan, Tecmo license)	1991	Video System Co. (Tecmo license)
toyland	Toy Land Adventure	2001	SemiCom
toypop	Toypop	1986	Namco
trackfldc	Track & Field (Centuri)	1983	Konami (Centuri license)
trackfldu	Track & Field (Centuri, unencrypted)	1983	Konami (Centuri license)
trackfldnz	Track & Field (NZ bootleg?)	1982	bootleg? (Goldberg Enterprizes Inc.)
trackfld	Track & Field	1983	Konami
tranqgun	Tranquillizer Gun	1980	Sega
transfrm	Transformer	1986	Sega
trapeze	Trapeze / Trampoline	1978	Exidy / Taito
travrusab	Traverse USA (bootleg, set 1)	1983	bootleg (I.P.)
travrusab2	Traverse USA (bootleg, set 2)	1983	bootleg
travrusa	Traverse USA / Zippy Race	1983	Irem
treahunt	Treasure Hunt	1982	Hara Industries
ctisland3	Treasure Island (DECO Cassette) (Europe?)	1981	Data East Corporation
ctisland	Treasure Island (DECO Cassette) (US) (set 1)	1981	Data East Corporation
ctisland2	Treasure Island (DECO Cassette) (US) (set 2)	1981	Data East Corporation
totc	Treasure of the Caribbean	2011	FACE Corporation / N.C.I - Le Cortex
tripool	Tri-Pool: 3-In-One (Casino Tech)	1981	Noma (Casino Tech license)
tripoola	Tri-Pool: 3-In-One (Coastal Games)	1981	Noma (Coastal Games license)
trisport	Tri-Sports	1989	Bally Midway
tricktrp	Trick Trap (World?)	1987	Konami
trckydoc	Tricky Doc (set 1)	1987	Tecfri
trckydoca	Tricky Doc (set 2)	1987	Tecfri
trigon	Trigon (Japan)	1990	Konami
trikitri	Triki Triki (bootleg of Lover Boy)	1993	bootleg (DDT Enterprise Inc)
triothepj	Trio The Punch - Never Forget Me... (Japan)	1989	Data East Corporation
triothep	Trio The Punch - Never Forget Me... (World)	1989	Data East Corporation
tdpgal	Triple Draw Poker (Design Labs / Thomas Automatics)	1983	Design Labs / Thomas Automatics
tdpgala	Triple Draw Poker (Video Village)	1983	Video Village
triplfun	Triple Fun	1993	bootleg
triplep	Triple Punch (set 1)	1982	K.K. International
triplepa	Triple Punch (set 2)	1982	K.K. International
trvgns	Trivia Genius	1985	bootleg
trvmstr	Trivia Master (set 1)	1985	Enerdyne Technologies Inc.
trvmstra	Trivia Master (set 2)	1985	Enerdyne Technologies Inc.
trvmstrb	Trivia Master (set 3)	1985	Enerdyne Technologies Inc.
trvmstrc	Trivia Master (set 4)	1985	Enerdyne Technologies Inc.
trvmstrd	Trivia Master (set 5)	1985	Enerdyne Technologies Inc.
trogpa4	Trog (prototype, rev 4.00 7/27/90)	1990	Midway
trogpa5	Trog (prototype, rev PA5-PAC 8/28/90)	1990	Midway
trogpa6	Trog (prototype, rev PA6-PAC 9/09/90)	1990	Midway
trog3a	Trog (rev LA3 2/10/91)	1990	Midway
trog3	Trog (rev LA3 2/14/91)	1990	Midway
trog4	Trog (rev LA4 3/11/91)	1990	Midway
trog	Trog (rev LA5 3/29/91)	1990	Midway
trojanb	Trojan (bootleg)	1986	bootleg
trojanlt	Trojan (location test)	1986	Capcom
trojanr	Trojan (Romstar, set 1)	1986	Capcom (Romstar license)
trojanra	Trojan (Romstar, set 2)	1986	Capcom (Romstar license)
trojan	Trojan (US set 1)	1986	Capcom
trojana	Trojan (US set 2)	1986	Capcom
tron5	Tron (5/12)	1982	Bally Midway
tron4	Tron (6/15)	1982	Bally Midway
tron3	Tron (6/17)	1982	Bally Midway
tron2	Tron (6/25)	1982	Bally Midway
tron	Tron (8/9)	1982	Bally Midway
tronger	Tron (Germany)	1982	Bally Midway
trophyh	Trophy Hunting - Bear & Moose V1.00	2002	Sammy USA Corporation
troangel	Tropical Angel	1983	Irem
truxton	Truxton (Europe, US) / Tatsujin (Japan)	1988	Toaplan / Taito Corporation
truxton2	Truxton II / Tatsujin Oh	1992	Toaplan
tubepb	Tube Panic (bootleg)	1984	bootleg
tubep	Tube Panic	1984	Nichibutsu / Fujitek
tubeit	Tube-It	1993	bootleg
tumbleb2	Tumble Pop (bootleg with PIC)	1991	bootleg
tumbleb	Tumble Pop (bootleg)	1991	bootleg
tumblepj	Tumble Pop (Japan)	1991	Data East Corporation
tumblep	Tumble Pop (World)	1991	Data East Corporation
turboa	Turbo (encrypted, program 1262-1264)	1981	Sega
turbod	Turbo (encrypted, program 1363-1365 rev A)	1981	Sega
turboc	Turbo (encrypted, program 1363-1365 rev B)	1981	Sega
turbob	Turbo (encrypted, program 1363-1365 rev C)	1981	Sega
turboe	Turbo (encrypted, program 1363-1365)	1981	Sega
turbo	Turbo (program 1513-1515)	1981	Sega
turbofrcu	Turbo Force (US, set 1)	1991	Video System Co.
turbofrcua	Turbo Force (US, set 2)	1991	Video System Co.
turbofrc	Turbo Force (World, set 1)	1991	Video System Co.
turbofrco	Turbo Force (World, set 2)	1991	Video System Co.
toutrun3d	Turbo Out Run (cockpit) (bootleg of FD1094 317-0107 set)	1989	bootleg
toutrun3	Turbo Out Run (cockpit) (FD1094 317-0107)	1989	Sega
toutrun1	Turbo Out Run (deluxe cockpit) (FD1094 317-0109)	1989	Sega
toutrunj1d	Turbo Out Run (Japan, cockpit) (bootleg of FD1094 317-0101 set)	1989	bootleg
toutrunj1	Turbo Out Run (Japan, cockpit) (FD1094 317-0101)	1989	Sega
toutrunjd	Turbo Out Run (Japan, Out Run upgrade) (bootleg of FD1094 317-0117 set)	1989	bootleg
toutrunj	Turbo Out Run (Japan, Out Run upgrade) (FD1094 317-0117)	1989	Sega
toutrund	Turbo Out Run (Out Run upgrade) (bootleg of FD1094 317-0118 set)	1989	bootleg
toutrun	Turbo Out Run (Out Run upgrade) (FD1094 317-0118)	1989	Sega
turkhunt	Turkey Hunting USA V1.00	2001	Sammy USA Corporation
turpins	Turpin (bootleg on Super Cobra hardware)	1981	bootleg
turpin	Turpin	1981	Konami (Sega license)
turtshipj	Turtle Ship (Japan)	1988	Philko (Pacific Games license)
turtshipk	Turtle Ship (Korea)	1988	Philko
turtshipkn	Turtle Ship (Korea, 88/9)	1988	Philko
turtshipko	Turtle Ship (Korea, older)	1988	Philko
turtship	Turtle Ship (North America)	1988	Philko (Sharp Image license)
turtles	Turtles	1981	Konami (Stern Electronics license)
tutankhmb	Tutankham (bootleg)	1982	bootleg
tutankhms	Tutankham (Stern Electronics)	1982	Konami (Stern Electronics license)
tutankhm	Tutankham	1982	Konami
twinactn	Twin Action	1995	Afega
twinadvk	Twin Adventure (Korea)	1995	Barko Corp.
twinadv	Twin Adventure (World)	1995	Barko Corp.
twinbrat	Twin Brats (set 1)	1995	Elettronica Video-Games
twinbrata	Twin Brats (set 2)	1995	Elettronica Video-Games
twinbratb	Twin Brats (set 3)	1995	Elettronica Video-Games
twincobru	Twin Cobra (US)	1987	Toaplan / Taito America Corporation (Romstar license)
twincobr	Twin Cobra (World)	1987	Toaplan / Taito Corporation
tcobra2u	Twin Cobra II (Ver 2.1A 1995/11/30)	1995	Taito America Corporation
tcobra2	Twin Cobra II (Ver 2.1O 1995/11/30)	1995	Taito Corporation Japan
twineagl	Twin Eagle - Revenge Joe's Brother	1988	Seta (Taito license)
twineag2	Twin Eagle II - The Rescue Mission	1994	Seta
twinfalc	Twin Falcons	1989	Philko (Poara Enterprises license)
twinhawku	Twin Hawk (US)	1989	Taito America Corporation
twinhawk	Twin Hawk (World)	1989	Taito Corporation Japan
twinqix	Twin Qix (Ver 1.0A 1995/01/17, prototype)	1995	Taito America Corporation
twinqixjh	Twin Qix Japan (Ver 1.0A 1995/01/17) (Hack)	1995	hack
twinsqua	Twin Squash	1991	Sega
twinbeeb	TwinBee (Bubble System)	1985	Konami
twinbee	TwinBee (ROM version)	1985	Konami
twinkle	Twinkle (set 1)	1997	SemiCom / Tirano
twinklea	Twinkle (set 2)	1997	SemiCom / Tirano
twinspri	Twinkle Star Sprites	1996	ADK / SNK
mtwinsb	Twins (bootleg of Mega Twins)	1993	David Inc. (bootleg)
twocrude	Two Crude (US FT revision 1)	1990	Data East USA
twocrudea	Two Crude (US FT version)	1990	Data East USA
twotiger	Two Tigers (dedicated)	1984	Bally Midway
tylz	Tylz (prototype)	1982	Mylstar
typhoon	Typhoon	1987	Konami
earthjkrp	U.N. Defense Force: Earth Joker (Japan, prototype?)	1993	Visco
earthjkr	U.N. Defense Force: Earth Joker (US / Japan, set 1)	1993	Visco
earthjkra	U.N. Defense Force: Earth Joker (US / Japan, set 2)	1993	Visco
earthjkrb	U.N. Defense Force: Earth Joker (US / Japan, set 3)	1993	Visco
unsquad	U.N. Squadron (USA)	1989	Daipro (Capcom license)
vball2pjb	U.S. Championship V'ball (bootleg of Japan set)	1988	bootleg
vballb	U.S. Championship V'ball (bootleg of US set)	1988	bootleg
vball2pj	U.S. Championship V'ball (Japan)	1988	Technos Japan
vball	U.S. Championship V'ball (US)	1988	Technos Japan
usclssic	U.S. Classic	1989	Seta
cawingj	U.S. Navy (Japan 901012)	1990	Capcom
cawingjr	U.S. Navy (Japan Resale Ver. 901130)	1990	Capcom
dangara	Ufo Robo Dangar (12/1/1986)	1986	Nichibutsu
dangar	Ufo Robo Dangar (4/09/1987)	1986	Nichibutsu
dangarb	Ufo Robo Dangar (9/26/1986, bootleg set 1)	1986	bootleg
dangarbt	Ufo Robo Dangar (9/26/1986, bootleg set 2)	1986	bootleg
dangarj	Ufo Robo Dangar (9/26/1986, Japan)	1986	Nichibutsu
ufosensi	Ufo Senshi Yohko Chan (MC-8123, 317-0064)	1988	Sega
uecology	Ultimate Ecology (Japan 931203)	1993	Capcom
umk3r10	Ultimate Mortal Kombat 3 (rev 1.0)	1994	Midway
umk3r11	Ultimate Mortal Kombat 3 (rev 1.1)	1994	Midway
umk3	Ultimate Mortal Kombat 3 (rev 1.2)	1994	Midway
umk3p	Ultimate Mortal Kombat 3 Plus (Hack, Beta 2)	2022	Midway
umk3te	Ultimate Mortal Kombat 3 Tournament Edition (hack, V2.0.042/August 2018)	2018	Midway
umk3uk	Ultimate Mortal Kombat 3 Uk (FBNeo, Ver. 2021-07-20)	2021	hack
umk3w	Ultimate Mortal Kombat 3 WaveNet Edition (rev 2.03 04/01/97)	1997	Midway
umk3wp	Ultimate Mortal Kombat 3 WaveNet Edition + (Kano Transformations) (rev 2.03 04/01/97)	1997	Midway
ultennisj	Ultimate Tennis (v 1.4, Japan)	1993	Art & Magic (Banpresto license)
ultennis	Ultimate Tennis	1993	Art & Magic
uballoon	Ultra Balloon	1996	SunA (Unico license)
utoukond	Ultra Toukon Densetsu (Japan)	1993	Banpresto
ultraxg	Ultra X Weapons / Ultra Keibitai (Gamest review build)	1995	Banpresto / Tsuburaya Productions / Seta
ultrax	Ultra X Weapons / Ultra Keibitai	1995	Banpresto / Tsuburaya Productions / Seta
ultraman	Ultraman (Japan)	1991	Banpresto / Bandai
umanclub	Ultraman Club - Tatakae! Ultraman Kyoudai!!	1992	Banpresto
unclepoo	Uncle Poo	1983	Diatec
undrfirej	Under Fire (Japan)	1993	Taito Corporation
undrfireu	Under Fire (US)	1993	Taito America Corporation
undrfire	Under Fire (World)	1993	Taito Corporation Japan
uccopsj	Undercover Cops (Japan)	1992	Irem
uccopsu	Undercover Cops (US)	1992	Irem
uccops	Undercover Cops (World)	1992	Irem
uccopsaru	Undercover Cops - Alpha Renewal Version (US)	1992	Irem America
uccopsar	Undercover Cops - Alpha Renewal Version (World)	1992	Irem
uniwarsa	UniWar S (bootleg)	1980	bootleg (Karateco)
uniwars	UniWar S	1980	Irem
unkpacgd	unknown 'Pac Man with cars' gambling game	1988	<unknown>
unkpacg	unknown 'Pac-Man' gambling game (set 1)	199?	<unknown>
unkpacgb	unknown 'Pac-Man' gambling game (set 2)	199?	<unknown>
unksig	unknown 'Space Invaders' gambling game (encrypted, set 1)	199?	<unknown>
unksiga	unknown 'Space Invaders' gambling game (encrypted, set 2)	199?	<unknown>
unksigb	unknown 'Space Invaders' gambling game (unencrypted)	199?	<unknown>
upndown	Up'n Down (315-5030)	1983	Sega
upndownu	Up'n Down (not encrypted)	1983	Sega
mustangs	US AAF Mustang (25th May. 1990 / Seoul Trading)	1990	UPL (Seoul Trading license)
mustang	US AAF Mustang (25th May. 1990)	1990	UPL
mustangb	US AAF Mustang (bootleg, set 1)	1990	bootleg
mustangb2	US AAF Mustang (TAB Austria bootleg)	1990	bootleg (TAB Austria)
vfive	V-Five (Japan)	1993	Toaplan
vliner53	V-Liner (v0.53)	2001	Dyna / BrezzaSoft
vliner54	V-Liner (v0.54)	2001	Dyna / BrezzaSoft
vliner6e	V-Liner (v0.6e)	2001	Dyna / BrezzaSoft
vliner	V-Liner (v0.7a)	2001	Dyna / BrezzaSoft
vliner7e	V-Liner (v0.7e)	2001	Dyna / BrezzaSoft
valkyrie	Valkyrie no Densetsu (Japan)	1989	Namco
valtric	Valtric	1986	NMK (Jaleco license)
vamphalfr1	Vamf x1/2 (Europe, version 1.0.0903)	1999	Danbi / F2 System
vamphalf	Vamf x1/2 (Europe, version 1.1.0908)	1999	Danbi / F2 System
vamphalfk	Vamp x1/2 (Korea, version 1.1.0908)	1999	Danbi / F2 System
vampire	Vampire (prototype?)	1983	Entertainment Enterprises, Ltd.
vhunt2d	Vampire Hunter 2: Darkstalkers Revenge (Japan 970913 Phoenix Edition) (bootleg)	1997	bootleg
vhunt2r1	Vampire Hunter 2: Darkstalkers Revenge (Japan 970913)	1997	Capcom
vhunt2	Vampire Hunter 2: Darkstalkers Revenge (Japan 970929)	1997	Capcom
vhuntjr2	Vampire Hunter: Darkstalkers' Revenge (Japan 950302)	1995	Capcom
vhuntjr1s	Vampire Hunter: Darkstalkers' Revenge (Japan 950307 stop version)	1995	Capcom
vhuntjr1	Vampire Hunter: Darkstalkers' Revenge (Japan 950307)	1995	Capcom
vhuntj	Vampire Hunter: Darkstalkers' Revenge (Japan 950316)	1995	Capcom
vsav2te	Vampire Savior 2: The Lord of Vampire (Hack, English RC1)	2026	Strygo
vsav2d	Vampire Savior 2: The Lord of Vampire (Japan 970913 Phoenix Edition) (bootleg)	1997	bootleg
vsav2	Vampire Savior 2: The Lord of Vampire (Japan 970913)	1997	Capcom
vsava	Vampire Savior: The Lord of Vampire (Asia 970519)	1997	Capcom
vsavb	Vampire Savior: The Lord of Vampire (Brazil 970519)	1997	Capcom
vsavd	Vampire Savior: The Lord of Vampire (Europe 970519 Phoenix Edition) (bootleg)	1997	bootleg
vsav	Vampire Savior: The Lord of Vampire (Europe 970519)	1997	Capcom
vsavh	Vampire Savior: The Lord of Vampire (Hispanic 970519)	1997	Capcom
vsavj	Vampire Savior: The Lord of Vampire (Japan 970519)	1997	Capcom
vsavu	Vampire Savior: The Lord of Vampire (USA 970519)	1997	Capcom
vampjbh	Vampire: The Night Warriors (Enable hidden characters ver. 2006-05-31, Hack)	2006	Yumeji
vampjr1	Vampire: The Night Warriors (Japan 940630)	1994	Capcom
vampja	Vampire: The Night Warriors (Japan 940705 alt)	1994	Capcom
vampj	Vampire: The Night Warriors (Japan 940705)	1994	Capcom
vanvank	Van-Van Car (Karateco, set 1)	1983	Sanritsu (Karateco license?)
vanvanb	Van-Van Car (Karateco, set 2)	1983	Sanritsu (Karateco license?)
vanvan	Van-Van Car	1983	Sanritsu
vandykeb	Vandyke (bootleg with PIC16c57)	1990	bootleg
vandykejal	Vandyke (Jaleco, set 1)	1990	UPL (Jaleco license)
vandykejal2	Vandyke (Jaleco, set 2)	1990	UPL (Jaleco license)
vandyke	Vandyke (Japan)	1990	UPL
vanguardc	Vanguard (Centuri)	1981	SNK (Centuri license)
vanguardg	Vanguard (Germany)	1981	SNK
vanguardj	Vanguard (Japan)	1981	SNK
vanguard	Vanguard (SNK)	1981	SNK
vangrd2	Vanguard II	1984	SNK
vaportrau	Vapor Trail - Hyper Offence Formation (US)	1989	Data East USA
vaportra	Vapor Trail - Hyper Offence Formation (World revision 1)	1989	Data East Corporation
vaportra3	Vapor Trail - Hyper Offence Formation (World revision 3?)	1989	Data East Corporation
vmetaln	Varia Metal (New Ways Trading Co.)	1995	Excellent System (New Ways Trading Co. license)
vmetal	Varia Metal	1995	Excellent System
varthb	Varth: Operation Thunderstorm (bootleg, set 1)	1992	bootleg
varthb2	Varth: Operation Thunderstorm (bootleg, set 2)	1992	bootleg
varthb3	Varth: Operation Thunderstorm (bootleg, set 3)	1992	bootleg
varthj	Varth: Operation Thunderstorm (Japan 920714)	1992	Capcom
varthjr	Varth: Operation Thunderstorm (Japan Resale Ver. 920714)	1992	Capcom
varthu	Varth: Operation Thunderstorm (USA 920612)	1992	Capcom (Romstar license)
varthr1	Varth: Operation Thunderstorm (World 920612)	1992	Capcom
varth	Varth: Operation Thunderstorm (World 920714)	1992	Capcom
vasara2	Vasara 2 (set 1)	2001	Visco
vasara2a	Vasara 2 (set 2)	2001	Visco
vasara	Vasara	2000	Visco
vastar	Vastar (set 1)	1983	Orca (Sesame Japan license)
vastar2	Vastar (set 2)	1983	Orca (Sesame Japan license)
vastar3	Vastar (set 3)	1983	Orca (Sesame Japan license)
vastar4	Vastar (set 4)	1983	Orca (Sesame Japan license)
vautour	Vautour (bootleg of Phoenix) (8085A CPU)	1980	bootleg (Jeutel)
vautourz	Vautour (bootleg of Phoenix) (Z80 CPU)	1980	bootleg
vautourza	Vautour (bootleg of Phoenix) (Z80 CPU, single PROM)	1980	bootleg (Jeutel)
vbrakout	Vector Breakout [h]	1999	Clay Cowgill
vendetta2pd	Vendetta (Asia, 2 Players, ver. D)	1991	Konami
vendetta2pu	Vendetta (Asia, 2 Players, ver. U)	1991	Konami
vendettaz	Vendetta (Asia, 4 Players, ver. Z)	1991	Konami
vendettar	Vendetta (US, 4 Players, ver. R)	1991	Konami
vendetta2pun	Vendetta (World, 2 Players, ver. ?)	1991	Konami
vendetta2peba	Vendetta (World, 2 Players, ver. EB-A?)	1991	Konami
vendetta2pw	Vendetta (World, 2 Players, ver. W)	1991	Konami
vendettaun	Vendetta (World, 4 Players, ver. ?)	1991	Konami
vendetta	Vendetta (World, 4 Players, ver. T)	1991	Konami
venture4	Venture (version 4)	1981	Exidy
venture	Venture (version 5 set 1)	1981	Exidy
venture5a	Venture (version 5 set 2)	1981	Exidy
venture5b	Venture (version 5 set 2, bootleg)	1981	bootleg
venus	Venus (bootleg of Gyruss)	1983	bootleg
verbena	Verbena (bootleg of Carnival)	1980	bootleg (Cocamatic)
hangonvf	VF (bootleg of Hang-On)	1985	bootleg
victnine	Victorious Nine	1984	Taito
victorycb	Victory (Comsoft) (bootleg)	1982	bootleg
victoryc	Victory (Comsoft)	1982	Comsoft
victroad	Victory Road	1986	SNK
hustlerb	Video Hustler (bootleg, set 1)	1981	bootleg (Digimatic)
hustler	Video Hustler	1981	Konami
vpool	Video Pool (bootleg on Moon Cresta hardware)	1981	bootleg
vidvince	Video Vince and the Game Factory (prototype)	1984	Mylstar
viewpoinp	Viewpoint (prototype)	1992	Sammy / Aicom
viewpoin	Viewpoint	1992	Sammy / Aicom
vigilantbl	Vigilante (bootleg)	1988	bootleg
vigilantd	Vigilante (Japan, Rev D)	1988	Irem
vigilanto	Vigilante (US)	1988	Irem (Data East license)
vigilantb	Vigilante (US, Rev B)	1988	Irem (Data East license)
vigilantg	Vigilante (US, Rev G)	1988	Irem (Data East license)
vigilanta	Vigilante (World, Rev A)	1988	Irem
vigilantc	Vigilante (World, Rev C)	1988	Irem
vigilant	Vigilante (World, Rev E)	1988	Irem
vimanaj	Vimana (Japan)	1991	Toaplan
vimanan	Vimana (World)	1991	Toaplan
vimana	Vimana (World, rev A)	1991	Toaplan
vindictre3	Vindicators (Europe, rev 3)	1988	Atari Games
vindictre4	Vindicators (Europe, rev 4)	1988	Atari Games
vindictre	Vindicators (Europe, rev 5)	1988	Atari Games
vindictrg	Vindicators (German, rev 1)	1988	Atari Games
vindictr1	Vindicators (rev 1)	1988	Atari Games
vindictr2	Vindicators (rev 2)	1988	Atari Games
vindictr4	Vindicators (rev 4)	1988	Atari Games
vindictr	Vindicators (rev 5)	1988	Atari Games
vindctr2r1	Vindicators Part II (rev 1)	1988	Atari Games
vindctr2r2	Vindicators Part II (rev 2)	1988	Atari Games
vindctr2	Vindicators Part II (rev 3)	1988	Atari Games
viofightj	Violence Fight (Japan)	1989	Taito Corporation
viofightu	Violence Fight (US)	1989	Taito America Corporation
viofight	Violence Fight (World)	1989	Taito Corporation Japan
viostormab	Violent Storm (ver AAB)	1993	Konami
viostorma	Violent Storm (ver AAC)	1993	Konami
viostormeb	Violent Storm (ver EAB)	1993	Konami
viostorm	Violent Storm (ver EAC)	1993	Konami
viostormj	Violent Storm (ver JAC)	1993	Konami
viostormub	Violent Storm (ver UAB)	1993	Konami
viostormubbl	Violent Storm (ver UAB, bootleg)	1993	bootleg (Eye Pro)
viostormu	Violent Storm (ver UAC)	1993	Konami
violentv	Violent Vengeance: The Universe Hero (Beta 3.28, FEB 1 2026)	2026	Balek Corp.
viprp1ot	Viper Phase 1 (Germany)	1995	Seibu Kaihatsu (Tuning license)
viprp1hk	Viper Phase 1 (Hong Kong)	1995	Seibu Kaihatsu (Metrotainment license)
viprp1oj	Viper Phase 1 (Japan)	1995	Seibu Kaihatsu
viprp1t	Viper Phase 1 (New Version, Germany)	1995	Seibu Kaihatsu (Tuning license)
viprp1h	Viper Phase 1 (New Version, Holland)	1995	Seibu Kaihatsu
viprp1j	Viper Phase 1 (New Version, Japan)	1995	Seibu Kaihatsu
viprp1k	Viper Phase 1 (New Version, Korea)	1995	Seibu Kaihatsu (Dream Island license)
viprp1pt	Viper Phase 1 (New Version, Portugal)	1995	Seibu Kaihatsu
viprp1s	Viper Phase 1 (New Version, Switzerland)	1995	Seibu Kaihatsu
viprp1u	Viper Phase 1 (New Version, US set 1)	1995	Seibu Kaihatsu (Fabtek license)
viprp1ua	Viper Phase 1 (New Version, US set 2)	1995	Seibu Kaihatsu (Fabtek license)
viprp1	Viper Phase 1 (New Version, World)	1995	Seibu Kaihatsu
vbowlhk	Virtua Bowling (Hong Kong, V101HJS)	1996	IGS / Tai Tin Amusement
vbowlj	Virtua Bowling (Japan, V100JCM)	1996	IGS / Alta
vbowl	Virtua Bowling (World, V101XCM)	1996	IGS
volfiedjo	Volfied (Japan)	1989	Taito Corporation
volfiedj	Volfied (Japan, rev 1)	1989	Taito Corporation
volfieduo	Volfied (US)	1989	Taito America Corporation
volfiedu	Volfied (US, rev 1)	1989	Taito America Corporation
volfiedo	Volfied (World)	1989	Taito Corporation Japan
volfied	Volfied (World, rev 1)	1989	Taito Corporation Japan
gowcaiet	Voltage Fighter - Gowcaizer / Choujin Gakuen Gowcaizer (Eternal, Hack)	2025	jlima
gowcaizr	Voltage Fighter - Gowcaizer / Choujin Gakuen Gowcaizer	1995	Technos Japan
vs10yardj	Vs 10-Yard Fight (Japan)	1984	Irem
vs10yardu	Vs 10-Yard Fight (US, Taito license)	1984	Irem (Taito license)
vs10yard	Vs 10-Yard Fight (World, 11/05/84)	1984	Irem
vblokbrka	VS Block Breaker (Asia)	1997	Kaneko / Mediaworks
vblokbrk	VS Block Breaker (Europe)	1997	Kaneko / Mediaworks
vsgongf	VS Gong Fight	1984	Kaneko
ryourano	VS Mahjong Otome Ryouran (revision 1)	1998	Electro Design
ryouran	VS Mahjong Otome Ryouran (revision 2)	1998	Electro Design
vsrbibbal	VS. Atari RBI Baseball	1987	Nintendo
vsbattlecity	VS. Battle City	1985	Namco
vscastlevania	VS. Castlevania	1987	Konami
vsclucluland	VS. Clu Clu Land	1984	Nintendo
vsdrmario	VS. Dr. Mario	1990	Nintendo
vsduckhunt	VS. Duck Hunt	1984	Nintendo
vsexcitebike	VS. Excitebike	1985	Nintendo
vsfreedomforce	VS. Freedom Force	1988	Sunsoft
vsfrombelow	VS. From Below (HB, v0.10)	2021	Goose2k
vsgoonies	VS. Goonies, The	1986	Konami
vsgradius	VS. Gradius	1986	Konami
vsgumshoe	VS. Gumshoe	1986	Nintendo
vshogansalley	VS. Hogan's Alley	1985	Nintendo
hotsmash	Vs. Hot Smash	1987	Kaneko / Taito
vsiceclimber	VS. Ice Climber	1985	Nintendo
bnstars	Vs. Janshi Brandnew Stars (Ver 1.1, MegaSystem 32 Version)	1997	Jaleco
bnstars1	Vs. Janshi Brandnew Stars	1997	Jaleco
vsmachrider	VS. Mach Rider	1985	Nintendo
vsmightybomjack	VS. Mighty Bomb Jack	1986	Tecmo
vsninjajkun	VS. Ninja Jajamaru-kun	1986	Jaleco
vspinball	VS. Pinball	1984	Nintendo
vsplatoon	VS. Platoon	1988	Sunsoft
vsraidbbay	VS. Raid on Bungling Bay	1985	Broderbund
vsslalom	VS. Slalom	1986	Nintendo
vssoccer	VS. Soccer	1985	Nintendo
vsstarluster	VS. Star Luster	1985	Namco
vssmgolfla	VS. Stroke & Match Golf Ladies	1984	Nintendo
vssmgolf	VS. Stroke & Match Golf	1984	Nintendo
vssmb	VS. Super Mario Bros	1986	Nintendo
vssuperskykid	VS. Super Sky Kid	1986	Namco
vssuperxevious	VS. Super Xevious ~ Gump no Nazo	1986	Namco
vstetris	VS. Tetris	1988	Atari Games
vstkoboxing	VS. TKO Boxing	1987	Data East
vstopgun	VS. Top Gun	1987	Konami
vsurbanchamp	VS. Urban Champion	1984	Nintendo
vueloesp	Vuelo Espacial (Spanish bootleg of UniWar S)	1980	bootleg (Centromatic)
vulcan	Vulcan Venture (new)	1988	Konami
vulcana	Vulcan Venture (old)	1988	Konami
vulcanb	Vulcan Venture (older)	1988	Konami
vulgusj	Vulgus (Japan?)	1984	Capcom
vulgus	Vulgus (set 1)	1984	Capcom
vulgusa	Vulgus (set 2)	1984	Capcom
wacko	Wacko	1982	Bally Midway
wwjgtin	Wai Wai Jockey Gate-In!	1984	Jaleco / Casio
mj4simai	Wakakusamonogatari Mahjong Yonshimai (Japan)	1996	Maboroshi Ware
wakuwak7bh	Waku Waku 7 (Boss Hack)	1996	hack
wakuw7jq	Waku Waku 7 (Enhanced, Hack)	2023	hack
wakuwak7	Waku Waku 7	1996	Sunsoft
wwanpanm	Waku Waku Anpanman (Rev A)	1992	Sega
wwanpanmo	Waku Waku Anpanman	1992	Sega
wwmarine	Waku Waku Marine	1992	Sega
soniccar	Waku Waku Sonic Patrol Car	1991	Sega
ultracin	Waku Waku Ultraman Racing	1996	Sega
wallc	Wall Crash (set 1)	1984	Midcoin
wallca	Wall Crash (set 2)	1984	Midcoin
wwallyjad	Wally wo Sagase! (rev A, Japan) (bootleg of FD1094 317-0197A set)	1992	bootleg
wwallyja	Wally wo Sagase! (rev A, Japan, 2 players) (FD1094 317-0197A)	1992	Sega
wwallyja3p	Wally wo Sagase! (rev A, Japan, 3 players) (FD1094 317-0198A)	1992	Sega
wwallyjd	Wally wo Sagase! (rev B, Japan) (bootleg of FD1094 317-0197B set)	1992	bootleg
wwallyj	Wally wo Sagase! (rev B, Japan, 2 players) (FD1094 317-0197B)	1992	Sega
wanted	Wanted	1984	Sigma Enterprises Inc.
wrofaero	War of Aero - Project MEIOU	1993	Yang Cheng
warofbugu	War of the Bugs or Monsterous Manouvers in a Mushroom Maze (US)	1981	Armenia / Super Video Games
warofbug	War of the Bugs or Monsterous Manouvers in a Mushroom Maze	1981	Armenia / Food and Fun Corp
wardner	Wardner (World)	1987	Toaplan / Taito Corporation Japan
wardnerb	Wardner (World, bootleg)	1987	bootleg
wardnerj	Wardner no Mori (Japan)	1987	Toaplan / Taito Corporation
wardnerjb	Wardner no Mori (Japan, bootleg)	1987	bootleg
warlords	Warlords	1980	Atari
warpwarp	Warp & Warp	1981	Namco
warpwarpr	Warp Warp (Rock-Ola set 1)	1981	Namco (Rock-Ola license)
warpwarpr2	Warp Warp (Rock-Ola set 2)	1981	Namco (Rock-Ola license)
warriorb	Warrior Blade - Rastan Saga Episode III (Japan)	1991	Taito Corporation
wofpic	Warriors of Fate (bootleg with PIC16C57)	1992	bootleg
wofr1bl	Warriors of Fate (bootleg)	1992	bootleg
wofu	Warriors of Fate (USA 921031)	1992	Capcom
wofr1	Warriors of Fate (World 921002)	1992	Capcom
wof	Warriors of Fate (World 921031)	1992	Capcom
warzardr1	Warzard (Japan 961023)	1996	Capcom
warzard	Warzard (Japan 961121)	1996	Capcom
watrball	Water Balls	1996	ABM
wmatch	Water Match (315-5064)	1984	Sega
waterski	Water Ski	1983	Taito Corporation
wavybug	Wavy Bug	1981	David Widel
weclemanc	WEC Le Mans 24 (v1.26)	1986	Konami
weclemana	WEC Le Mans 24 (v2.00)	1986	Konami
weclemanb	WEC Le Mans 24 (v2.00, hack)	1988	hack
wecleman	WEC Le Mans 24 (v2.01)	1986	Konami
welltrisj	Welltris (Japan, 2 players)	1991	Video System Co.
welltris	Welltris (World?, 2 players)	1991	Video System Co.
wexpressb1	Western Express (bootleg set 1)	1986	bootleg
wexpressb2	Western Express (bootleg set 2)	1986	bootleg
wexpressb3	Western Express (bootleg set 3)	1986	bootleg
wexpress	Western Express (Japan, rev 4)	1986	Data East Corporation
wfortune	Wheel Of Fortune (set 1)	1989	GameTek
wfortunea	Wheel Of Fortune (set 2)	1989	GameTek
wheelrun	Wheels Runner	19??	International Games
whizz	Whizz	1989	Philko
whodunit8	Who Dunit (version 8.0)	1988	Exidy
whodunit	Who Dunit (version 9.0)	1988	Exidy
wiggie	Wiggie Waggie	1994	Promat
wildfangh	Wild Fang (1991 year hack)	1991	Tecmo
wildfangs	Wild Fang (Japan)	1989	Tecmo
wildfang	Wild Fang / Tecmo Knight (World?)	1989	Tecmo
wildplt	Wild Pilot	1992	Jaleco
moomesaaab	Wild West C.O.W.-Boys of Moo Mesa (ver AAB)	1992	Konami
moomesa	Wild West C.O.W.-Boys of Moo Mesa (ver EAB)	1992	Konami
moomesauab	Wild West C.O.W.-Boys of Moo Mesa (ver UAB)	1992	Konami
moomesauac	Wild West C.O.W.-Boys of Moo Mesa (ver UAC)	1992	Konami
wwestern	Wild Western (set 1)	1982	Taito Corporation
wwestern1	Wild Western (set 2)	1982	Taito Corporation
willowbr	Willow (Hack, Portuguese-BR Translation, v1.06)	2019	hack (Antigeno)
willowj	Willow (Japan)	1989	Capcom
willowuo	Willow (USA Old Ver.)	1989	Capcom
willowu	Willow (USA)	1989	Capcom
willow	Willow (World)	1989	Capcom
wilytowr	Wily Tower	1984	Irem
wjammlmpl	Windjammers / Flying Power Disc (Let me play longer, Hack)	2025	Boomchil
wjammers	Windjammers / Flying Power Disc	1994	Data East Corporation
wingforc	Wing Force (Japan, prototype)	1993	A.I (Atlus license)
wschampb	Wing Shooting Championship V1.00	2001	Sammy USA Corporation
wschampa	Wing Shooting Championship V1.01	2001	Sammy USA Corporation
wschamp	Wing Shooting Championship V2.00	2001	Sammy USA Corporation
wink	Wink (set 1)	1985	Midcoin
winka	Wink (set 2)	1985	Midcoin
wiping	Wiping	1982	Nichibutsu
wits	Wit's (Japan)	1989	Athena (Visco license)
wivernwg	Wivern Wings	2001	SemiCom
wizt	Wiz (Taito, set 1)	1985	Seibu Kaihatsu (Taito license)
wizta	Wiz (Taito, set 2)	1985	Seibu Kaihatsu (Taito license)
wizwarz	Wiz Warz (prototype)	1984	Mylstar
wizdfirea	Wizard Fire (Over Sea v1.0)	1992	Data East Corporation
wizdfire	Wizard Fire (Over Sea v2.1)	1992	Data East Corporation
wizdfireu	Wizard Fire (US v1.1)	1992	Data East Corporation
wowg	Wizard of Wor (with German language ROM)	1980	Dave Nutting Associates / Midway
wow	Wizard of Wor	1980	Dave Nutting Associates / Midway
wiz	Wiz	1985	Seibu Kaihatsu
wizzquiz	Wizz Quiz (Konami version)	1985	Zilec-Zenitone (Konami license)
wizzquiza	Wizz Quiz (version 4)	1985	Zilec-Zenitone
wolffang	Wolf Fang: Kuuga 2001 (Japan)	1991	Data East Corporation
wonder3	Wonder 3 (Japan 910520)	1991	Capcom
wboy4	Wonder Boy (315-5162, 4-D Warriors Conversion)	1986	Escape (Sega license)
wboyu	Wonder Boy (prototype?)	1986	Escape (Sega license)
wboy	Wonder Boy (set 1, 315-5177)	1986	Escape (Sega license)
wboyo	Wonder Boy (set 2, 315-5135)	1986	Escape (Sega license)
wboy2	Wonder Boy (set 2, 315-5178)	1986	Escape (Sega license)
wboy2u	Wonder Boy (set 2, not encrypted)	1986	Escape (Sega license)
wboy3	Wonder Boy (set 3, 315-5135)	1986	Escape (Sega license)
wboy5	Wonder Boy (set 5, bootleg)	1986	bootleg
wboy6	Wonder Boy (set 6, 315-5179)	1986	Escape (Sega license)
wboysys2	Wonder Boy (system 2, set 1, 315-5177)	1986	Escape (Sega license)
wboysys2a	Wonder Boy (system 2, set 2, 315-5176)	1986	Escape (Sega license)
wboyblt	Wonder Boy (Tecfri bootleg)	1986	bootleg (Tecfri)
wboyub	Wonder Boy (US bootleg)	1986	bootleg
wbdeluxe	Wonder Boy Deluxe	1986	hack (Vision Electronics)
wb31d	Wonder Boy III - Monster Lair (set 1, Japan, System 16A) (bootleg of FD1094 317-0084 set)	1988	bootleg
wb31	Wonder Boy III - Monster Lair (set 1, Japan, System 16A) (FD1094 317-0084)	1988	Sega / Westone
wb32d	Wonder Boy III - Monster Lair (set 2, Japan, System 16B) (bootleg of FD1094 317-0085 set)	1988	bootleg
wb32	Wonder Boy III - Monster Lair (set 2, Japan, System 16B) (FD1094 317-0085)	1988	Sega / Westone
wb33d	Wonder Boy III - Monster Lair (set 3, World, System 16B) (bootleg of FD1094 317-0089 set)	1988	bootleg
wb33	Wonder Boy III - Monster Lair (set 3, World, System 16B) (FD1094 317-0089)	1988	Sega / Westone
wb34d	Wonder Boy III - Monster Lair (set 4, Japan, System 16B) (bootleg of FD1094 317-0087 set)	1988	bootleg
wb34	Wonder Boy III - Monster Lair (set 4, Japan, System 16B) (FD1094 317-0087)	1988	Sega / Westone
wb35d	Wonder Boy III - Monster Lair (set 5, Japan, System 16A) (bootleg of FD1089A 317-0086 set)	1988	bootleg
wb35	Wonder Boy III - Monster Lair (set 5, Japan, System 16A) (FD1089A 317-0086)	1988	Sega / Westone
wb3	Wonder Boy III - Monster Lair (set 6, World, System 16B) (8751 317-0098)	1988	Sega / Westone
wbmlvcd	Wonder Boy: Monster Land (decrypted bootleg of English, Virtual Console release)	2009	bootleg (mpatou)
wbmld	Wonder Boy: Monster Land (decrypted bootleg of Japan New Ver., MC-8123, 317-0043)	1987	bootleg (mpatou)
wbmljod	Wonder Boy: Monster Land (decrypted bootleg of Japan Old Ver., MC-8123, 317-0043)	1987	bootleg (mpatou)
wbmlb	Wonder Boy: Monster Land (English bootleg set 1)	1987	bootleg
wbmlbg	Wonder Boy: Monster Land (English bootleg set 2)	1987	bootleg (Galaxy Electronics)
wbmlbge	Wonder Boy: Monster Land (English bootleg set 3)	1987	bootleg (Gecas)
wbmlb2	Wonder Boy: Monster Land (English bootleg set 4)	1987	bootleg
wbmlh	Wonder Boy: Monster Land (English, difficulty hack)	1987	bootleg
wbmlvc	Wonder Boy: Monster Land (English, Virtual Console)	2009	Sega
wbmljb	Wonder Boy: Monster Land (Japan bootleg)	1987	bootleg
wbml	Wonder Boy: Monster Land (Japan New Ver., MC-8123, 317-0043)	1987	Sega / Westone
wbmljo	Wonder Boy: Monster Land (Japan Old Ver., MC-8123, 317-0043)	1987	Sega / Westone
wondl96	Wonder League '96 (Korea)	1996	SemiCom
wlstar	Wonder League Star - Sok-Magicball Fighting (Korea)	1995	Mijin
wndrmomo	Wonder Momo	1987	Namco
wndrplnt	Wonder Planet (Japan)	1987	Data East Corporation
wondstck	Wonder Stick (set 1)	????	Yun Sung
wondstcka	Wonder Stick (set 2, censored)	????	Yun Sung
prehislek	Wonsido 1930's (Korea)	1989	SNK (Victor license)
woodpeck	Woodpecker (set 1)	1981	Amenip (Palcom Queen River)
woodpeca	Woodpecker (set 2)	1981	Amenip
worldadv	World Adventure	1999	Logic / F2 System
wbeachvl	World Beach Volley (set 1, PIC16C57 audio CPU)	1995	Playmark
wbeachvl2	World Beach Volley (set 2)	1995	Playmark
wbeachvl3	World Beach Volley (set 3)	1995	Playmark
wcbowl10	World Class Bowling (v1.0)	1995	Incredible Technologies
wcbowl11	World Class Bowling (v1.1)	1995	Incredible Technologies
wcbowl12	World Class Bowling (v1.2)	1995	Incredible Technologies
wcbowl13	World Class Bowling (v1.3)	1995	Incredible Technologies
wcbowl13j	World Class Bowling (v1.3J, Japan)	1995	Incredible Technologies (Excellent System Ltd. license)
wcbowl14	World Class Bowling (v1.4)	1995	Incredible Technologies
wcbowl15	World Class Bowling (v1.5)	1995	Incredible Technologies
wcbowl16	World Class Bowling (v1.6)	1995	Incredible Technologies
wcbowl161	World Class Bowling (v1.61)	1995	Incredible Technologies
wcbowl165	World Class Bowling (v1.65)	1995	Incredible Technologies
wcbowl	World Class Bowling (v1.66)	1995	Incredible Technologies
wcbowldx	World Class Bowling Deluxe (v2.00)	1999	Incredible Technologies
wcbowl130	World Class Bowling Tournament (v1.30)	1997	Incredible Technologies
wcbowl140	World Class Bowling Tournament (v1.40)	1997	Incredible Technologies
twcup90bb	World Cup '90 (European hack, different title)	1989	bootleg
twcup90b4	World Cup '90 (hack, alt)	1989	bootleg
wcvol95	World Cup Volley '95 (Asia v1.0)	1995	Data East Corporation
wcvol95j	World Cup Volley '95 (Japan v1.0)	1995	Data East Corporation
wcvol95x	World Cup Volley '95 Extra Version (Asia v2.0B)	1995	Data East Corporation
wh1h	World Heroes (ALH-005)	1992	Alpha Denshi Co.
wh1	World Heroes (ALM-005)	1992	Alpha Denshi Co.
wh1ha	World Heroes (set 3)	1992	Alpha Denshi Co.
wh2h	World Heroes 2 (ALH-006)	1993	ADK
wh2	World Heroes 2 (ALM-006 ~ ALH-006)	1993	ADK
wh2es	World Heroes 2 (Easy Special Attacks, Hack)	1993	hack
wh2j	World Heroes 2 Jet (ADM-007 ~ ADH-007)	1994	ADK / SNK
wh2ja	World Heroes 2 Jet (ADM-007)	1994	ADK / SNK
wh2jes	World Heroes 2 Jet (Easy Special Attacks, Hack)	1994	hack
whpjq	World Heroes Perfect (Enhanced, Hack)	2023	hack
whp	World Heroes Perfect	1995	ADK / SNK
wpksocv2	World PK Soccer V2 (ver 1.1)	1996	Jaleco
wrldrc32	World Racer 32Kb (HB, 251226)	2025	Blastar
wrally2d	World Rally 2: Twin Racing (version 09-06, checksum 50A2)	1995	Gaelco
wrally2c	World Rally 2: Twin Racing (version 09-06, checksum 7BE1)	1995	Gaelco
wrally2	World Rally 2: Twin Racing (version 20-07, checksum B1B8)	1995	Gaelco
wrally2b	World Rally 2: Twin Racing (version 26-06, checksum 3EDB)	1995	Gaelco
wrally2a	World Rally 2: Twin Racing (version 26-06, checksum 3EDB, mask ROM version)	1995	Gaelco
wrallyat	World Rally Championship (America, version 1.0, checksum 2CC1)	1993	Gaelco (Atari license)
wrallyata	World Rally Championship (America, version 1.0, checksum 75A5, 16 Jun 1993)	1993	Gaelco (Atari license)
wrallyd	World Rally Championship (version 1.0, checksum 0E56, 06 Apr 1993)	1993	Gaelco
wrallyc	World Rally Championship (version 1.0, checksum 3873, 06 Apr 1993)	1993	Gaelco
wrallye	World Rally Championship (version 1.0, checksum 3D84, 02 Apr 1993)	1993	Gaelco
wrallyb	World Rally Championship (version 1.0, checksum 8AA2)	1993	Gaelco
wrallyac	World Rally Championship (version 1.0, checksum C448)	1993	Gaelco (Automáticos Canarios license)
wrally	World Rally Championship (version 1.0, checksum DE0D, 08 Nov 1993)	1993	Gaelco
wrallya	World Rally Championship (version 1.0, checksum E586, 25 Jun 1993)	1993	Gaelco
worldwar	World Wars (World?)	1987	SNK
twcup90b2	Worldcup '90 (hack)	1989	bootleg
wownfant	WOW New Fantasia (Explicit)	2002	Comad
wownfanta	WOW New Fantasia	2002	Comad
wrestwar1d	Wrestle War (set 1, Japan) (bootleg of FD1094 317-0090 set)	1989	bootleg
wrestwar1	Wrestle War (set 1, Japan) (FD1094 317-0090)	1989	Sega
wrestwar2d	Wrestle War (set 2, World) (bootleg of FD1094 317-0102 set)	1989	bootleg
wrestwar2	Wrestle War (set 2, World) (FD1094 317-0102)	1989	Sega
wrestwar	Wrestle War (set 3, World) (8751 317-0103)	1989	Sega
neoww2	WW2 - Arcade Development Project (HB, Demo)	2012	Charles DOTY/RasterSoft
wwfsstarb	WWF Superstars (bootleg)	1989	bootleg
wwfsstarc	WWF Superstars (Canada)	1989	Technos Japan
wwfsstar	WWF Superstars (Europe)	1989	Technos Japan
wwfsstarj	WWF Superstars (Japan)	1989	Technos Japan
wwfsstaru4	WWF Superstars (US revision 4)	1989	Technos Japan
wwfsstaru6	WWF Superstars (US revision 6)	1989	Technos Japan
wwfsstaru7	WWF Superstars (US revision 7)	1989	Technos Japan
wwfwfestj	WWF WrestleFest (Japan)	1991	Technos Japan (Tecmo license)
wwfwfestk	WWF WrestleFest (Korea)	1991	Technos Japan (Tecmo license)
wwfwfestub	WWF WrestleFest (US bootleg)	1991	bootleg
wwfwfestu1	WWF WrestleFest (US)	1991	Technos Japan
wwfwfestu	WWF WrestleFest (US, rev 2)	1991	Technos Japan
wwfwfest	WWF WrestleFest (World)	1991	Technos Japan (Tecmo license)
wwfmanac	WWF: Wrestlemania (Acid Clown Edition 2020.12.02 SP2)	1995	Midway
wwfmaniap	WWF: Wrestlemania (proto 2.01 06/07/95)	1995	Midway
wwfmaniac	WWF: Wrestlemania (rev 1.1 07/11/95)	1995	Midway
wwfmaniab	WWF: Wrestlemania (rev 1.20 08/02/95)	1995	Midway
wwfmania	WWF: Wrestlemania (rev 1.30 08/10/95)	1995	Midway
wyvernf0	Wyvern F-0 (Rev 1)	1985	Taito Corporation
wyvernf0a	Wyvern F-0	1985	Taito Corporation
wyvernwg	Wyvern Wings (set 1)	2001	SemiCom (Game Vision license)
wyvernwga	Wyvern Wings (set 2)	2001	SemiCom (Game Vision license)
xmultiplm72	X Multiply (Japan, M72 hardware)	1989	Irem
xmultipl	X Multiply (World, M81 hardware)	1989	Irem
xsedae	X Se Dae Quiz (Korea)	1995	Dream Island
xday2	X-Day 2 (Japan)	1995	Namco
xmen2pa	X-Men (2 Players ver AAA)	1992	Konami
xmen2pe	X-Men (2 Players ver EAA)	1992	Konami
xmen2pj	X-Men (2 Players ver JAA)	1992	Konami
xmen2pu	X-Men (2 Players ver UAB)	1992	Konami
xmenaa	X-Men (4 Players ver ADA)	1992	Konami
xmena	X-Men (4 Players ver AEA)	1992	Konami
xmen	X-Men (4 Players ver EBA)	1992	Konami
xmenj	X-Men (4 Players ver JBA)	1992	Konami
xmenja	X-Men (4 Players ver JEA)	1992	Konami
xmenu	X-Men (4 Players ver UBB)	1992	Konami
xmenua	X-Men (4 Players ver UEB)	1992	Konami
xmen6p	X-Men (6 Players ver ECB)	1992	Konami
xmen6pu	X-Men (6 Players ver UCB)	1992	Konami
xmvsfar3	X-Men Vs. Street Fighter (Asia 960910)	1996	Capcom
xmvsfar2	X-Men Vs. Street Fighter (Asia 960919)	1996	Capcom
xmvsfar1	X-Men Vs. Street Fighter (Asia 961004)	1996	Capcom
xmvsfa	X-Men Vs. Street Fighter (Asia 961023)	1996	Capcom
xmvsfb	X-Men Vs. Street Fighter (Brazil 961023)	1996	Capcom
xmvsfcph	X-Men Vs. Street Fighter (Coop, Hack)	2022	hack (bankbank)
xmvsfem	X-Men Vs. Street Fighter (Easy Moves, Hack)	2009	hack
xmvsfr1	X-Men Vs. Street Fighter (Europe 960910)	1996	Capcom
xmvsf	X-Men Vs. Street Fighter (Europe 961004)	1996	Capcom
xmvsfh	X-Men Vs. Street Fighter (Hispanic 961004)	1996	Capcom
xmvsfjr4	X-Men Vs. Street Fighter (Japan 960909)	1996	Capcom
xmvsfjr3	X-Men Vs. Street Fighter (Japan 960910)	1996	Capcom
xmvsfjr2	X-Men Vs. Street Fighter (Japan 961004)	1996	Capcom
xmvsfjr1	X-Men Vs. Street Fighter (Japan 961023)	1996	Capcom
xmvsfj	X-Men Vs. Street Fighter (Japan 970113)	1996	Capcom
xmvsfur2	X-Men Vs. Street Fighter (USA 960910)	1996	Capcom
xmvsfu1d	X-Men Vs. Street Fighter (USA 961004 Phoenix Edition) (bootleg)	1996	bootleg
xmvsfur1	X-Men Vs. Street Fighter (USA 961004)	1996	Capcom
xmvsfu	X-Men Vs. Street Fighter (USA 961023)	1996	Capcom
xmcotaar2	X-Men: Children of the Atom (Asia 941217)	1994	Capcom
xmcotaar1	X-Men: Children of the Atom (Asia 941219)	1994	Capcom
xmcotaa	X-Men: Children of the Atom (Asia 950105)	1994	Capcom
xmcotabh	X-Men: Children of the Atom (Boss Hack)	1994	Yumeji
xmcotab	X-Men: Children of the Atom (Brazil 950331)	1994	Capcom
xmcotar1d	X-Men: Children of the Atom (Europe 950105 Phoenix Edition) (bootleg)	1994	bootleg
xmcotar1	X-Men: Children of the Atom (Europe 950105)	1994	Capcom
xmcota	X-Men: Children of the Atom (Europe 950331)	1994	Capcom
xmcotahr1	X-Men: Children of the Atom (Hispanic 950105)	1994	Capcom
xmcotah	X-Men: Children of the Atom (Hispanic 950331)	1994	Capcom
xmcotajr	X-Men: Children of the Atom (Japan 941208 rent version)	1994	Capcom
xmcotaj3	X-Men: Children of the Atom (Japan 941217)	1994	Capcom
xmcotaj2	X-Men: Children of the Atom (Japan 941219)	1994	Capcom
xmcotaj1	X-Men: Children of the Atom (Japan 941222)	1994	Capcom
xmcotaj	X-Men: Children of the Atom (Japan 950105)	1994	Capcom
xmcotau	X-Men: Children of the Atom (USA 950105)	1994	Capcom
x2222o	X2222 (5-level prototype)	2000	Oriental Soft / Promat
x2222	X2222 (final debug?)	2000	Oriental Soft / Promat
xsleenaba	Xain'd Sleena (bootleg, bugfixed)	1987	bootleg
xsleenab	Xain'd Sleena (bootleg, set 1)	1986	bootleg
xsleenabb	Xain'd Sleena (bootleg, set 2)	1987	bootleg
xsleenaj	Xain'd Sleena (Japan)	1986	Technos Japan
xsleena	Xain'd Sleena (World)	1986	Technos Japan (Taito license)
xenocrisis	Xeno Crisis (HB)	2019	Bitmap Bureau
xenophob	Xenophobe	1987	Bally Midway
xeviousb	Xevious (Atari)	1982	Namco (Atari license)
xeviousa	Xevious (Atari, harder)	1982	Namco (Atari license)
xeviousc	Xevious (Atari, Namco PCB)	1982	Namco (Atari license)
xeviousd	Xevious (Atari, set 4)	1982	Namco (Atari license)
xevious	Xevious (Namco)	1982	Namco
xeviousng	Xevious - Neo Geo Conversion (HB, Beta1)	1982-2023	Namco - tcdev
xexexa	Xexex (ver AAA)	1991	Konami
xexex	Xexex (ver EAA)	1991	Konami
xexexj	Xexex (ver JAA)	1991	Konami
orleg2_101cn	Xiyou Shi E Zhuan 2 (V101, China)	2007	IGS (Huatong license)
orleg2_103cn	Xiyou Shi E Zhuan 2 (V103, China)	2007	IGS (Huatong license)
orleg2_104cn	Xiyou Shi E Zhuan 2 (V104, China)	2007	IGS (Huatong license)
olds103t	Xiyou Shi E Zhuan Super (ver. 103, China, Tencent) (unprotected)	1998	bootleg
oldsmx	Xiyou Shi E Zhuan Super - Meng Xun Ling Shan (Hack)	2020	Hack
oldsplusnr	Xiyou Shi E Zhuan Xin Qunmo Luanwu (Hack)	2020-2024	hack
xorwldms	Xor World (Modular System, prototype, set 1)	1990	Gaelco
xorwldmsa	Xor World (Modular System, prototype, set 2)	1990	Gaelco
xorworld	Xor World (ver 1.2, checksum DB5D0F, prototype)	1990	Gaelco
xorworlda	Xor World (ver 1.2, checksum DB5D10, prototype)	1990	Gaelco
xxmissio	XX Mission	1986	UPL
xybotsf	Xybots (French, rev 3)	1987	Atari Games
xybotsg	Xybots (German, rev 3)	1987	Atari Games
xybots0	Xybots (rev 0)	1987	Atari Games
xybots1	Xybots (rev 1)	1987	Atari Games
xybots	Xybots (rev 2)	1987	Atari Games
xyonix	Xyonix	1989	Philko
leaguemn	Yakyuu Kakutou League-Man (Japan, set 1)	1993	Irem
leaguemna	Yakyuu Kakutou League-Man (Japan, set 2)	1993	Irem
yamato	Yamato (set 1)	1983	Sega
yamatoa	Yamato (set 2)	1983	Sega
yamatou	Yamato (US)	1983	Sega
yankeedo	Yankee DO!	1982	hack
yellowcbb	Yellow Cab (bootleg)	1984	bootleg
yellowcbj	Yellow Cab (Japan)	1984	Data East Corporation
yesnoj	Yes/No Sinri Tokimeki Chart	1992	Taito Corporation
kovytzywscw	Yi Tong Zhong Yuan - Warriors	2021	hack
yieartf	Yie Ar Kung-Fu (bootleg GX361 conversion)	1985	bootleg
yiear2	Yie Ar Kung-Fu (version G)	1985	Konami
yiear	Yie Ar Kung-Fu (version I)	1985	Konami
yoyoshkn	Yo-Yo Shuriken (HB)	2023	LudoSience
youjyudn	Youjyuden (Japan)	1986	Irem
youkaidk2	Youkai Douchuuki (Japan, new version (YD2, Rev B))	1987	Namco
youkaidk1	Youkai Douchuuki (Japan, old version (YD1))	1987	Namco
youma	Youma Ninpou Chou (Japan)	1986	Nichibutsu
youma2	Youma Ninpou Chou (Japan, alt)	1986	Nichibutsu
yoyospel	YoYo Spell (prototype)	1992	Inder
yukiwo	Yukiwo (World, prototype)	1989	Taito Corporation Japan
yukon1	Yukon (version 1.0)	1989	Exidy
yukon	Yukon (version 2.0)	1989	Exidy
yuyugogo	Yuuyu no Quiz de GO!GO! (Japan)	1990	Taito Corporation
zarzon	Zarzon	1981	SNK (Taito America license)
zavigaj	Zaviga (Japan)	1984	Data East Corporation
zaviga	Zaviga	1984	Data East Corporation
zaxxonj	Zaxxon (Japan)	1982	Sega
zaxxon	Zaxxon (set 1, rev D)	1982	Sega
zaxxon2	Zaxxon (set 2, unknown rev)	1982	Sega
zaxxon3	Zaxxon (set 3, unknown rev)	1982	Sega
zedblade	Zed Blade / Operation Ragnarok	1994	NMK
zektor	Zektor (revision B)	1982	Sega
zero	Zero (bootleg of Defender, set 1)	1980	bootleg (Jeutel)
zero2	Zero (bootleg of Defender, set 2)	1980	bootleg (Amtec)
zerohouri	Zero Hour (bootleg)	1980	bootleg (Inder SA)
zerohour	Zero Hour (set 1)	1980	Universal
zerohoura	Zero Hour (set 2)	1980	Universal
zeropntj	Zero Point (Japan)	1998	Unico
zeropnt	Zero Point (set 1)	1998	Unico
zeropnta	Zero Point (set 2)	1998	Unico
zeropnt2	Zero Point 2	1999	Unico
zeroteama	Zero Team (Japan?, earlier?, set 1)	1993	Seibu Kaihatsu
zeroteame	Zero Team (Japan?, earlier?, set 2)	1993	Seibu Kaihatsu
zeroteamb	Zero Team (Japan?, later batteryless)	1993	Seibu Kaihatsu
zeroteamd	Zero Team (Korea)	1993	Seibu Kaihatsu (Dream Soft license)
zeroteamc	Zero Team (Taiwan)	1993	Seibu Kaihatsu (Liang Hwa license)
zerotm2k	Zero Team 2000	2000	Seibu Kaihatsu
zeroteams	Zero Team Selection	1993	Seibu Kaihatsu
zeroteamsr	Zero Team Suicide Revival Kit	1993	Seibu Kaihatsu
zteam1v4	Zero Team USA (1v4, Hack)	2018	hack
zteaml6	Zero Team USA (Camper, Hack)	2024	hack
zteamymp	Zero Team USA (Devil Plus, Hack)	2025	hack
zteamym	Zero Team USA (Devil, Hack)	2024	hack
zteamzs	Zero Team USA (God of War, Hack)	2021	hack
zteamys	Zero Team USA (God, Hack)	2024	hack
zteammm	Zero Team USA (Incubus, Hack)	2025	hack
zteamwxp	Zero Team USA (Infinite Cannon, Hack)	2022	hack
zteamem	Zero Team USA (Nightmare, Hack)	2018	hack
zteampls	Zero Team USA (Plus, Hack)	2022	hack
zteamdr	Zero Team USA (Providence, Hack)	2024	hack
zteamwh	Zero Team USA (Question Mark, Hack)	2022	hack
zeroteam	Zero Team USA (US)	1993	Seibu Kaihatsu (Fabtek license)
zteamdw	Zero Team USA (Warriors, Hack)	2018	hack
zerotimed	Zero Time (Datamat)	1979	bootleg (Datamat)
zerotimemc	Zero Time (Marti Colls)	1979	bootleg (Marti Colls)
zerotime	Zero Time (Petaco S.A.)	1979	bootleg? (Petaco S.A.)
zerotimea	Zero Time (Spanish bootleg, set 1)	1979	bootleg
zerotimeb	Zero Time (Spanish bootleg, set 2)	1979	bootleg
zerowing1	Zero Wing (1P set)	1989	Toaplan
zerowing	Zero Wing (2P set)	1989	Toaplan
zerowingw	Zero Wing (2P set, Williams license)	1989	Toaplan (Williams license)
zerozone	Zero Zone	1993	Comad
czeroize	Zeroize (DECO Cassette) (US)	1983	Data East Corporation
zetsuxeving	Zetsu Xevious - Neo Geo Conversion (HB)	1982-2025	Namco - zeroco
drgnwrldv10c	Zhongguo Long (China, V010C)	1995	IGS
drgw2100c	Zhongguo Long II (ver. 100C, China)	1997	IGS
drgw2101c	Zhongguo Long II (ver. 101C, China)	1997	IGS
dwpc	Zhongguo Long Pretty Chance [Dragon World Pretty Chance] (V110 03/19/02 11:13:16, China)	2001	IGS
zigzagb	Zig Zag (bootleg Dig Dug conversion on Galaxian hardware, set 1)	1982	bootleg (LAX)
zigzagb2	Zig Zag (bootleg Dig Dug conversion on Galaxian hardware, set 2)	1982	bootleg (LAX)
zingzip	Zing Zing Zip (World) / Zhen Zhen Ji Pao (China?)	1992	Allumer / Tecmo
zintrckb	Zintrick / Oshidashi Zentrix (bootleg of CD version)	1996	bootleg
zintrckbp	Zintrick / Oshidashi Zentrix (bootleg of CD version, multi-V)	1996	bootleg
zintrkcd	Zintrick / Oshidashi Zentrix (Neo CD conversion)	1996	hack
zipzap	Zip & Zap (Explicit)	1995	Barko Corp
zipzapa	Zip & Zap (Less Explicit)	1995	Barko Corp
zoar	Zoar	1982	Data East USA
zodiack	Zodiack	1983	Orca (Esco Trading Co., Inc. license)
zombraidpj	Zombie Raid (9/28/95, Japan, prototype PCB)	1995	Sammy Industries
zombraid	Zombie Raid (9/28/95, US)	1995	American Sammy
zombraidp	Zombie Raid (9/28/95, US, prototype PCB)	1995	American Sammy
zookeep	Zoo Keeper (set 1)	1982	Taito America Corporation
zookeep2	Zoo Keeper (set 2)	1982	Taito America Corporation
zookeep3	Zoo Keeper (set 3)	1982	Taito America Corporation
zoom909	Zoom 909	1982	Sega
zunkyou	Zunzunkyou no Yabou (Japan)	1994	Sega
zupapa	Zupapa!	2001	SNK
zwackery	Zwackery	1984	Bally Midway
zzyzzyxx	Zzyzzyxx (set 1)	1982	Cinematronics / Advanced Microcomputer Systems
zzyzzyxx2	Zzyzzyxx (set 2)	1982	Cinematronics / Advanced Microcomputer Systems
atarisy1	Atari System 1 BIOS	1984	Atari
bubsys	Bubble System BIOS	1985	Konami
cchip	C-Chip Internal ROM	1989	Taito Corporation Japan
decocass	DECO Cassette System Bios	1981	Data East
isgsm	ISG Selection Master Type 2006 System BIOS	2006	bootleg (ISG)
midssio	Midway SSIO Sound Board Internal pROM	1981	Midway
namcoc69	Namco C69 (M37702) (Bios)	1994	Namco
namcoc70	Namco C70 (M37702) (Bios)	1994	Namco
namcoc75	Namco C75 (M37702) (Bios)	1994	Namco
neogeo	Neo Geo	1990	SNK
nmk004	NMK004 Internal ROM	1990	N M K Corporation
pgm	PGM (Polygame Master) System BIOS	1997	IGS
skns	Super Kaneko Nova System BIOS	1996	Kaneko
ym2608	YM2608 Internal ROM	1989	Yamaha
